/*******************************************************************************
 * Size: 48 px
 * Bpp: 1
 * Opts: --bpp 1 --size 48 --no-compress --font HussarMilosc-lO6e.ttf --range 0-255 --format lvgl -o hm_bold_48.c
 ******************************************************************************/

#ifdef LV_LVGL_H_INCLUDE_SIMPLE
#include "lvgl.h"
#else
#include "lvgl/lvgl.h"
#endif

#ifndef HM_BOLD_48
#define HM_BOLD_48 1
#endif

#if HM_BOLD_48

/*-----------------
 *    BITMAPS
 *----------------*/

/*Store the image of the glyphs*/
static LV_ATTRIBUTE_LARGE_CONST const uint8_t glyph_bitmap[] = {
    /* U+0000 "\u0000" */
    0x0,

    /* U+000D "\r" */
    0x0,

    /* U+0020 " " */
    0x0,

    /* U+0021 "!" */
    0x1, 0xfc, 0x7, 0xe0, 0x1f, 0x80, 0x7e, 0x3,
    0xf8, 0xf, 0xc0, 0x3f, 0x0, 0xfc, 0x7, 0xf0,
    0x1f, 0xc0, 0x7e, 0x1, 0xf8, 0xf, 0xe0, 0x3f,
    0x80, 0xfc, 0x3, 0xf0, 0x1f, 0xc0, 0x0, 0x0,
    0x0, 0x0, 0x0, 0x0, 0x0, 0x3c, 0x3, 0xf8,
    0x1f, 0xf0, 0xff, 0xc3, 0xfe, 0x7, 0xf0, 0xf,
    0x0,

    /* U+0022 "\"" */
    0x7d, 0xf7, 0x9f, 0x79, 0xef, 0x9e, 0xf1, 0xef,
    0x1e, 0xf1, 0xe0,

    /* U+0023 "#" */
    0x0, 0x1, 0xf0, 0xf0, 0x0, 0x3, 0xc3, 0xe0,
    0x0, 0xf, 0x87, 0xc0, 0x0, 0x3e, 0x1f, 0x0,
    0xf, 0xff, 0xff, 0xe0, 0x1f, 0xff, 0xff, 0xc0,
    0x7f, 0xff, 0xff, 0x0, 0xf, 0x83, 0xe0, 0x0,
    0x3f, 0xf, 0xc0, 0x0, 0x7c, 0x1f, 0x0, 0x1,
    0xf8, 0x3e, 0x0, 0x3, 0xf0, 0xfc, 0x0, 0x7,
    0xc1, 0xf8, 0x3, 0xff, 0xff, 0xff, 0x7, 0xff,
    0xff, 0xfe, 0x1f, 0xff, 0xff, 0xfc, 0x3f, 0xff,
    0xff, 0xf8, 0xff, 0xff, 0xff, 0xf0, 0xf, 0xc1,
    0xf8, 0x0, 0x3f, 0x3, 0xf0, 0x0, 0x7e, 0xf,
    0xe0, 0x1, 0xf8, 0x1f, 0x80, 0x7, 0xf0, 0x3f,
    0x0, 0xf, 0xe0, 0xfe, 0x0, 0x3f, 0x81, 0xf8,
    0x0, 0x7f, 0x7, 0xf0, 0x1, 0xfc, 0xf, 0xe0,
    0x3, 0xf8, 0x1f, 0xc0, 0xf, 0xe0, 0x7f, 0x0,
    0x0,

    /* U+0024 "$" */
    0x0, 0x0, 0x3c, 0x0, 0x0, 0x0, 0x1e, 0x0,
    0x0, 0x0, 0xff, 0xf8, 0x0, 0x1, 0xff, 0xff,
    0x0, 0x1, 0xff, 0xff, 0x0, 0x1, 0xff, 0xff,
    0x80, 0x1, 0xfc, 0x1, 0x80, 0x0, 0xfe, 0x0,
    0x0, 0x0, 0xff, 0x0, 0x0, 0x0, 0x7f, 0xe0,
    0x0, 0x0, 0x1f, 0xfe, 0x0, 0x0, 0xf, 0xff,
    0xe0, 0x0, 0x3, 0xff, 0xfe, 0x0, 0x0, 0xff,
    0xff, 0x80, 0x0, 0x1f, 0xff, 0xf0, 0x0, 0x3,
    0xff, 0xfc, 0x0, 0x0, 0x7f, 0xfe, 0x0, 0x0,
    0x7, 0xff, 0x80, 0x0, 0x1, 0xff, 0xc0, 0x0,
    0x0, 0x7f, 0xe0, 0x20, 0x0, 0x3f, 0xf0, 0x3c,
    0x0, 0x1f, 0xf8, 0x3f, 0x80, 0x1f, 0xfc, 0x3f,
    0xf0, 0x1f, 0xfe, 0x3f, 0xff, 0xff, 0xfe, 0x3f,
    0xff, 0xff, 0xfe, 0x3f, 0xff, 0xff, 0xff, 0xf,
    0xff, 0xff, 0xff, 0x1, 0xff, 0xff, 0xfe, 0x0,
    0x3f, 0xff, 0xfc, 0x0, 0x1, 0xff, 0xf0, 0x0,
    0x0, 0x7, 0xf0, 0x0, 0x0, 0x3, 0xf8, 0x0,
    0x0, 0x1, 0xfc, 0x0, 0x0, 0x0, 0xfe, 0x0,
    0x0, 0x0, 0xf, 0x0, 0x0, 0x0, 0x0, 0x80,
    0x0,

    /* U+0025 "%" */
    0x3, 0xfc, 0x0, 0x7c, 0x0, 0x0, 0xff, 0xf0,
    0x7, 0x80, 0x0, 0x3e, 0x1f, 0x80, 0xf0, 0x0,
    0x7, 0xc0, 0xfc, 0x1e, 0x0, 0x0, 0x78, 0xf,
    0xc3, 0xe0, 0x0, 0x7, 0x80, 0xfc, 0x7c, 0x0,
    0x0, 0x7c, 0x1f, 0x8f, 0x80, 0x0, 0x7, 0xff,
    0xf9, 0xf0, 0x0, 0x0, 0x3f, 0xfe, 0x1f, 0x0,
    0x0, 0x0, 0xff, 0x83, 0xe0, 0x0, 0x0, 0x0,
    0x0, 0x7c, 0x0, 0x0, 0x0, 0x0, 0xf, 0x80,
    0x0, 0x0, 0x0, 0x1, 0xf8, 0x3f, 0xc0, 0x0,
    0x0, 0x3f, 0xf, 0xff, 0x80, 0x0, 0x3, 0xe1,
    0xff, 0xfe, 0x0, 0x0, 0x7c, 0x3f, 0xff, 0xf0,
    0x0, 0xf, 0xc7, 0xf0, 0x7f, 0x80, 0x1, 0xf8,
    0x7e, 0x3, 0xfc, 0x0, 0x3f, 0x7, 0xc0, 0x1f,
    0xc0, 0x7, 0xe0, 0xfc, 0x1, 0xfc, 0x0, 0x7e,
    0x7, 0xc0, 0x1f, 0xe0, 0xf, 0xc0, 0x7e, 0x1,
    0xfe, 0x1, 0xf8, 0x7, 0xf0, 0x1f, 0xe0, 0x3f,
    0x0, 0x3f, 0x83, 0xfe, 0x7, 0xf0, 0x3, 0xff,
    0xff, 0xc0, 0xfe, 0x0, 0x1f, 0xff, 0xfc, 0xf,
    0xc0, 0x0, 0x7f, 0xff, 0x81, 0xf8, 0x0, 0x3,
    0xff, 0xf0, 0x0, 0x0, 0x0, 0x7, 0xf8, 0x0,

    /* U+0026 "&" */
    0x0, 0x1, 0xff, 0x0, 0x0, 0x0, 0x0, 0x1f,
    0xff, 0x80, 0x0, 0x0, 0x1, 0xff, 0xff, 0x0,
    0x0, 0x0, 0xf, 0xf0, 0xfe, 0x0, 0x0, 0x0,
    0x3f, 0x81, 0xf8, 0x0, 0x0, 0x1, 0xfe, 0x7,
    0xf0, 0x0, 0x0, 0x7, 0xfc, 0x3f, 0x80, 0x0,
    0x0, 0xf, 0xfb, 0xfe, 0x0, 0x0, 0x0, 0x3f,
    0xff, 0xf0, 0x0, 0x0, 0x0, 0x7f, 0xff, 0x80,
    0x0, 0x0, 0x0, 0xff, 0xf8, 0x0, 0x0, 0x0,
    0x1f, 0xff, 0xc0, 0x0, 0x0, 0x1, 0xff, 0xff,
    0x80, 0x0, 0x0, 0x1f, 0xff, 0xff, 0x0, 0x78,
    0x0, 0xff, 0xcf, 0xff, 0x1f, 0xc0, 0x7, 0xfe,
    0xf, 0xff, 0xff, 0x0, 0x3f, 0xf0, 0x1f, 0xff,
    0xf8, 0x1, 0xff, 0x80, 0x3f, 0xff, 0xe0, 0x7,
    0xfe, 0x0, 0x7f, 0xff, 0x0, 0x3f, 0xf8, 0x1,
    0xff, 0xf8, 0x0, 0xff, 0xf8, 0x3f, 0xff, 0xe0,
    0x3, 0xff, 0xff, 0xff, 0xff, 0xe0, 0xf, 0xff,
    0xff, 0xff, 0xff, 0xc0, 0x3f, 0xff, 0xff, 0xff,
    0xff, 0x80, 0x7f, 0xff, 0xff, 0xff, 0xff, 0x81,
    0xff, 0xff, 0xff, 0x9f, 0xff, 0x3, 0xff, 0xff,
    0xf8, 0x3f, 0xfe, 0x7, 0xff, 0xff, 0xc0, 0x7f,
    0xfc, 0x7, 0xff, 0xfc, 0x0, 0xff, 0xfc, 0x1,
    0xff, 0x80, 0x0, 0x0, 0x0,

    /* U+0027 "'" */
    0x7b, 0xff, 0xef, 0x7b, 0x80,

    /* U+0028 "(" */
    0x0, 0x4, 0x0, 0x7, 0xc0, 0x7, 0xc0, 0x7,
    0xc0, 0x7, 0xc0, 0x7, 0xe0, 0x7, 0xe0, 0x7,
    0xe0, 0x7, 0xf0, 0x3, 0xf0, 0x3, 0xf8, 0x1,
    0xfc, 0x1, 0xfc, 0x0, 0xfe, 0x0, 0xff, 0x0,
    0x7f, 0x0, 0x7f, 0x80, 0x3f, 0xc0, 0x1f, 0xe0,
    0xf, 0xf0, 0xf, 0xf8, 0x7, 0xfc, 0x3, 0xfc,
    0x1, 0xfe, 0x0, 0xff, 0x0, 0x7f, 0x80, 0x3f,
    0xc0, 0x1f, 0xe0, 0xf, 0xf0, 0x7, 0xfc, 0x3,
    0xfe, 0x1, 0xff, 0x0, 0xff, 0x80, 0x7f, 0xc0,
    0x1f, 0xe0, 0xf, 0xf8, 0x7, 0xfc, 0x3, 0xfe,
    0x1, 0xff, 0x0, 0xff, 0xc0, 0x3f, 0xe0, 0x1f,
    0xf0, 0xf, 0xfc, 0x3, 0xfe, 0x1, 0xfc, 0x0,
    0xf8, 0x0, 0x30, 0x0,

    /* U+0029 ")" */
    0x0, 0x0, 0x0, 0x0, 0x1f, 0x0, 0x0, 0x7e,
    0x0, 0x0, 0xf8, 0x0, 0x3, 0xf0, 0x0, 0xf,
    0xc0, 0x0, 0x1f, 0x80, 0x0, 0x7e, 0x0, 0x1,
    0xf8, 0x0, 0x7, 0xf0, 0x0, 0x1f, 0xc0, 0x0,
    0x7f, 0x0, 0x1, 0xfc, 0x0, 0x7, 0xf0, 0x0,
    0x1f, 0xc0, 0x0, 0x7f, 0x0, 0x3, 0xfc, 0x0,
    0xf, 0xf0, 0x0, 0x3f, 0xc0, 0x0, 0xfe, 0x0,
    0x7, 0xf8, 0x0, 0x1f, 0xe0, 0x0, 0x7f, 0x80,
    0x3, 0xfe, 0x0, 0xf, 0xf0, 0x0, 0x7f, 0xc0,
    0x1, 0xfe, 0x0, 0x7, 0xf8, 0x0, 0x3f, 0xe0,
    0x0, 0xff, 0x0, 0x7, 0xfc, 0x0, 0x1f, 0xe0,
    0x0, 0xff, 0x80, 0x7, 0xfc, 0x0, 0x1f, 0xf0,
    0x0, 0xff, 0x80, 0x7, 0xfe, 0x0, 0x1f, 0xf0,
    0x0, 0xff, 0x80, 0x7, 0xfe, 0x0, 0x1f, 0xf0,
    0x0, 0xff, 0x80, 0x7, 0xfe, 0x0, 0x3f, 0xf0,
    0x0, 0x3f, 0x80, 0x0, 0x3c, 0x0, 0x0, 0x20,
    0x0, 0x0,

    /* U+002A "*" */
    0x3, 0x80, 0xe, 0x7, 0xbb, 0xff, 0xff, 0x1f,
    0xe0, 0x7f, 0x3, 0xde, 0x1e, 0x3c, 0x10, 0x40,

    /* U+002B "+" */
    0x0, 0x3f, 0x0, 0x0, 0xfe, 0x0, 0x1, 0xf8,
    0x0, 0x3, 0xf0, 0x0, 0x7, 0xe0, 0xf, 0xff,
    0xff, 0xdf, 0xff, 0xff, 0xff, 0xff, 0xff, 0xff,
    0xff, 0xff, 0xff, 0xff, 0xfc, 0x3, 0xf8, 0x0,
    0x7, 0xf0, 0x0, 0x1f, 0xe0, 0x0, 0x3f, 0xc0,
    0x0, 0x7f, 0x80, 0x0, 0xff, 0x0, 0x1, 0xfc,
    0x0,

    /* U+002C "," */
    0x7, 0xc0, 0xfe, 0x1f, 0xe3, 0xfe, 0x3f, 0xe3,
    0xfe, 0x3f, 0xe1, 0xfc, 0xf, 0x80, 0xf8, 0x1f,
    0x3, 0xe0, 0x7c, 0xf, 0x80, 0xf0, 0x4, 0x0,

    /* U+002D "-" */
    0x3f, 0xff, 0x9f, 0xff, 0xdf, 0xff, 0xef, 0xff,
    0xe7, 0xff, 0xf3, 0xff, 0xf8,

    /* U+002E "." */
    0x1f, 0xf, 0xe7, 0xfb, 0xfe, 0xff, 0x9f, 0xc3,
    0xc0,

    /* U+002F "/" */
    0x0, 0x0, 0x0, 0x1f, 0x0, 0x0, 0x0, 0x3e,
    0x0, 0x0, 0x0, 0x7e, 0x0, 0x0, 0x0, 0xfc,
    0x0, 0x0, 0x0, 0xfc, 0x0, 0x0, 0x1, 0xf8,
    0x0, 0x0, 0x3, 0xf0, 0x0, 0x0, 0x7, 0xf0,
    0x0, 0x0, 0x7, 0xe0, 0x0, 0x0, 0xf, 0xc0,
    0x0, 0x0, 0x1f, 0xc0, 0x0, 0x0, 0x1f, 0x80,
    0x0, 0x0, 0x3f, 0x80, 0x0, 0x0, 0x7f, 0x0,
    0x0, 0x0, 0xfe, 0x0, 0x0, 0x0, 0xfe, 0x0,
    0x0, 0x1, 0xfc, 0x0, 0x0, 0x3, 0xf8, 0x0,
    0x0, 0x7, 0xf8, 0x0, 0x0, 0x7, 0xf0, 0x0,
    0x0, 0xf, 0xf0, 0x0, 0x0, 0x1f, 0xe0, 0x0,
    0x0, 0x3f, 0xc0, 0x0, 0x0, 0x3f, 0xc0, 0x0,
    0x0, 0x7f, 0x80, 0x0, 0x0, 0xff, 0x0, 0x0,
    0x0, 0xff, 0x0, 0x0, 0x1, 0xfe, 0x0, 0x0,
    0x3, 0xfe, 0x0, 0x0, 0x7, 0xfc, 0x0, 0x0,
    0x7, 0xf8, 0x0, 0x0, 0xf, 0xf8, 0x0, 0x0,
    0x1f, 0xf0, 0x0, 0x0, 0x3f, 0xe0, 0x0, 0x0,
    0x3f, 0xe0, 0x0, 0x0, 0x7f, 0xc0, 0x0, 0x0,
    0xff, 0xc0, 0x0, 0x0,

    /* U+0030 "0" */
    0x0, 0x7, 0xfc, 0x0, 0x0, 0x1f, 0xff, 0x0,
    0x0, 0x7f, 0xff, 0xc0, 0x1, 0xff, 0xff, 0xf0,
    0x3, 0xfe, 0xf, 0xf8, 0x7, 0xf8, 0x7, 0xf8,
    0xf, 0xf0, 0x3, 0xfc, 0xf, 0xf0, 0x3, 0xfc,
    0x1f, 0xe0, 0x1, 0xfe, 0x1f, 0xe0, 0x1, 0xfe,
    0x3f, 0xe0, 0x1, 0xfe, 0x3f, 0xc0, 0x1, 0xff,
    0x3f, 0xc0, 0x1, 0xff, 0x3f, 0xc0, 0x1, 0xff,
    0x7f, 0xc0, 0x1, 0xff, 0x7f, 0xc0, 0x1, 0xff,
    0x7f, 0xc0, 0x3, 0xff, 0x7f, 0xc0, 0x3, 0xff,
    0x7f, 0xe0, 0x3, 0xff, 0x7f, 0xe0, 0x7, 0xfe,
    0x3f, 0xf0, 0xf, 0xfe, 0x3f, 0xfc, 0x1f, 0xfc,
    0x3f, 0xff, 0xff, 0xfc, 0x1f, 0xff, 0xff, 0xf8,
    0xf, 0xff, 0xff, 0xf0, 0x7, 0xff, 0xff, 0xe0,
    0x3, 0xff, 0xff, 0xc0, 0x0, 0xff, 0xff, 0x0,
    0x0, 0x1f, 0xf0, 0x0,

    /* U+0031 "1" */
    0x0, 0x3e, 0x3, 0xf8, 0x1f, 0xf1, 0xff, 0xe7,
    0xff, 0xcf, 0xff, 0x9e, 0xff, 0x71, 0xfe, 0x3,
    0xfc, 0x7, 0xf8, 0x1f, 0xf0, 0x3f, 0xc0, 0x7f,
    0x80, 0xff, 0x3, 0xfe, 0x7, 0xfc, 0xf, 0xf8,
    0x1f, 0xf0, 0x7f, 0xe0, 0xff, 0xc1, 0xff, 0x83,
    0xfe, 0x7, 0xfc, 0x1f, 0xf8, 0x3f, 0xf0, 0x7f,
    0xe0, 0xff, 0xc3, 0xff, 0x80,

    /* U+0032 "2" */
    0x0, 0x0, 0xff, 0x80, 0x0, 0x0, 0x7f, 0xff,
    0x0, 0x0, 0x1f, 0xff, 0xfc, 0x0, 0x7, 0xf8,
    0x3f, 0xe0, 0x0, 0xff, 0x1, 0xfe, 0x0, 0xf,
    0xe0, 0xf, 0xf0, 0x0, 0x3c, 0x0, 0xff, 0x0,
    0x0, 0x0, 0xf, 0xf0, 0x0, 0x0, 0x1, 0xff,
    0x0, 0x0, 0x0, 0x3f, 0xf0, 0x0, 0x0, 0x7,
    0xff, 0x0, 0x0, 0x0, 0xff, 0xe0, 0x0, 0x0,
    0x1f, 0xfc, 0x0, 0x0, 0x3, 0xff, 0x80, 0x0,
    0x0, 0x7f, 0xf0, 0x0, 0x0, 0x1f, 0xfe, 0x0,
    0x0, 0x3, 0xff, 0xc0, 0x0, 0x0, 0x7f, 0xf8,
    0x0, 0x0, 0x1f, 0xfe, 0x0, 0x0, 0x3, 0xff,
    0xc0, 0x0, 0x0, 0xff, 0xf0, 0x0, 0x0, 0x1f,
    0xff, 0xff, 0xfe, 0x7, 0xff, 0xff, 0xff, 0xe0,
    0xff, 0xff, 0xff, 0xfe, 0x3f, 0xff, 0xff, 0xff,
    0xe7, 0xff, 0xff, 0xff, 0xff, 0xff, 0xff, 0xff,
    0xff, 0xff, 0xff, 0xff, 0xff, 0xff,

    /* U+0033 "3" */
    0x0, 0x7, 0xfc, 0x0, 0x0, 0x7f, 0xff, 0x0,
    0x3, 0xff, 0xff, 0x80, 0xf, 0xf0, 0xff, 0x0,
    0x7, 0x80, 0x7f, 0x0, 0x0, 0x0, 0xfe, 0x0,
    0x0, 0x3, 0xfc, 0x0, 0x0, 0xf, 0xf8, 0x0,
    0x1, 0xff, 0xe0, 0x0, 0x3, 0xff, 0x0, 0x0,
    0x7, 0xff, 0x80, 0x0, 0xf, 0xff, 0x80, 0x0,
    0x1, 0xff, 0x80, 0x0, 0x1, 0xff, 0x80, 0x0,
    0x1, 0xff, 0x0, 0x0, 0x3, 0xfe, 0x0, 0x80,
    0x7, 0xfe, 0x7, 0x0, 0xf, 0xfc, 0x3f, 0x0,
    0x1f, 0xf3, 0xfe, 0x0, 0x3f, 0xef, 0xfe, 0x0,
    0xff, 0xdf, 0xfe, 0x7, 0xff, 0x9f, 0xff, 0xff,
    0xfe, 0x3f, 0xff, 0xff, 0xf8, 0x3f, 0xff, 0xff,
    0xe0, 0x3f, 0xff, 0xff, 0x80, 0x3f, 0xff, 0xfe,
    0x0, 0x1f, 0xff, 0xf0, 0x0, 0x7, 0xfe, 0x0,
    0x0,

    /* U+0034 "4" */
    0x0, 0x0, 0x7f, 0xe0, 0x0, 0x0, 0x3f, 0xf8,
    0x0, 0x0, 0x1f, 0xfe, 0x0, 0x0, 0xf, 0xff,
    0x80, 0x0, 0x7, 0xff, 0xe0, 0x0, 0x1, 0xff,
    0xf8, 0x0, 0x0, 0xfc, 0xfe, 0x0, 0x0, 0x7f,
    0x3f, 0x80, 0x0, 0x3f, 0x8f, 0xe0, 0x0, 0x1f,
    0xc3, 0xf8, 0x0, 0xf, 0xf0, 0xff, 0x0, 0x7,
    0xf8, 0x3f, 0xc0, 0x3, 0xfc, 0xf, 0xf0, 0x1,
    0xff, 0x3, 0xfc, 0x0, 0xff, 0xff, 0xff, 0xf0,
    0x7f, 0xff, 0xff, 0xfe, 0x3f, 0xff, 0xff, 0xff,
    0x9f, 0xff, 0xff, 0xff, 0xef, 0xff, 0xff, 0xff,
    0xfb, 0xff, 0xff, 0xff, 0xfe, 0x0, 0x0, 0xf,
    0xf8, 0x0, 0x0, 0x3, 0xfe, 0x0, 0x0, 0x0,
    0xff, 0x80, 0x0, 0x0, 0x3f, 0xe0, 0x0, 0x0,
    0xf, 0xf8, 0x0, 0x0, 0x3, 0xfe, 0x0, 0x0,
    0x0, 0xff, 0x80, 0x0, 0x0, 0x3f, 0xe0, 0x0,
    0x0, 0xf, 0xfc, 0x0,

    /* U+0035 "5" */
    0x0, 0x1f, 0xff, 0xe0, 0x0, 0x7f, 0xff, 0x80,
    0x3, 0xff, 0xfe, 0x0, 0xf, 0xff, 0xf8, 0x0,
    0x7f, 0x80, 0x0, 0x1, 0xfc, 0x0, 0x0, 0xf,
    0xf0, 0x0, 0x0, 0x3f, 0xfe, 0x0, 0x1, 0xff,
    0xff, 0x0, 0x7, 0xff, 0xff, 0x0, 0x3f, 0xff,
    0xfe, 0x0, 0xff, 0xff, 0xfc, 0x0, 0x0, 0x3f,
    0xf8, 0x0, 0x0, 0x7f, 0xe0, 0x0, 0x0, 0xff,
    0xc0, 0x0, 0x1, 0xff, 0x0, 0x0, 0x7, 0xfc,
    0x0, 0x0, 0x1f, 0xf0, 0x30, 0x0, 0x7f, 0xc3,
    0xe0, 0x3, 0xff, 0x7f, 0xc0, 0x1f, 0xff, 0xff,
    0x80, 0xff, 0xef, 0xff, 0xff, 0xff, 0x9f, 0xff,
    0xff, 0xfc, 0x3f, 0xff, 0xff, 0xe0, 0xff, 0xff,
    0xff, 0x0, 0xff, 0xff, 0xf0, 0x1, 0xff, 0xff,
    0x0, 0x0, 0x7f, 0xe0, 0x0,

    /* U+0036 "6" */
    0x0, 0x0, 0x3f, 0xe0, 0x0, 0x0, 0x7f, 0x80,
    0x0, 0x1, 0xff, 0x0, 0x0, 0x3, 0xfe, 0x0,
    0x0, 0xf, 0xf8, 0x0, 0x0, 0x1f, 0xf0, 0x0,
    0x0, 0x7f, 0xe0, 0x0, 0x0, 0xff, 0xff, 0x0,
    0x1, 0xff, 0xff, 0xc0, 0x3, 0xff, 0xff, 0xf0,
    0x7, 0xff, 0xff, 0xf8, 0xf, 0xff, 0xff, 0xfc,
    0x1f, 0xfe, 0xf, 0xfe, 0x1f, 0xf8, 0x3, 0xfe,
    0x3f, 0xf0, 0x3, 0xff, 0x3f, 0xe0, 0x1, 0xff,
    0x3f, 0xe0, 0x1, 0xff, 0x7f, 0xe0, 0x1, 0xff,
    0x7f, 0xe0, 0x1, 0xff, 0x7f, 0xe0, 0x3, 0xff,
    0x7f, 0xf0, 0x7, 0xff, 0x3f, 0xfc, 0x1f, 0xfe,
    0x3f, 0xff, 0xff, 0xfe, 0x1f, 0xff, 0xff, 0xfc,
    0x1f, 0xff, 0xff, 0xf8, 0x7, 0xff, 0xff, 0xf0,
    0x3, 0xff, 0xff, 0xe0, 0x0, 0xff, 0xff, 0x0,
    0x0, 0x1f, 0xf8, 0x0,

    /* U+0037 "7" */
    0x0, 0x3f, 0xff, 0xff, 0x80, 0x3f, 0xff, 0xff,
    0x80, 0x1f, 0xff, 0xff, 0x80, 0xf, 0xff, 0xff,
    0x80, 0x0, 0x0, 0x3f, 0xc0, 0x0, 0x0, 0x7f,
    0xc0, 0x0, 0x0, 0x7f, 0xc0, 0x0, 0x0, 0x7f,
    0xc0, 0x0, 0x0, 0x7f, 0xc0, 0x0, 0x0, 0x7f,
    0xc0, 0x0, 0x0, 0x7f, 0xc0, 0x0, 0x0, 0x7f,
    0xc0, 0x0, 0x0, 0x7f, 0xe0, 0x0, 0x0, 0x7f,
    0xe0, 0x0, 0x0, 0x7f, 0xe0, 0x0, 0x0, 0x7f,
    0xe0, 0x0, 0x0, 0x7f, 0xf0, 0x0, 0x0, 0x7f,
    0xf0, 0x0, 0x0, 0x3f, 0xf0, 0x0, 0x0, 0x3f,
    0xf8, 0x0, 0x0, 0x3f, 0xf8, 0x0, 0x0, 0x3f,
    0xf8, 0x0, 0x0, 0x1f, 0xfc, 0x0, 0x0, 0x1f,
    0xfc, 0x0, 0x0, 0x1f, 0xfe, 0x0, 0x0, 0x1f,
    0xfe, 0x0, 0x0, 0x1f, 0xfe, 0x0, 0x0, 0xf,
    0xff, 0x0, 0x0, 0xf, 0xff, 0x0, 0x0, 0x0,

    /* U+0038 "8" */
    0x0, 0x1, 0xfe, 0x0, 0x0, 0x1f, 0xff, 0xc0,
    0x0, 0x3f, 0xff, 0xf0, 0x0, 0xff, 0x7, 0xf0,
    0x0, 0xfe, 0x3, 0xf8, 0x0, 0xfe, 0x3, 0xf8,
    0x0, 0xfe, 0x3, 0xf8, 0x0, 0xff, 0xf, 0xf0,
    0x0, 0xff, 0xff, 0xe0, 0x0, 0x3f, 0xff, 0xc0,
    0x0, 0x7f, 0xff, 0xc0, 0x1, 0xff, 0xff, 0xf0,
    0x3, 0xff, 0xff, 0xf8, 0x7, 0xfe, 0xf, 0xfc,
    0xf, 0xf8, 0x7, 0xfe, 0x1f, 0xf8, 0x3, 0xfe,
    0x1f, 0xf0, 0x3, 0xff, 0x3f, 0xf0, 0x3, 0xff,
    0x3f, 0xf0, 0x3, 0xff, 0x3f, 0xf0, 0x7, 0xff,
    0x3f, 0xf8, 0x7, 0xff, 0x3f, 0xfc, 0x1f, 0xfe,
    0x3f, 0xff, 0xff, 0xfe, 0x1f, 0xff, 0xff, 0xfc,
    0x1f, 0xff, 0xff, 0xf8, 0xf, 0xff, 0xff, 0xf0,
    0x3, 0xff, 0xff, 0xc0, 0x0, 0xff, 0xff, 0x0,
    0x0, 0x1f, 0xf8, 0x0,

    /* U+0039 "9" */
    0x0, 0xf, 0xf8, 0x0, 0x3, 0xff, 0xf8, 0x0,
    0x7f, 0xff, 0xf0, 0xf, 0xf8, 0x3f, 0xc0, 0xff,
    0x0, 0xff, 0x7, 0xf0, 0x3, 0xfc, 0x7f, 0x80,
    0x1f, 0xe3, 0xfc, 0x0, 0xff, 0x1f, 0xe0, 0x7,
    0xf8, 0xff, 0x80, 0x7f, 0xc7, 0xfe, 0xf, 0xfe,
    0x3f, 0xff, 0xff, 0xe0, 0xff, 0xff, 0xff, 0x3,
    0xff, 0xff, 0xf0, 0xf, 0xff, 0xff, 0x0, 0xf,
    0xff, 0xf8, 0x0, 0x3, 0xff, 0x80, 0x0, 0x3f,
    0xf8, 0x0, 0x3, 0xff, 0x80, 0x0, 0x3f, 0xf8,
    0x0, 0x7, 0xff, 0x80, 0x0, 0x7f, 0xf8, 0x0,
    0x7, 0xff, 0x80, 0x0, 0x7f, 0xf8, 0x0, 0x7,
    0xff, 0x80, 0x0, 0xff, 0xf8, 0x0, 0xf, 0xff,
    0x80, 0x0, 0xff, 0xf8, 0x0, 0x0,

    /* U+003A ":" */
    0x3, 0xc0, 0x7e, 0xf, 0xf0, 0xfe, 0xf, 0xe0,
    0x78, 0x0, 0x0, 0x0, 0x0, 0x0, 0x0, 0x0,
    0x0, 0x0, 0x1f, 0x3, 0xf8, 0x7f, 0x8f, 0xf8,
    0xff, 0x87, 0xf0, 0x3c, 0x0,

    /* U+003B ";" */
    0x0, 0xf0, 0x7, 0xe0, 0x3f, 0x80, 0xfe, 0x3,
    0xf0, 0x7, 0x80, 0x0, 0x0, 0x0, 0x0, 0x0,
    0x0, 0x0, 0x0, 0x0, 0x0, 0x7, 0xc0, 0x7f,
    0x81, 0xfe, 0xf, 0xf8, 0x3f, 0xe0, 0xff, 0x81,
    0xfc, 0x1, 0xf0, 0xf, 0x80, 0x7c, 0x1, 0xe0,
    0xf, 0x0, 0x78, 0x3, 0xc0, 0xe, 0x0, 0x10,
    0x0,

    /* U+003C "<" */
    0x0, 0x0, 0x0, 0x0, 0x0, 0x3, 0xc0, 0x0,
    0xf, 0xf0, 0x0, 0x1f, 0xfc, 0x0, 0x7f, 0xfe,
    0x1, 0xff, 0xfc, 0x3, 0xff, 0xf0, 0x1, 0xff,
    0xe0, 0x0, 0x7f, 0x80, 0x0, 0x3f, 0xfc, 0x0,
    0xf, 0xff, 0xf0, 0x0, 0x7f, 0xff, 0x80, 0x3,
    0xff, 0xfc, 0x0, 0x1f, 0xff, 0xe0, 0x0, 0xff,
    0xf8, 0x0, 0x7, 0xfe, 0x0, 0x0, 0x7f, 0x80,
    0x0, 0x3, 0xe0, 0x0, 0x0, 0x18,

    /* U+003D "=" */
    0x1f, 0xff, 0xff, 0xf, 0xff, 0xff, 0x87, 0xff,
    0xff, 0xc3, 0xff, 0xff, 0xe3, 0xff, 0xff, 0xf0,
    0x0, 0x0, 0x0, 0x0, 0x0, 0x0, 0x0, 0x0,
    0x0, 0x7f, 0xff, 0xff, 0xbf, 0xff, 0xff, 0xff,
    0xff, 0xff, 0xff, 0xff, 0xff, 0xff, 0xff, 0xff,
    0xf8,

    /* U+003E ">" */
    0x0, 0x0, 0x0, 0x0, 0x3c, 0x0, 0x0, 0x7,
    0xf8, 0x0, 0x0, 0x7f, 0xf8, 0x0, 0x3, 0xff,
    0xf0, 0x0, 0x7, 0xff, 0xf0, 0x0, 0xf, 0xff,
    0xe0, 0x0, 0xf, 0xfe, 0x0, 0x0, 0x1f, 0xe0,
    0x0, 0xf, 0xff, 0x0, 0xf, 0xff, 0xf0, 0x7,
    0xff, 0xf0, 0x7, 0xff, 0xf8, 0x3, 0xff, 0xfc,
    0x0, 0x3f, 0xfe, 0x0, 0x7, 0xff, 0x0, 0x0,
    0x7f, 0x80, 0x0, 0x7, 0xc0, 0x0, 0x0, 0xe0,
    0x0, 0x0, 0x0,

    /* U+003F "?" */
    0x1, 0xfe, 0x0, 0x3f, 0xff, 0x1, 0xff, 0xff,
    0x1f, 0xff, 0xfe, 0xff, 0x7, 0xf8, 0xf8, 0xf,
    0xf0, 0x40, 0x3f, 0xc0, 0x0, 0xff, 0x0, 0xf,
    0xf8, 0x1, 0xff, 0xe0, 0x1f, 0xfe, 0x0, 0xff,
    0xe0, 0x3, 0xfe, 0x0, 0xf, 0xe0, 0x0, 0x3f,
    0x80, 0x0, 0xfe, 0x0, 0x7, 0xf8, 0x0, 0x1f,
    0xe0, 0x0, 0x0, 0x0, 0x0, 0x0, 0x0, 0x1,
    0xe0, 0x0, 0x1f, 0xc0, 0x0, 0xff, 0x80, 0x3,
    0xfe, 0x0, 0xf, 0xf8, 0x0, 0x1f, 0xc0, 0x0,
    0x3c, 0x0, 0x0,

    /* U+0040 "@" */
    0x0, 0x0, 0x7f, 0xe0, 0x0, 0x0, 0x3, 0xff,
    0xff, 0x0, 0x0, 0x7, 0xff, 0xff, 0xe0, 0x0,
    0xf, 0xf8, 0x7, 0xfc, 0x0, 0x1f, 0xe0, 0x0,
    0x7f, 0x0, 0x1f, 0xc0, 0x0, 0xf, 0xc0, 0x1f,
    0xc1, 0xf9, 0xf1, 0xf0, 0x1f, 0xc7, 0xff, 0xf8,
    0x7c, 0x1f, 0xc7, 0xff, 0xfc, 0x3e, 0xf, 0xc7,
    0xf8, 0x7e, 0xf, 0x8f, 0xe3, 0xf0, 0x1f, 0x7,
    0xc7, 0xe3, 0xf8, 0xf, 0x83, 0xe3, 0xf1, 0xfc,
    0x7, 0xc1, 0xf1, 0xf8, 0xff, 0x7, 0xf0, 0xf9,
    0xfc, 0x7f, 0xff, 0xff, 0xfc, 0xff, 0x1f, 0xff,
    0xff, 0xfe, 0x7f, 0x87, 0xff, 0xff, 0xfe, 0x3f,
    0xc1, 0xff, 0xcf, 0xfe, 0xf, 0xf0, 0x3f, 0x81,
    0xfc, 0x7, 0xfc, 0x0, 0x0, 0x0, 0x3, 0xff,
    0x0, 0x0, 0x38, 0x0, 0xff, 0xe0, 0x0, 0x7e,
    0x0, 0x3f, 0xfe, 0x0, 0xff, 0xc0, 0x1f, 0xff,
    0xff, 0xff, 0xf0, 0x7, 0xff, 0xff, 0xff, 0xf8,
    0x0, 0xff, 0xff, 0xff, 0xf8, 0x0, 0x3f, 0xff,
    0xff, 0xf0, 0x0, 0x7, 0xff, 0xff, 0xf0, 0x0,
    0x0, 0xff, 0xff, 0xe0, 0x0, 0x0, 0x7, 0xff,
    0x0, 0x0,

    /* U+0041 "A" */
    0x0, 0x0, 0x3, 0xf8, 0x0, 0x0, 0x0, 0x0,
    0x3, 0xfc, 0x0, 0x0, 0x0, 0x0, 0x7, 0xfe,
    0x0, 0x0, 0x0, 0x0, 0xf, 0xfe, 0x0, 0x0,
    0x0, 0x0, 0x1f, 0xff, 0x0, 0x0, 0x0, 0x0,
    0x1f, 0xff, 0x80, 0x0, 0x0, 0x0, 0x3f, 0xbf,
    0x80, 0x0, 0x0, 0x0, 0x7f, 0xbf, 0xc0, 0x0,
    0x0, 0x0, 0xff, 0x1f, 0xe0, 0x0, 0x0, 0x1,
    0xff, 0x1f, 0xe0, 0x0, 0x0, 0x1, 0xfe, 0xf,
    0xf0, 0x0, 0x0, 0x3, 0xfc, 0xf, 0xf8, 0x0,
    0x0, 0x7, 0xfc, 0x7, 0xf8, 0x0, 0x0, 0xf,
    0xf8, 0x7, 0xfc, 0x0, 0x0, 0x1f, 0xff, 0xff,
    0xfe, 0x0, 0x0, 0x1f, 0xff, 0xff, 0xfe, 0x0,
    0x0, 0x3f, 0xff, 0xff, 0xff, 0x0, 0x0, 0x7f,
    0xff, 0xff, 0xff, 0x0, 0x0, 0xff, 0xff, 0xff,
    0xff, 0x80, 0x1, 0xff, 0xff, 0xff, 0xff, 0xc0,
    0x1, 0xff, 0x0, 0x0, 0x7f, 0xc0, 0x3, 0xff,
    0x0, 0x0, 0x7f, 0xe0, 0x7, 0xfe, 0x0, 0x0,
    0x3f, 0xf0, 0xf, 0xfe, 0x0, 0x0, 0x3f, 0xf0,
    0x1f, 0xfc, 0x0, 0x0, 0x3f, 0xf8, 0x1f, 0xf8,
    0x0, 0x0, 0x1f, 0xfc, 0x3f, 0xf8, 0x0, 0x0,
    0x1f, 0xfc, 0x7f, 0xf0, 0x0, 0x0, 0xf, 0xfe,
    0xff, 0xf0, 0x0, 0x0, 0xf, 0xff,

    /* U+0042 "B" */
    0x0, 0xff, 0xfe, 0x0, 0x0, 0xff, 0xff, 0x80,
    0x0, 0xff, 0xff, 0xc0, 0x1, 0xfe, 0x1f, 0xe0,
    0x1, 0xfc, 0xf, 0xe0, 0x1, 0xfc, 0xf, 0xe0,
    0x1, 0xfc, 0xf, 0xe0, 0x3, 0xfc, 0x3f, 0xc0,
    0x3, 0xff, 0xff, 0x80, 0x3, 0xff, 0xff, 0x0,
    0x7, 0xff, 0xff, 0xc0, 0x7, 0xff, 0xff, 0xf0,
    0x7, 0xff, 0xff, 0xf8, 0xf, 0xf8, 0x1f, 0xfc,
    0xf, 0xf8, 0x7, 0xfe, 0xf, 0xf8, 0x3, 0xfe,
    0x1f, 0xf0, 0x3, 0xfe, 0x1f, 0xf0, 0x3, 0xfe,
    0x1f, 0xf0, 0x7, 0xfe, 0x3f, 0xf0, 0x7, 0xfe,
    0x3f, 0xf0, 0x1f, 0xfe, 0x3f, 0xff, 0xff, 0xfe,
    0x3f, 0xff, 0xff, 0xfc, 0x7f, 0xff, 0xff, 0xfc,
    0x7f, 0xff, 0xff, 0xf8, 0x7f, 0xff, 0xff, 0xe0,
    0xff, 0xff, 0xff, 0xc0, 0xff, 0xff, 0xfc, 0x0,

    /* U+0043 "C" */
    0x0, 0x0, 0xff, 0xc0, 0x0, 0x1, 0xff, 0xff,
    0x80, 0x0, 0xff, 0xff, 0xf0, 0x0, 0x7f, 0xff,
    0xfe, 0x0, 0x1f, 0xff, 0xff, 0x80, 0xf, 0xff,
    0x0, 0x70, 0x3, 0xff, 0x80, 0x0, 0x0, 0xff,
    0xc0, 0x0, 0x0, 0x1f, 0xf0, 0x0, 0x0, 0x7,
    0xfc, 0x0, 0x0, 0x1, 0xff, 0x0, 0x0, 0x0,
    0x3f, 0xe0, 0x0, 0x0, 0x7, 0xfc, 0x0, 0x0,
    0x0, 0xff, 0x80, 0x0, 0x0, 0x3f, 0xf0, 0x0,
    0x0, 0x7, 0xfe, 0x0, 0x0, 0x0, 0x7f, 0xe0,
    0x0, 0x0, 0xf, 0xfe, 0x0, 0x0, 0x1, 0xff,
    0xe0, 0x0, 0x0, 0x3f, 0xfe, 0x0, 0x2, 0x3,
    0xff, 0xf8, 0x3, 0xe0, 0x7f, 0xff, 0xff, 0xfe,
    0x7, 0xff, 0xff, 0xff, 0xe0, 0x7f, 0xff, 0xff,
    0xfc, 0x7, 0xff, 0xff, 0xff, 0xc0, 0x7f, 0xff,
    0xff, 0xfc, 0x3, 0xff, 0xff, 0xff, 0x0, 0x3f,
    0xff, 0xff, 0xc0, 0x0, 0xff, 0xff, 0xc0, 0x0,
    0x3, 0xff, 0x80, 0x0,

    /* U+0044 "D" */
    0x0, 0xff, 0xfc, 0x0, 0x0, 0x3f, 0xff, 0xe0,
    0x0, 0xf, 0xff, 0xff, 0x0, 0x3, 0xff, 0xff,
    0xe0, 0x1, 0xfe, 0x1f, 0xfc, 0x0, 0x7f, 0x0,
    0xff, 0x80, 0x1f, 0xc0, 0x1f, 0xf0, 0xf, 0xf0,
    0x3, 0xfe, 0x3, 0xfc, 0x0, 0xff, 0x80, 0xff,
    0x0, 0x1f, 0xf0, 0x7f, 0xc0, 0x7, 0xfc, 0x1f,
    0xe0, 0x1, 0xff, 0x7, 0xf8, 0x0, 0x7f, 0xc3,
    0xfe, 0x0, 0x1f, 0xf0, 0xff, 0x80, 0xf, 0xfc,
    0x3f, 0xe0, 0x3, 0xff, 0x1f, 0xf8, 0x1, 0xff,
    0x87, 0xfc, 0x0, 0xff, 0xe1, 0xff, 0x0, 0x7f,
    0xf0, 0xff, 0xc0, 0x3f, 0xfc, 0x3f, 0xf0, 0x7f,
    0xfe, 0xf, 0xff, 0xff, 0xff, 0x3, 0xff, 0xff,
    0xff, 0x81, 0xff, 0xff, 0xff, 0xc0, 0x7f, 0xff,
    0xff, 0xe0, 0x1f, 0xff, 0xff, 0xe0, 0xf, 0xff,
    0xff, 0xc0, 0x3, 0xff, 0xff, 0x0, 0x0,

    /* U+0045 "E" */
    0x0, 0x7f, 0xff, 0xe0, 0xf, 0xff, 0xfc, 0x3,
    0xff, 0xff, 0x80, 0x7f, 0xff, 0xf0, 0xf, 0xe0,
    0x0, 0x1, 0xfc, 0x0, 0x0, 0x7f, 0x80, 0x0,
    0xf, 0xf0, 0x0, 0x1, 0xfe, 0x0, 0x0, 0x7f,
    0xff, 0xf8, 0xf, 0xff, 0xff, 0x1, 0xff, 0xff,
    0xe0, 0x7f, 0xff, 0xfc, 0xf, 0xff, 0xff, 0x81,
    0xff, 0x0, 0x0, 0x7f, 0xc0, 0x0, 0xf, 0xf8,
    0x0, 0x1, 0xff, 0x0, 0x0, 0x7f, 0xe0, 0x0,
    0xf, 0xfc, 0x0, 0x1, 0xff, 0x80, 0x0, 0x7f,
    0xff, 0xff, 0xcf, 0xff, 0xff, 0xf9, 0xff, 0xff,
    0xff, 0x3f, 0xff, 0xff, 0xef, 0xff, 0xff, 0xfd,
    0xff, 0xff, 0xff, 0xbf, 0xff, 0xff, 0xf0,

    /* U+0046 "F" */
    0x0, 0xff, 0xff, 0xc0, 0x3f, 0xff, 0xf0, 0xf,
    0xff, 0xfc, 0x7, 0xff, 0xff, 0x1, 0xfc, 0x0,
    0x0, 0x7f, 0x0, 0x0, 0x3f, 0xc0, 0x0, 0xf,
    0xf0, 0x0, 0x3, 0xfc, 0x0, 0x0, 0xff, 0xff,
    0xe0, 0x7f, 0xff, 0xf8, 0x1f, 0xff, 0xfe, 0x7,
    0xff, 0xff, 0x83, 0xff, 0xff, 0xe0, 0xff, 0x80,
    0x0, 0x3f, 0xe0, 0x0, 0x1f, 0xf0, 0x0, 0x7,
    0xfc, 0x0, 0x1, 0xff, 0x0, 0x0, 0xff, 0xc0,
    0x0, 0x3f, 0xf0, 0x0, 0xf, 0xfc, 0x0, 0x3,
    0xfe, 0x0, 0x1, 0xff, 0x80, 0x0, 0x7f, 0xe0,
    0x0, 0x1f, 0xf8, 0x0, 0xf, 0xfe, 0x0, 0x3,
    0xff, 0x0, 0x0, 0xff, 0xc0, 0x0, 0x0,

    /* U+0047 "G" */
    0x0, 0x7, 0xfe, 0x0, 0x0, 0x1, 0xff, 0xff,
    0x0, 0x0, 0x3f, 0xff, 0xfe, 0x0, 0x7, 0xff,
    0xff, 0xf8, 0x0, 0x7f, 0xe0, 0x3f, 0x80, 0xf,
    0xfc, 0x0, 0x70, 0x0, 0x7f, 0xc0, 0x1, 0x0,
    0x7, 0xfc, 0x0, 0x0, 0x0, 0x7f, 0xc0, 0x0,
    0x0, 0x3, 0xfe, 0x0, 0x0, 0x0, 0x3f, 0xe0,
    0x1f, 0xff, 0xf1, 0xff, 0x0, 0x7f, 0xff, 0xcf,
    0xf8, 0x3, 0xff, 0xfe, 0x7f, 0xc0, 0x1f, 0xff,
    0xf3, 0xfe, 0x0, 0x7f, 0xff, 0x9f, 0xf8, 0x0,
    0x3, 0xfe, 0xff, 0xc0, 0x0, 0x3f, 0xf7, 0xff,
    0x0, 0x1, 0xff, 0xbf, 0xfc, 0x0, 0x1f, 0xfc,
    0xff, 0xf0, 0x1, 0xff, 0xe3, 0xff, 0xe0, 0x3f,
    0xff, 0x1f, 0xff, 0xff, 0xff, 0xf8, 0x7f, 0xff,
    0xff, 0xff, 0xc1, 0xff, 0xff, 0xff, 0xef, 0x7,
    0xff, 0xff, 0xfe, 0x78, 0xf, 0xff, 0xff, 0xc3,
    0xc0, 0x1f, 0xff, 0xf8, 0x6, 0x0, 0x1f, 0xfc,
    0x0, 0x0,

    /* U+0048 "H" */
    0x0, 0xfe, 0x0, 0x7f, 0x0, 0xf, 0xe0, 0x7,
    0xf0, 0x0, 0xfe, 0x0, 0x7f, 0x0, 0xf, 0xe0,
    0x7, 0xf0, 0x1, 0xfe, 0x0, 0x7f, 0x0, 0x1f,
    0xe0, 0x7, 0xf0, 0x1, 0xfc, 0x0, 0x7f, 0x0,
    0x3f, 0xc0, 0x7, 0xf8, 0x3, 0xfc, 0x0, 0x7f,
    0x80, 0x3f, 0xff, 0xff, 0xf8, 0x7, 0xff, 0xff,
    0xff, 0x80, 0x7f, 0xff, 0xff, 0xf8, 0x7, 0xff,
    0xff, 0xff, 0x80, 0xff, 0xff, 0xff, 0xf8, 0xf,
    0xf8, 0x0, 0x7f, 0xc0, 0xff, 0x80, 0x7, 0xfc,
    0xf, 0xf8, 0x0, 0x7f, 0xc1, 0xff, 0x0, 0x7,
    0xfc, 0x1f, 0xf0, 0x0, 0x7f, 0xc1, 0xff, 0x0,
    0x7, 0xfc, 0x3f, 0xf0, 0x0, 0x7f, 0xe3, 0xff,
    0x0, 0x7, 0xfe, 0x3f, 0xe0, 0x0, 0x7f, 0xe7,
    0xfe, 0x0, 0x7, 0xfe, 0x7f, 0xe0, 0x0, 0x7f,
    0xe7, 0xfe, 0x0, 0x7, 0xfe, 0xff, 0xe0, 0x0,
    0x7f, 0xef, 0xfe, 0x0, 0x7, 0xff, 0xff, 0xc0,
    0x0, 0x7f, 0xf0,

    /* U+0049 "I" */
    0x0, 0x7f, 0x0, 0x7f, 0x0, 0xfe, 0x0, 0xfe,
    0x0, 0xfe, 0x1, 0xfe, 0x1, 0xfe, 0x1, 0xfe,
    0x3, 0xfc, 0x3, 0xfc, 0x3, 0xfc, 0x7, 0xfc,
    0x7, 0xfc, 0x7, 0xf8, 0x7, 0xf8, 0xf, 0xf8,
    0xf, 0xf8, 0xf, 0xf8, 0x1f, 0xf8, 0x1f, 0xf0,
    0x1f, 0xf0, 0x3f, 0xf0, 0x3f, 0xf0, 0x3f, 0xf0,
    0x7f, 0xf0, 0x7f, 0xe0, 0x7f, 0xe0, 0xff, 0xe0,

    /* U+004A "J" */
    0x0, 0x0, 0x1f, 0xc0, 0x0, 0x7, 0xf0, 0x0,
    0x1, 0xfc, 0x0, 0x0, 0x7f, 0x0, 0x0, 0x3f,
    0xc0, 0x0, 0xf, 0xf0, 0x0, 0x3, 0xfc, 0x0,
    0x0, 0xff, 0x0, 0x0, 0x3f, 0xc0, 0x0, 0x1f,
    0xf0, 0x0, 0x7, 0xf8, 0x0, 0x1, 0xfe, 0x0,
    0x0, 0x7f, 0x80, 0x0, 0x1f, 0xe0, 0x0, 0xf,
    0xf8, 0x0, 0x3, 0xfe, 0x0, 0x0, 0xff, 0x80,
    0x0, 0x3f, 0xe0, 0x60, 0x1f, 0xf8, 0x1c, 0x1f,
    0xfe, 0xf, 0xff, 0xff, 0x87, 0xff, 0xff, 0xc3,
    0xff, 0xff, 0xf1, 0xff, 0xff, 0xf8, 0x7f, 0xff,
    0xfc, 0x1f, 0xff, 0xfe, 0x3, 0xff, 0xff, 0x0,
    0x3f, 0xff, 0x0, 0x3, 0xfe, 0x0, 0x0,

    /* U+004B "K" */
    0x0, 0x7f, 0x0, 0x7f, 0xc0, 0x0, 0xf, 0xe0,
    0x1f, 0xe0, 0x0, 0x3, 0xf8, 0x7, 0xf8, 0x0,
    0x0, 0x7f, 0x3, 0xfe, 0x0, 0x0, 0xf, 0xe0,
    0xff, 0x80, 0x0, 0x3, 0xfc, 0x7f, 0xe0, 0x0,
    0x0, 0x7f, 0x9f, 0xf0, 0x0, 0x0, 0xf, 0xf7,
    0xfc, 0x0, 0x0, 0x3, 0xff, 0xff, 0x0, 0x0,
    0x0, 0x7f, 0xff, 0xc0, 0x0, 0x0, 0xf, 0xff,
    0xf0, 0x0, 0x0, 0x3, 0xff, 0xff, 0x0, 0x0,
    0x0, 0x7f, 0xff, 0xf8, 0x0, 0x0, 0xf, 0xf7,
    0xff, 0x80, 0x0, 0x1, 0xfe, 0x7f, 0xf8, 0x0,
    0x0, 0x7f, 0xc7, 0xff, 0x80, 0x0, 0xf, 0xf8,
    0x7f, 0xf8, 0x0, 0x1, 0xff, 0x7, 0xff, 0x80,
    0x0, 0x7f, 0xe0, 0x7f, 0xfc, 0x0, 0xf, 0xf8,
    0x7, 0xff, 0xc0, 0x1, 0xff, 0x0, 0x7f, 0xfc,
    0x0, 0x7f, 0xe0, 0x7, 0xff, 0xc0, 0xf, 0xfc,
    0x0, 0x7f, 0xfc, 0x1, 0xff, 0x80, 0x7, 0xff,
    0xc0, 0x7f, 0xf0, 0x0, 0x7f, 0xfe, 0xf, 0xfc,
    0x0, 0x7, 0xff, 0xe1, 0xff, 0x80, 0x0, 0x7f,
    0xfe, 0x7f, 0xf0, 0x0, 0xf, 0xff, 0xe0,

    /* U+004C "L" */
    0x0, 0xfe, 0x0, 0x0, 0x3f, 0x80, 0x0, 0xf,
    0xe0, 0x0, 0x7, 0xf8, 0x0, 0x1, 0xfc, 0x0,
    0x0, 0x7f, 0x0, 0x0, 0x3f, 0xc0, 0x0, 0xf,
    0xf0, 0x0, 0x3, 0xfc, 0x0, 0x1, 0xff, 0x0,
    0x0, 0x7f, 0x80, 0x0, 0x1f, 0xe0, 0x0, 0xf,
    0xf8, 0x0, 0x3, 0xfe, 0x0, 0x0, 0xff, 0x80,
    0x0, 0x7f, 0xe0, 0x0, 0x1f, 0xf0, 0x0, 0x7,
    0xfc, 0x0, 0x1, 0xff, 0x0, 0x0, 0xff, 0xc0,
    0x0, 0x3f, 0xf0, 0x0, 0xf, 0xff, 0xff, 0xf7,
    0xff, 0xff, 0xfd, 0xff, 0xff, 0xff, 0x7f, 0xff,
    0xff, 0xff, 0xff, 0xff, 0xff, 0xff, 0xff, 0xff,
    0xff, 0xff, 0xff,

    /* U+004D "M" */
    0x0, 0xff, 0xc0, 0x1, 0xff, 0x80, 0x0, 0x1f,
    0xfc, 0x0, 0x3f, 0xf0, 0x0, 0x3, 0xff, 0xc0,
    0xf, 0xff, 0x0, 0x0, 0x7f, 0xf8, 0x1, 0xff,
    0xe0, 0x0, 0x1f, 0xff, 0x80, 0x7f, 0xfc, 0x0,
    0x3, 0xff, 0xf0, 0xf, 0xff, 0xc0, 0x0, 0x7f,
    0xff, 0x3, 0xff, 0xf8, 0x0, 0x1f, 0xff, 0xe0,
    0x7f, 0xff, 0x80, 0x3, 0xfd, 0xfe, 0x1f, 0xef,
    0xf0, 0x0, 0x7f, 0xbf, 0xc3, 0xfd, 0xfe, 0x0,
    0x1f, 0xf7, 0xfc, 0xff, 0xbf, 0xe0, 0x3, 0xfe,
    0x7f, 0x9f, 0xe3, 0xfc, 0x0, 0x7f, 0x8f, 0xff,
    0xfc, 0x7f, 0x80, 0xf, 0xf0, 0xff, 0xff, 0x8f,
    0xf8, 0x3, 0xfe, 0x1f, 0xff, 0xe1, 0xff, 0x0,
    0x7f, 0xc1, 0xff, 0xfc, 0x3f, 0xe0, 0xf, 0xf8,
    0x3f, 0xff, 0x3, 0xfe, 0x3, 0xfe, 0x7, 0xff,
    0xe0, 0x7f, 0xc0, 0x7f, 0xc0, 0x7f, 0xfc, 0xf,
    0xf8, 0xf, 0xf8, 0xf, 0xff, 0x1, 0xff, 0x83,
    0xff, 0x0, 0xff, 0xe0, 0x1f, 0xf0, 0x7f, 0xe0,
    0x1f, 0xfc, 0x3, 0xfe, 0xf, 0xfc, 0x3, 0xff,
    0x0, 0x7f, 0xe3, 0xff, 0x0, 0x3f, 0xe0, 0xf,
    0xfc, 0x7f, 0xe0, 0x7, 0xf8, 0x1, 0xff, 0x8f,
    0xfc, 0x0, 0x7f, 0x0, 0x1f, 0xf9, 0xff, 0x80,
    0xf, 0xe0, 0x3, 0xff, 0x7f, 0xf0, 0x0, 0xf8,
    0x0, 0x7f, 0xf0,

    /* U+004E "N" */
    0x0, 0x7f, 0x0, 0xf, 0xc0, 0x0, 0xff, 0x80,
    0xf, 0xe0, 0x0, 0xff, 0xc0, 0xf, 0xe0, 0x0,
    0xff, 0xe0, 0xf, 0xe0, 0x0, 0xff, 0xf0, 0xf,
    0xe0, 0x1, 0xff, 0xf0, 0xf, 0xe0, 0x1, 0xff,
    0xf8, 0xf, 0xf0, 0x1, 0xff, 0xfc, 0xf, 0xf0,
    0x3, 0xfd, 0xfe, 0xf, 0xf0, 0x3, 0xfc, 0xff,
    0xf, 0xf0, 0x3, 0xfc, 0x7f, 0x8f, 0xf0, 0x7,
    0xfc, 0x7f, 0xcf, 0xf8, 0x7, 0xf8, 0x3f, 0xcf,
    0xf8, 0x7, 0xf8, 0x1f, 0xef, 0xf8, 0xf, 0xf8,
    0x1f, 0xff, 0xf8, 0xf, 0xf8, 0xf, 0xff, 0xf8,
    0xf, 0xf8, 0x7, 0xff, 0xfc, 0x1f, 0xf8, 0x3,
    0xff, 0xfc, 0x1f, 0xf0, 0x3, 0xff, 0xfc, 0x1f,
    0xf0, 0x1, 0xff, 0xfc, 0x1f, 0xf0, 0x0, 0xff,
    0xfc, 0x3f, 0xf0, 0x0, 0x7f, 0xfe, 0x3f, 0xf0,
    0x0, 0x7f, 0xfe, 0x3f, 0xf0, 0x0, 0x3f, 0xfe,
    0x7f, 0xe0, 0x0, 0x1f, 0xfe, 0x7f, 0xe0, 0x0,
    0xf, 0xfe, 0x7f, 0xe0, 0x0, 0xf, 0xff, 0xff,
    0xe0, 0x0, 0x7, 0xff,

    /* U+004F "O" */
    0x0, 0x1, 0xff, 0x80, 0x0, 0x0, 0x3f, 0xff,
    0xc0, 0x0, 0x7, 0xff, 0xff, 0xc0, 0x0, 0x3f,
    0xff, 0xff, 0xc0, 0x3, 0xff, 0xff, 0xff, 0x80,
    0x1f, 0xfc, 0x7, 0xff, 0x0, 0xff, 0xc0, 0x7,
    0xfe, 0x7, 0xfe, 0x0, 0x7, 0xfc, 0x3f, 0xf0,
    0x0, 0x1f, 0xf0, 0xff, 0x80, 0x0, 0x3f, 0xe7,
    0xfe, 0x0, 0x0, 0xff, 0x9f, 0xf0, 0x0, 0x1,
    0xfe, 0x7f, 0xc0, 0x0, 0x7, 0xfd, 0xff, 0x0,
    0x0, 0x1f, 0xff, 0xfc, 0x0, 0x0, 0x7f, 0xff,
    0xf0, 0x0, 0x3, 0xff, 0xff, 0xc0, 0x0, 0xf,
    0xff, 0xff, 0x80, 0x0, 0x7f, 0xf7, 0xff, 0x0,
    0x3, 0xff, 0x9f, 0xfe, 0x0, 0x1f, 0xfe, 0x7f,
    0xfe, 0x1, 0xff, 0xf8, 0xff, 0xff, 0xff, 0xff,
    0xc3, 0xff, 0xff, 0xff, 0xfe, 0x7, 0xff, 0xff,
    0xff, 0xf8, 0xf, 0xff, 0xff, 0xff, 0xc0, 0x1f,
    0xff, 0xff, 0xfe, 0x0, 0x3f, 0xff, 0xff, 0xe0,
    0x0, 0x3f, 0xff, 0xfe, 0x0, 0x0, 0x3f, 0xff,
    0xe0, 0x0, 0x0, 0x1f, 0xfc, 0x0, 0x0,

    /* U+0050 "P" */
    0x0, 0xff, 0xff, 0x0, 0x3, 0xff, 0xff, 0x80,
    0xf, 0xff, 0xff, 0x0, 0x7f, 0x3, 0xfe, 0x1,
    0xfc, 0x3, 0xfc, 0x7, 0xf0, 0xf, 0xf0, 0x3f,
    0xc0, 0x3f, 0xc0, 0xff, 0x1, 0xff, 0x3, 0xfc,
    0xf, 0xfc, 0x1f, 0xff, 0xff, 0xe0, 0x7f, 0xff,
    0xff, 0x81, 0xff, 0xff, 0xf8, 0xf, 0xff, 0xff,
    0xc0, 0x3f, 0xff, 0xf8, 0x0, 0xff, 0x0, 0x0,
    0x7, 0xfc, 0x0, 0x0, 0x1f, 0xf0, 0x0, 0x0,
    0x7f, 0xc0, 0x0, 0x1, 0xff, 0x0, 0x0, 0xf,
    0xfc, 0x0, 0x0, 0x3f, 0xe0, 0x0, 0x0, 0xff,
    0x80, 0x0, 0x7, 0xfe, 0x0, 0x0, 0x1f, 0xf8,
    0x0, 0x0, 0x7f, 0xe0, 0x0, 0x3, 0xff, 0x80,
    0x0, 0xf, 0xfc, 0x0, 0x0, 0x3f, 0xf0, 0x0,
    0x0,

    /* U+0051 "Q" */
    0x0, 0x1, 0xff, 0x0, 0x0, 0x0, 0x3, 0xff,
    0xfc, 0x0, 0x0, 0x1, 0xff, 0xff, 0xf0, 0x0,
    0x0, 0x7f, 0xff, 0xff, 0x0, 0x0, 0x3f, 0xff,
    0xff, 0xf8, 0x0, 0xf, 0xfe, 0x3, 0xff, 0x80,
    0x3, 0xff, 0x0, 0x1f, 0xf8, 0x0, 0xff, 0x80,
    0x1, 0xff, 0x0, 0x1f, 0xf0, 0x0, 0x1f, 0xf0,
    0x7, 0xfc, 0x0, 0x1, 0xfe, 0x0, 0xff, 0x80,
    0x0, 0x3f, 0xe0, 0x3f, 0xe0, 0x0, 0x7, 0xfc,
    0x7, 0xfc, 0x0, 0x0, 0xff, 0x80, 0xff, 0x80,
    0x0, 0x1f, 0xf8, 0x1f, 0xf0, 0x0, 0x3, 0xff,
    0x3, 0xfe, 0x0, 0x0, 0x7f, 0xe0, 0x7f, 0xe0,
    0x0, 0xf, 0xfc, 0xf, 0xfc, 0x0, 0x3, 0xff,
    0x81, 0xff, 0xc0, 0x0, 0xff, 0xe0, 0x3f, 0xfc,
    0x0, 0x3f, 0xfc, 0x7, 0xff, 0xe0, 0x1f, 0xff,
    0x80, 0x7f, 0xff, 0xff, 0xff, 0xfc, 0xf, 0xff,
    0xff, 0xff, 0xff, 0xe0, 0xff, 0xff, 0xff, 0xff,
    0xff, 0xf, 0xff, 0xff, 0xff, 0xff, 0xe0, 0xff,
    0xff, 0xff, 0xff, 0xf8, 0xf, 0xff, 0xff, 0xff,
    0xff, 0x0, 0x7f, 0xff, 0xfe, 0x1f, 0xe0, 0x3,
    0xff, 0xff, 0x0, 0xf8, 0x0, 0x7, 0xfe, 0x0,
    0x7, 0x0, 0x0, 0x0, 0x0, 0x0, 0x20,

    /* U+0052 "R" */
    0x0, 0x7f, 0xff, 0x0, 0x0, 0x0, 0xff, 0xff,
    0xc0, 0x0, 0x3, 0xff, 0xff, 0xc0, 0x0, 0x7,
    0xf0, 0x7f, 0xc0, 0x0, 0xf, 0xe0, 0x3f, 0xc0,
    0x0, 0x3f, 0xc0, 0x7f, 0x80, 0x0, 0x7f, 0x80,
    0xff, 0x0, 0x0, 0xff, 0x1, 0xfe, 0x0, 0x1,
    0xfc, 0xf, 0xfc, 0x0, 0x7, 0xff, 0xff, 0xf0,
    0x0, 0xf, 0xff, 0xff, 0xc0, 0x0, 0x1f, 0xff,
    0xff, 0x0, 0x0, 0x7f, 0xff, 0xf8, 0x0, 0x0,
    0xff, 0xff, 0xe0, 0x0, 0x1, 0xfe, 0xff, 0xe0,
    0x0, 0x7, 0xfc, 0xff, 0xe0, 0x0, 0xf, 0xf8,
    0xff, 0xe0, 0x0, 0x1f, 0xf0, 0xff, 0xe0, 0x0,
    0x7f, 0xe1, 0xff, 0xe0, 0x0, 0xff, 0x81, 0xff,
    0xe0, 0x1, 0xff, 0x1, 0xff, 0xe0, 0x7, 0xfe,
    0x1, 0xff, 0xe0, 0xf, 0xfc, 0x1, 0xff, 0xe0,
    0x1f, 0xf8, 0x3, 0xff, 0xe0, 0x7f, 0xf0, 0x3,
    0xff, 0xe0, 0xff, 0xc0, 0x3, 0xff, 0xe1, 0xff,
    0x80, 0x3, 0xff, 0xe3, 0xff, 0x0, 0x3, 0xff,
    0xe0,

    /* U+0053 "S" */
    0x0, 0x0, 0xff, 0x80, 0x0, 0x7, 0xff, 0xf8,
    0x0, 0x1f, 0xff, 0xf8, 0x0, 0x3f, 0xff, 0xf0,
    0x0, 0x7f, 0x80, 0xf0, 0x0, 0x7f, 0x0, 0x0,
    0x0, 0x7f, 0x0, 0x0, 0x0, 0x7f, 0xc0, 0x0,
    0x0, 0x7f, 0xf8, 0x0, 0x0, 0x7f, 0xff, 0x0,
    0x0, 0x3f, 0xff, 0xe0, 0x0, 0xf, 0xff, 0xf0,
    0x0, 0x3, 0xff, 0xfc, 0x0, 0x0, 0xff, 0xfe,
    0x0, 0x0, 0x1f, 0xfe, 0x0, 0x0, 0x7, 0xff,
    0x0, 0x0, 0x3, 0xff, 0x2, 0x0, 0x3, 0xff,
    0x7, 0x80, 0x3, 0xff, 0xf, 0xe0, 0x7, 0xff,
    0x1f, 0xf8, 0xf, 0xff, 0x3f, 0xff, 0xff, 0xfe,
    0x7f, 0xff, 0xff, 0xfe, 0xff, 0xff, 0xff, 0xfc,
    0x7f, 0xff, 0xff, 0xf8, 0x1f, 0xff, 0xff, 0xe0,
    0x3, 0xff, 0xff, 0x80, 0x0, 0x3f, 0xf8, 0x0,

    /* U+0054 "T" */
    0x7f, 0xff, 0xfd, 0xff, 0xff, 0xff, 0xff, 0xff,
    0xff, 0xff, 0xff, 0x1, 0xfe, 0x0, 0x7, 0xf8,
    0x0, 0x1f, 0xc0, 0x0, 0x7f, 0x0, 0x3, 0xfc,
    0x0, 0xf, 0xf0, 0x0, 0x3f, 0xc0, 0x0, 0xff,
    0x0, 0x3, 0xfc, 0x0, 0x1f, 0xf0, 0x0, 0x7f,
    0xc0, 0x1, 0xff, 0x0, 0x7, 0xfc, 0x0, 0x3f,
    0xf0, 0x0, 0xff, 0xc0, 0x3, 0xff, 0x0, 0xf,
    0xf8, 0x0, 0x3f, 0xe0, 0x1, 0xff, 0x80, 0x7,
    0xfe, 0x0, 0x1f, 0xf8, 0x0, 0x7f, 0xe0, 0x1,
    0xff, 0x80, 0xf, 0xfe, 0x0, 0x3f, 0xf8, 0x0,

    /* U+0055 "U" */
    0x3, 0xf8, 0x1, 0xfc, 0x1, 0xfc, 0x0, 0xfe,
    0x0, 0xfe, 0x0, 0x7f, 0x0, 0xff, 0x0, 0x3f,
    0x80, 0x7f, 0x0, 0x1f, 0xc0, 0x3f, 0x80, 0xf,
    0xe0, 0x3f, 0xc0, 0x7, 0xf8, 0x1f, 0xe0, 0x3,
    0xfc, 0xf, 0xf0, 0x1, 0xfe, 0x7, 0xf8, 0x0,
    0xff, 0x7, 0xf8, 0x0, 0x7f, 0x83, 0xfc, 0x0,
    0x3f, 0xc1, 0xfe, 0x0, 0x1f, 0xf1, 0xff, 0x0,
    0xf, 0xf8, 0xff, 0x80, 0x7, 0xfc, 0x7f, 0xc0,
    0x3, 0xfe, 0x7f, 0xe0, 0x1, 0xff, 0x3f, 0xf0,
    0x1, 0xff, 0x9f, 0xfc, 0x1, 0xff, 0xcf, 0xff,
    0x1, 0xff, 0xe7, 0xff, 0xff, 0xff, 0xf3, 0xff,
    0xff, 0xff, 0xf8, 0xff, 0xff, 0xff, 0xf8, 0x7f,
    0xff, 0xff, 0xfc, 0x1f, 0xff, 0xff, 0xfc, 0x7,
    0xff, 0xff, 0xfc, 0x1, 0xff, 0xff, 0xf8, 0x0,
    0x3f, 0xff, 0xf0, 0x0, 0x3, 0xff, 0xc0, 0x0,

    /* U+0056 "V" */
    0xff, 0x0, 0x3, 0xff, 0xfc, 0x0, 0xf, 0xe7,
    0xf8, 0x0, 0x7f, 0x9f, 0xe0, 0x1, 0xfe, 0x7f,
    0x80, 0xf, 0xf0, 0xff, 0x0, 0x7f, 0xc3, 0xfc,
    0x1, 0xfe, 0xf, 0xf8, 0xf, 0xf8, 0x1f, 0xe0,
    0x3f, 0xc0, 0x7f, 0x81, 0xff, 0x1, 0xff, 0x7,
    0xf8, 0x3, 0xfc, 0x3f, 0xe0, 0xf, 0xf8, 0xff,
    0x0, 0x3f, 0xe7, 0xfc, 0x0, 0xff, 0x9f, 0xf0,
    0x1, 0xff, 0xff, 0x80, 0x7, 0xff, 0xfe, 0x0,
    0x1f, 0xff, 0xf0, 0x0, 0x3f, 0xff, 0xc0, 0x0,
    0xff, 0xfe, 0x0, 0x3, 0xff, 0xf8, 0x0, 0x7,
    0xff, 0xc0, 0x0, 0x1f, 0xff, 0x0, 0x0, 0x7f,
    0xf8, 0x0, 0x0, 0xff, 0xe0, 0x0, 0x3, 0xff,
    0x0, 0x0, 0xf, 0xfc, 0x0, 0x0, 0x1f, 0xf0,
    0x0, 0x0, 0x7f, 0x80, 0x0,

    /* U+0057 "W" */
    0xfe, 0x0, 0x3e, 0x0, 0x3f, 0xff, 0x80, 0x3f,
    0x80, 0x3f, 0xff, 0xc0, 0x1f, 0xc0, 0x1f, 0xff,
    0xe0, 0x1f, 0xf0, 0xf, 0xff, 0xf0, 0xf, 0xf8,
    0x7, 0xff, 0xf8, 0xf, 0xfe, 0x3, 0xff, 0xfe,
    0x7, 0xff, 0x1, 0xfe, 0xff, 0x3, 0xff, 0xc0,
    0xff, 0x7f, 0x83, 0xff, 0xf0, 0x7f, 0xbf, 0xc1,
    0xff, 0xf8, 0x3f, 0xdf, 0xe1, 0xfd, 0xfe, 0x1f,
    0xef, 0xf8, 0xfe, 0x7f, 0x1f, 0xf7, 0xfc, 0xff,
    0x3f, 0xcf, 0xfb, 0xfe, 0x7f, 0xf, 0xe7, 0xfd,
    0xff, 0x3f, 0x87, 0xfb, 0xfe, 0xff, 0xbf, 0xc1,
    0xfd, 0xff, 0x7f, 0xff, 0xc0, 0xff, 0xff, 0x9f,
    0xff, 0xe0, 0x3f, 0xff, 0xcf, 0xff, 0xf0, 0x1f,
    0xff, 0xe7, 0xff, 0xf0, 0xf, 0xff, 0xf3, 0xff,
    0xf8, 0x3, 0xff, 0xf9, 0xff, 0xfc, 0x1, 0xff,
    0xfc, 0xff, 0xfc, 0x0, 0x7f, 0xfe, 0x7f, 0xfe,
    0x0, 0x3f, 0xff, 0x3f, 0xff, 0x0, 0xf, 0xff,
    0x9f, 0xff, 0x0, 0x7, 0xff, 0xcf, 0xff, 0x80,
    0x1, 0xff, 0xe3, 0xff, 0xc0, 0x0, 0xff, 0xf0,

    /* U+0058 "X" */
    0x0, 0x7, 0xf8, 0x1, 0xfe, 0x0, 0x0, 0x1,
    0xfe, 0x1, 0xff, 0x0, 0x0, 0x0, 0x7f, 0x81,
    0xff, 0x0, 0x0, 0x0, 0x3f, 0xe1, 0xff, 0x0,
    0x0, 0x0, 0xf, 0xf9, 0xff, 0x0, 0x0, 0x0,
    0x3, 0xff, 0xff, 0x0, 0x0, 0x0, 0x0, 0xff,
    0xff, 0x0, 0x0, 0x0, 0x0, 0x3f, 0xff, 0x0,
    0x0, 0x0, 0x0, 0x1f, 0xff, 0x0, 0x0, 0x0,
    0x0, 0x7, 0xff, 0x0, 0x0, 0x0, 0x0, 0x3,
    0xff, 0x80, 0x0, 0x0, 0x0, 0x3, 0xff, 0xe0,
    0x0, 0x0, 0x0, 0x7, 0xff, 0xf8, 0x0, 0x0,
    0x0, 0x7, 0xff, 0xfe, 0x0, 0x0, 0x0, 0x7,
    0xff, 0xff, 0x80, 0x0, 0x0, 0x7, 0xff, 0xff,
    0xe0, 0x0, 0x0, 0x7, 0xff, 0x3f, 0xf8, 0x0,
    0x0, 0x7, 0xff, 0xf, 0xfe, 0x0, 0x0, 0x7,
    0xff, 0x7, 0xff, 0x80, 0x0, 0x7, 0xff, 0x1,
    0xff, 0xe0, 0x0, 0xf, 0xff, 0x0, 0x7f, 0xf8,
    0x0, 0xf, 0xff, 0x0, 0x1f, 0xfe, 0x0, 0xf,
    0xff, 0x0, 0x7, 0xff, 0x80, 0xf, 0xff, 0x0,
    0x3, 0xff, 0xe0, 0xf, 0xff, 0x0, 0x0, 0xff,
    0xf8, 0xf, 0xff, 0x80, 0x0, 0x3f, 0xfe, 0xf,
    0xff, 0x80, 0x0, 0xf, 0xff, 0x8f, 0xff, 0x80,
    0x0, 0x3, 0xff, 0xe0,

    /* U+0059 "Y" */
    0xff, 0x0, 0xf, 0xf7, 0xf8, 0x1, 0xfe, 0x3f,
    0xc0, 0x3f, 0xc3, 0xfe, 0x7, 0xf8, 0x1f, 0xf0,
    0xff, 0x0, 0xff, 0xbf, 0xe0, 0x7, 0xff, 0xfc,
    0x0, 0x7f, 0xff, 0x80, 0x3, 0xff, 0xf8, 0x0,
    0x1f, 0xff, 0x0, 0x1, 0xff, 0xe0, 0x0, 0xf,
    0xfc, 0x0, 0x0, 0x7f, 0x80, 0x0, 0x7, 0xf8,
    0x0, 0x0, 0xff, 0x80, 0x0, 0xf, 0xf8, 0x0,
    0x0, 0xff, 0x80, 0x0, 0xf, 0xf8, 0x0, 0x0,
    0xff, 0x80, 0x0, 0xf, 0xf8, 0x0, 0x1, 0xff,
    0x80, 0x0, 0x1f, 0xf8, 0x0, 0x1, 0xff, 0x80,
    0x0, 0x1f, 0xf8, 0x0, 0x1, 0xff, 0x80, 0x0,
    0x1f, 0xf8, 0x0, 0x3, 0xff, 0x80, 0x0, 0x3f,
    0xf8, 0x0,

    /* U+005A "Z" */
    0x0, 0x1f, 0xff, 0xff, 0xe0, 0x0, 0x1f, 0xff,
    0xff, 0xc0, 0x0, 0x1f, 0xff, 0xff, 0x80, 0x0,
    0xf, 0xff, 0xff, 0x80, 0x0, 0x0, 0x1, 0xff,
    0x0, 0x0, 0x0, 0x3, 0xfe, 0x0, 0x0, 0x0,
    0x7, 0xfc, 0x0, 0x0, 0x0, 0xf, 0xf8, 0x0,
    0x0, 0x0, 0x1f, 0xf8, 0x0, 0x0, 0x0, 0x3f,
    0xf0, 0x0, 0x0, 0x0, 0x7f, 0xe0, 0x0, 0x0,
    0x0, 0xff, 0xc0, 0x0, 0x0, 0x1, 0xff, 0xc0,
    0x0, 0x0, 0x3, 0xff, 0x80, 0x0, 0x0, 0x7,
    0xff, 0x0, 0x0, 0x0, 0xf, 0xfe, 0x0, 0x0,
    0x0, 0x1f, 0xfc, 0x0, 0x0, 0x0, 0x3f, 0xfc,
    0x0, 0x0, 0x0, 0x7f, 0xf8, 0x0, 0x0, 0x0,
    0xff, 0xf0, 0x0, 0x0, 0x1, 0xff, 0xe0, 0x0,
    0x0, 0x3, 0xff, 0xff, 0xff, 0xf0, 0x7, 0xff,
    0xff, 0xff, 0xf8, 0xf, 0xff, 0xff, 0xff, 0xf8,
    0x1f, 0xff, 0xff, 0xff, 0xfc, 0x3f, 0xff, 0xff,
    0xff, 0xfc, 0x7f, 0xff, 0xff, 0xff, 0xfe, 0xff,
    0xff, 0xff, 0xff, 0xfe,

    /* U+005B "[" */
    0x0, 0x3, 0xff, 0xc0, 0x0, 0xff, 0xf0, 0x0,
    0x3e, 0x0, 0x0, 0x1f, 0x80, 0x0, 0x7, 0xe0,
    0x0, 0x1, 0xf8, 0x0, 0x0, 0xfc, 0x0, 0x0,
    0x3f, 0x0, 0x0, 0xf, 0xc0, 0x0, 0x7, 0xf0,
    0x0, 0x1, 0xfc, 0x0, 0x0, 0x7e, 0x0, 0x0,
    0x3f, 0x80, 0x0, 0xf, 0xe0, 0x0, 0x3, 0xf8,
    0x0, 0x0, 0xfe, 0x0, 0x0, 0x7f, 0x0, 0x0,
    0x1f, 0xc0, 0x0, 0x7, 0xf0, 0x0, 0x3, 0xfc,
    0x0, 0x0, 0xff, 0x0, 0x0, 0x3f, 0xc0, 0x0,
    0x1f, 0xe0, 0x0, 0x7, 0xf8, 0x0, 0x1, 0xfe,
    0x0, 0x0, 0xff, 0x80, 0x0, 0x3f, 0xe0, 0x0,
    0xf, 0xf0, 0x0, 0x7, 0xfc, 0x0, 0x1, 0xff,
    0x0, 0x0, 0x7f, 0xc0, 0x0, 0x1f, 0xf0, 0x0,
    0xf, 0xf8, 0x0, 0x3, 0xfe, 0x0, 0x0, 0xff,
    0x80, 0x0, 0x7f, 0xe0, 0x0, 0x1f, 0xf8, 0x0,
    0x7, 0xfc, 0x0, 0x3, 0xff, 0x0, 0x0, 0xff,
    0xff, 0xf8, 0x3f, 0xff, 0xfe, 0x1f, 0xff, 0xff,
    0x87, 0xff, 0xff, 0xc1, 0xff, 0xff, 0xf0, 0xff,
    0xff, 0xfc, 0x3f, 0xff, 0xff, 0x0,

    /* U+005C "\\" */
    0xf8, 0x0, 0x1, 0xf8, 0x0, 0x1, 0xf0, 0x0,
    0x3, 0xf0, 0x0, 0x3, 0xe0, 0x0, 0x7, 0xe0,
    0x0, 0xf, 0xc0, 0x0, 0xf, 0xc0, 0x0, 0x1f,
    0x80, 0x0, 0x3f, 0x80, 0x0, 0x3f, 0x0, 0x0,
    0x7f, 0x0, 0x0, 0x7e, 0x0, 0x0, 0xfe, 0x0,
    0x1, 0xfc, 0x0, 0x1, 0xfc, 0x0, 0x3, 0xf8,
    0x0, 0x7, 0xf8, 0x0, 0x7, 0xf0, 0x0, 0xf,
    0xf0, 0x0, 0xf, 0xe0, 0x0, 0x1f, 0xe0, 0x0,
    0x3f, 0xc0, 0x0, 0x3f, 0xc0, 0x0, 0x7f, 0x80,
    0x0, 0xff, 0x80, 0x0, 0xff, 0x0, 0x1, 0xff,
    0x0, 0x1, 0xfe, 0x0, 0x3, 0xfe, 0x0, 0x7,
    0xfc, 0x0, 0x7, 0xf8, 0x0, 0xf, 0xf8, 0x0,
    0x1f, 0xf0, 0x0, 0x1f, 0xf0, 0x0, 0x3f, 0xe0,
    0x0, 0x3f, 0xe0,

    /* U+005D "]" */
    0x0, 0x3, 0xff, 0xc0, 0x0, 0xff, 0xf0, 0x0,
    0x0, 0xfc, 0x0, 0x0, 0x3e, 0x0, 0x0, 0x1f,
    0x80, 0x0, 0x7, 0xe0, 0x0, 0x1, 0xf8, 0x0,
    0x0, 0x7e, 0x0, 0x0, 0x1f, 0x80, 0x0, 0xf,
    0xe0, 0x0, 0x3, 0xf8, 0x0, 0x0, 0xfe, 0x0,
    0x0, 0x3f, 0x80, 0x0, 0xf, 0xe0, 0x0, 0x3,
    0xf8, 0x0, 0x1, 0xfe, 0x0, 0x0, 0x7f, 0x0,
    0x0, 0x1f, 0xc0, 0x0, 0x7, 0xf0, 0x0, 0x1,
    0xfc, 0x0, 0x0, 0x7f, 0x0, 0x0, 0x3f, 0xc0,
    0x0, 0xf, 0xf0, 0x0, 0x3, 0xfc, 0x0, 0x0,
    0xff, 0x0, 0x0, 0x3f, 0xc0, 0x0, 0x1f, 0xf0,
    0x0, 0x7, 0xfc, 0x0, 0x1, 0xfe, 0x0, 0x0,
    0x7f, 0x80, 0x0, 0x1f, 0xe0, 0x0, 0x7, 0xf8,
    0x0, 0x3, 0xfe, 0x0, 0x0, 0xff, 0x80, 0x0,
    0x3f, 0xe0, 0x0, 0xf, 0xf8, 0x0, 0x3, 0xfe,
    0x0, 0x1, 0xff, 0x80, 0x0, 0x7f, 0xe0, 0xff,
    0xff, 0xf8, 0x3f, 0xff, 0xfe, 0xf, 0xff, 0xff,
    0x7, 0xff, 0xff, 0xc1, 0xff, 0xff, 0xf0, 0x7f,
    0xff, 0xfc, 0x3f, 0xff, 0xff, 0x0,

    /* U+005E "^" */
    0x0, 0x78, 0x0, 0xf, 0xc0, 0x3, 0xfe, 0x0,
    0xfd, 0xf8, 0x3f, 0x8f, 0xc7, 0xe0, 0x7e,

    /* U+005F "_" */
    0x3f, 0xff, 0xff, 0xfe, 0xff, 0xff, 0xff, 0xfd,
    0xff, 0xff, 0xff, 0xfb, 0xff, 0xff, 0xff, 0xff,
    0xff, 0xff, 0xff, 0xe0,

    /* U+0060 "`" */
    0x18, 0x7, 0x83, 0xfc, 0x1f, 0xe0, 0xfe, 0x7,
    0x0,

    /* U+0061 "a" */
    0x0, 0x1f, 0xe3, 0xf8, 0x0, 0xff, 0xff, 0xf8,
    0x1, 0xff, 0xff, 0xfc, 0x7, 0xff, 0xff, 0xfc,
    0xf, 0xff, 0xff, 0xfc, 0x1f, 0xfc, 0x1f, 0xfc,
    0x1f, 0xf0, 0x7, 0xfc, 0x3f, 0xe0, 0x3, 0xfc,
    0x3f, 0xe0, 0x3, 0xfc, 0x3f, 0xe0, 0x3, 0xfc,
    0x7f, 0xe0, 0x3, 0xfe, 0x7f, 0xe0, 0x7, 0xfe,
    0x7f, 0xf0, 0xf, 0xfe, 0x7f, 0xf8, 0x1f, 0xfe,
    0x3f, 0xff, 0xff, 0xfe, 0x3f, 0xff, 0xff, 0xfe,
    0x1f, 0xff, 0xff, 0xfe, 0x1f, 0xff, 0xff, 0xfe,
    0xf, 0xff, 0xfb, 0xff, 0x3, 0xff, 0xe3, 0xff,
    0x0, 0xff, 0x0, 0x0,

    /* U+0062 "b" */
    0x0, 0x7e, 0x0, 0x0, 0x0, 0x7f, 0x0, 0x0,
    0x0, 0x3f, 0x0, 0x0, 0x0, 0x1f, 0x80, 0x0,
    0x0, 0x1f, 0xc0, 0x0, 0x0, 0xf, 0xe0, 0x0,
    0x0, 0x7, 0xf0, 0x0, 0x0, 0x7, 0xf8, 0x0,
    0x0, 0x3, 0xf8, 0x7f, 0x0, 0x1, 0xfd, 0xff,
    0xf0, 0x1, 0xff, 0xff, 0xfc, 0x0, 0xff, 0xff,
    0xff, 0x0, 0x7f, 0xff, 0xff, 0xc0, 0x7f, 0xf0,
    0x7f, 0xf0, 0x3f, 0xe0, 0xf, 0xf8, 0x1f, 0xf0,
    0x7, 0xfe, 0xf, 0xf0, 0x1, 0xff, 0xf, 0xf8,
    0x0, 0xff, 0x87, 0xfc, 0x0, 0x7f, 0xc3, 0xfe,
    0x0, 0x3f, 0xe3, 0xff, 0x0, 0x3f, 0xf1, 0xff,
    0xc0, 0x3f, 0xf8, 0xff, 0xf0, 0x3f, 0xf8, 0xff,
    0xff, 0xff, 0xfc, 0x7f, 0xff, 0xff, 0xfc, 0x3f,
    0xff, 0xff, 0xfc, 0x3f, 0xff, 0xff, 0xfe, 0x1f,
    0xfb, 0xff, 0xfc, 0xf, 0xfc, 0x7f, 0xfc, 0x0,
    0x0, 0xf, 0xf0, 0x0,

    /* U+0063 "c" */
    0x0, 0xf, 0xf0, 0x0, 0xff, 0xfc, 0x7, 0xff,
    0xf0, 0x1f, 0xff, 0xe0, 0xff, 0xff, 0x83, 0xff,
    0x81, 0x7, 0xfc, 0x0, 0x1f, 0xf0, 0x0, 0x7f,
    0xe0, 0x0, 0xff, 0x80, 0x1, 0xff, 0x0, 0x3,
    0xfe, 0x0, 0x7, 0xfe, 0x0, 0xf, 0xfc, 0x0,
    0x1f, 0xfe, 0x4, 0x3f, 0xff, 0xfc, 0x3f, 0xff,
    0xf8, 0x3f, 0xff, 0xf8, 0x3f, 0xff, 0xf0, 0x3f,
    0xff, 0xf0, 0x3f, 0xff, 0x80, 0xf, 0xf8, 0x0,

    /* U+0064 "d" */
    0x0, 0x0, 0x3, 0xf8, 0x0, 0x0, 0x3, 0xf8,
    0x0, 0x0, 0x3, 0xf8, 0x0, 0x0, 0x3, 0xf8,
    0x0, 0x0, 0x3, 0xf8, 0x0, 0x0, 0x3, 0xf8,
    0x0, 0x0, 0x3, 0xfc, 0x0, 0x0, 0x3, 0xfc,
    0x0, 0xf, 0xe3, 0xfc, 0x0, 0x7f, 0xff, 0xfc,
    0x1, 0xff, 0xff, 0xfc, 0x3, 0xff, 0xff, 0xfc,
    0x7, 0xff, 0xff, 0xfc, 0xf, 0xfe, 0xf, 0xfc,
    0x1f, 0xf8, 0x7, 0xfc, 0x1f, 0xf0, 0x3, 0xfc,
    0x3f, 0xf0, 0x3, 0xfc, 0x3f, 0xe0, 0x3, 0xfe,
    0x3f, 0xe0, 0x3, 0xfe, 0x7f, 0xe0, 0x3, 0xfe,
    0x7f, 0xe0, 0x3, 0xfe, 0x7f, 0xf0, 0x7, 0xfe,
    0x7f, 0xfc, 0x1f, 0xfe, 0x3f, 0xff, 0xff, 0xfe,
    0x3f, 0xff, 0xff, 0xfe, 0x1f, 0xff, 0xff, 0xfe,
    0x1f, 0xff, 0xff, 0xfe, 0xf, 0xff, 0xfb, 0xff,
    0x3, 0xff, 0xe3, 0xff, 0x0, 0xff, 0x0, 0x0,

    /* U+0065 "e" */
    0x0, 0xf, 0xf8, 0x0, 0x7, 0xff, 0xf0, 0x1,
    0xff, 0xff, 0x80, 0x3f, 0x83, 0xfc, 0xf, 0xf0,
    0x1f, 0xe0, 0xfe, 0x0, 0xff, 0x1f, 0xff, 0xff,
    0xf3, 0xff, 0xff, 0xff, 0x3f, 0xff, 0xff, 0xf7,
    0xfc, 0x0, 0x0, 0x7f, 0xc0, 0x0, 0x7, 0xfc,
    0x0, 0x40, 0x7f, 0xe0, 0xf, 0x7, 0xff, 0x83,
    0xfc, 0x3f, 0xff, 0xff, 0xf3, 0xff, 0xff, 0xfe,
    0x1f, 0xff, 0xff, 0xc0, 0xff, 0xff, 0xf8, 0x7,
    0xff, 0xff, 0x0, 0x3f, 0xff, 0xc0, 0x0, 0x7f,
    0xe0, 0x0,

    /* U+0066 "f" */
    0x0, 0xf, 0xe0, 0x3, 0xff, 0x0, 0xff, 0xe0,
    0xf, 0xc0, 0x1, 0xfc, 0x0, 0x1f, 0xc0, 0x3,
    0xf8, 0x1, 0xff, 0xfc, 0x1f, 0xff, 0xc3, 0xff,
    0xfc, 0x3f, 0xff, 0xc0, 0x7f, 0x80, 0x7, 0xf8,
    0x0, 0x7f, 0x0, 0xf, 0xf0, 0x0, 0xff, 0x0,
    0xf, 0xf0, 0x1, 0xff, 0x0, 0x1f, 0xf0, 0x1,
    0xff, 0x0, 0x1f, 0xf0, 0x3, 0xfe, 0x0, 0x3f,
    0xe0, 0x3, 0xfe, 0x0, 0x3f, 0xe0, 0x7, 0xfe,
    0x0, 0x7f, 0xe0, 0x7, 0xfe, 0x0, 0x7f, 0xc0,
    0xf, 0xfc, 0x0,

    /* U+0067 "g" */
    0x0, 0x1, 0xfe, 0x3f, 0x80, 0x1, 0xff, 0xf7,
    0xf0, 0x0, 0xff, 0xff, 0xfe, 0x0, 0x3f, 0xff,
    0xff, 0xc0, 0xf, 0xff, 0xff, 0xf8, 0x3, 0xff,
    0x83, 0xff, 0x80, 0xff, 0xc0, 0x3f, 0xf0, 0x1f,
    0xf0, 0x3, 0xfe, 0x7, 0xfe, 0x0, 0x7f, 0xc0,
    0xff, 0x80, 0xf, 0xf8, 0x1f, 0xf0, 0x1, 0xff,
    0x3, 0xfe, 0x0, 0x3f, 0xe0, 0xff, 0xc0, 0x7,
    0xfc, 0xf, 0xfc, 0x1, 0xff, 0x81, 0xff, 0xe0,
    0xff, 0xf0, 0x3f, 0xff, 0xff, 0xfe, 0x7, 0xff,
    0xff, 0xff, 0xe0, 0x7f, 0xff, 0xff, 0xfc, 0x7,
    0xff, 0xff, 0xff, 0x80, 0xff, 0xff, 0xff, 0xf0,
    0x7, 0xff, 0xe7, 0xfe, 0x0, 0x3f, 0xe0, 0xff,
    0xc0, 0x0, 0x0, 0x1f, 0xf8, 0x0, 0x0, 0x3,
    0xff, 0x0, 0x40, 0x0, 0xff, 0xe0, 0x78, 0x0,
    0x3f, 0xfc, 0x3f, 0x80, 0xf, 0xff, 0x9f, 0xfe,
    0x7, 0xff, 0xff, 0xff, 0xff, 0xff, 0xfd, 0xff,
    0xff, 0xff, 0xff, 0xbf, 0xff, 0xff, 0xff, 0xe7,
    0xff, 0xff, 0xff, 0xfc, 0x7f, 0xff, 0xff, 0xff,
    0xf, 0xff, 0xff, 0xff, 0xc0, 0xff, 0xff, 0xff,
    0xf0, 0xf, 0xff, 0xff, 0xfc, 0x0, 0xff, 0xff,
    0xfe, 0x0, 0x7, 0xff, 0xff, 0x0, 0x0, 0xf,
    0xfe, 0x0, 0x0,

    /* U+0068 "h" */
    0x0, 0x7e, 0x0, 0x0, 0x1, 0xfc, 0x0, 0x0,
    0x3, 0xf8, 0x0, 0x0, 0x7, 0xe0, 0x0, 0x0,
    0x1f, 0xc0, 0x0, 0x0, 0x3f, 0x80, 0x0, 0x0,
    0x7f, 0x0, 0x0, 0x1, 0xfe, 0x0, 0x0, 0x3,
    0xf8, 0x7e, 0x0, 0x7, 0xf3, 0xff, 0x80, 0x1f,
    0xff, 0xff, 0xc0, 0x3f, 0xff, 0xff, 0x80, 0x7f,
    0xff, 0xff, 0x81, 0xff, 0xc3, 0xff, 0x3, 0xfe,
    0x3, 0xfe, 0x7, 0xf8, 0x3, 0xfe, 0xf, 0xf0,
    0x7, 0xfc, 0x3f, 0xe0, 0xf, 0xf8, 0x7f, 0xc0,
    0x1f, 0xf0, 0xff, 0x0, 0x3f, 0xe3, 0xfe, 0x0,
    0x7f, 0xc7, 0xfc, 0x0, 0xff, 0x8f, 0xf8, 0x1,
    0xff, 0x3f, 0xf0, 0x3, 0xfe, 0x7f, 0xc0, 0x7,
    0xfc, 0xff, 0x80, 0xf, 0xfb, 0xff, 0x0, 0x1f,
    0xf7, 0xfe, 0x0, 0x3f, 0xff, 0xfc, 0x0, 0x7f,
    0xe0,

    /* U+0069 "i" */
    0x0, 0x38, 0x1, 0xf8, 0x3, 0xf0, 0x7, 0xe0,
    0x7, 0x80, 0x0, 0x0, 0x0, 0x1, 0xfe, 0x3,
    0xfc, 0x7, 0xf0, 0x1f, 0xe0, 0x3f, 0xc0, 0x7f,
    0x81, 0xff, 0x3, 0xfe, 0x7, 0xf8, 0xf, 0xf0,
    0x3f, 0xe0, 0x7f, 0xc0, 0xff, 0x83, 0xff, 0x7,
    0xfc, 0xf, 0xf8, 0x3f, 0xf0, 0x7f, 0xe0, 0xff,
    0xc1, 0xff, 0x7, 0xfe, 0x0,

    /* U+006A "j" */
    0x0, 0x0, 0xf, 0x0, 0x0, 0xf, 0xc0, 0x0,
    0xf, 0xe0, 0x0, 0x3, 0xf0, 0x0, 0x1, 0xe0,
    0x0, 0x0, 0x0, 0x0, 0x0, 0x0, 0x0, 0x0,
    0xff, 0x0, 0x0, 0x7f, 0x80, 0x0, 0x3f, 0x80,
    0x0, 0x1f, 0xc0, 0x0, 0x1f, 0xe0, 0x0, 0xf,
    0xf0, 0x0, 0x7, 0xf8, 0x0, 0x3, 0xfc, 0x0,
    0x1, 0xfe, 0x0, 0x1, 0xff, 0x0, 0x0, 0xff,
    0x80, 0x0, 0x7f, 0xc0, 0x0, 0x3f, 0xe0, 0x0,
    0x1f, 0xf0, 0x0, 0x1f, 0xf0, 0x0, 0xf, 0xf8,
    0x0, 0x7, 0xfc, 0x0, 0x3, 0xfe, 0x0, 0x1,
    0xff, 0x0, 0x1, 0xff, 0x80, 0x0, 0xff, 0xc0,
    0x0, 0x7f, 0xe0, 0x0, 0x3f, 0xf0, 0x0, 0x3f,
    0xf8, 0x0, 0x1f, 0xfc, 0x0, 0xf, 0xfe, 0x0,
    0xf, 0xfe, 0x0, 0x8f, 0xff, 0x0, 0xff, 0xff,
    0x80, 0xff, 0xff, 0xc0, 0x7f, 0xff, 0xc0, 0x7f,
    0xff, 0xe0, 0x7f, 0xff, 0xe0, 0x3f, 0xff, 0xf0,
    0x3f, 0xff, 0xf0, 0x3f, 0xff, 0xf0, 0x1f, 0xff,
    0xf0, 0x7, 0xff, 0xe0, 0x0, 0x7f, 0xc0, 0x0,

    /* U+006B "k" */
    0x0, 0x7f, 0x0, 0x0, 0x0, 0xf, 0xc0, 0x0,
    0x0, 0x1, 0xf8, 0x0, 0x0, 0x0, 0x7f, 0x0,
    0x0, 0x0, 0xf, 0xe0, 0x0, 0x0, 0x1, 0xfc,
    0x0, 0x0, 0x0, 0x7f, 0x0, 0x0, 0x0, 0xf,
    0xe0, 0x0, 0x0, 0x1, 0xfc, 0x0, 0x0, 0x0,
    0x7f, 0x80, 0xff, 0x80, 0xf, 0xf0, 0x7f, 0xe0,
    0x1, 0xfe, 0x1f, 0xf8, 0x0, 0x7f, 0x8f, 0xfc,
    0x0, 0xf, 0xf3, 0xff, 0x0, 0x1, 0xff, 0xff,
    0xc0, 0x0, 0x3f, 0xff, 0xe0, 0x0, 0xf, 0xff,
    0xf8, 0x0, 0x1, 0xff, 0xff, 0x0, 0x0, 0x3f,
    0xff, 0xf0, 0x0, 0xf, 0xff, 0xff, 0x0, 0x1,
    0xff, 0x7f, 0xf0, 0x0, 0x3f, 0xe7, 0xff, 0x80,
    0xf, 0xf8, 0x7f, 0xf8, 0x1, 0xff, 0x7, 0xff,
    0x80, 0x3f, 0xe0, 0x7f, 0xf8, 0xf, 0xfc, 0x7,
    0xff, 0x81, 0xff, 0x80, 0x7f, 0xfc, 0x3f, 0xf0,
    0x7, 0xff, 0xcf, 0xfc, 0x0, 0x7f, 0xfc,

    /* U+006C "l" */
    0x7, 0xe0, 0x1f, 0x80, 0xfe, 0x3, 0xf8, 0xf,
    0xe0, 0x3f, 0x81, 0xfe, 0x7, 0xf0, 0x1f, 0xc0,
    0x7f, 0x3, 0xfc, 0xf, 0xf0, 0x3f, 0xc1, 0xff,
    0x7, 0xf8, 0x1f, 0xe0, 0x7f, 0x83, 0xfe, 0xf,
    0xf8, 0x3f, 0xe0, 0xff, 0xc3, 0xff, 0xef, 0xff,
    0xff, 0xfe, 0x7f, 0xf9, 0xff, 0xc3, 0xff, 0x3,
    0xf8,

    /* U+006D "m" */
    0x3, 0xfc, 0x7f, 0x1, 0xfc, 0x0, 0x1, 0xfd,
    0xff, 0xe3, 0xff, 0xc0, 0x1, 0xff, 0xff, 0xfb,
    0xff, 0xf0, 0x0, 0xff, 0xff, 0xff, 0xff, 0xfc,
    0x0, 0x7f, 0xff, 0xff, 0xff, 0xff, 0x0, 0x3f,
    0xe0, 0xff, 0xe0, 0xff, 0x80, 0x3f, 0xe0, 0x3f,
    0xe0, 0x3f, 0xe0, 0x1f, 0xe0, 0x1f, 0xf0, 0xf,
    0xf0, 0xf, 0xf0, 0xf, 0xf8, 0x7, 0xf8, 0xf,
    0xf8, 0x7, 0xfc, 0x3, 0xfe, 0x7, 0xfc, 0x3,
    0xfe, 0x1, 0xff, 0x3, 0xfe, 0x1, 0xff, 0x0,
    0xff, 0x83, 0xfe, 0x0, 0xff, 0x80, 0x3f, 0xe1,
    0xff, 0x0, 0x7f, 0xc0, 0x1f, 0xf0, 0xff, 0x80,
    0x3f, 0xe0, 0xf, 0xf8, 0xff, 0xc0, 0x1f, 0xf0,
    0x7, 0xfe, 0x7f, 0xe0, 0xf, 0xf8, 0x3, 0xff,
    0x3f, 0xe0, 0x7, 0xfc, 0x0, 0xff, 0xbf, 0xf0,
    0x3, 0xfe, 0x0, 0x7f, 0xff, 0xf8, 0x1, 0xff,
    0x0, 0x3f, 0xf0,

    /* U+006E "n" */
    0x3, 0xf8, 0xfe, 0x0, 0x7, 0xf7, 0xff, 0x80,
    0x1f, 0xff, 0xff, 0xc0, 0x3f, 0xff, 0xff, 0xc0,
    0x7f, 0xff, 0xff, 0x81, 0xff, 0xc3, 0xff, 0x3,
    0xfe, 0x3, 0xfe, 0x7, 0xf8, 0x3, 0xfe, 0x1f,
    0xf0, 0x7, 0xfc, 0x3f, 0xe0, 0xf, 0xf8, 0x7f,
    0xc0, 0x1f, 0xf1, 0xff, 0x0, 0x3f, 0xe3, 0xfe,
    0x0, 0x7f, 0xc7, 0xfc, 0x0, 0xff, 0x9f, 0xf8,
    0x1, 0xff, 0x3f, 0xf0, 0x3, 0xfe, 0x7f, 0xc0,
    0x7, 0xfd, 0xff, 0x80, 0xf, 0xfb, 0xff, 0x0,
    0x1f, 0xff, 0xfe, 0x0, 0x3f, 0xf0,

    /* U+006F "o" */
    0x0, 0x3, 0xfe, 0x0, 0x0, 0x3f, 0xff, 0x80,
    0x0, 0xff, 0xff, 0xe0, 0x1, 0xff, 0xff, 0xf8,
    0x7, 0xff, 0xff, 0xfc, 0xf, 0xfe, 0xf, 0xfc,
    0xf, 0xfc, 0x3, 0xfe, 0x1f, 0xf8, 0x1, 0xfe,
    0x3f, 0xf0, 0x1, 0xfe, 0x3f, 0xf0, 0x1, 0xff,
    0x3f, 0xf0, 0x1, 0xff, 0x3f, 0xf0, 0x1, 0xff,
    0x3f, 0xf0, 0x3, 0xfe, 0x3f, 0xf8, 0x7, 0xfe,
    0x3f, 0xfc, 0x1f, 0xfe, 0x3f, 0xff, 0xff, 0xfc,
    0x1f, 0xff, 0xff, 0xf8, 0x1f, 0xff, 0xff, 0xf0,
    0xf, 0xff, 0xff, 0xe0, 0x3, 0xff, 0xff, 0xc0,
    0x1, 0xff, 0xff, 0x0, 0x0, 0x3f, 0xf8, 0x0,

    /* U+0070 "p" */
    0x0, 0xf, 0xe1, 0xfc, 0x0, 0x0, 0x1f, 0xdf,
    0xff, 0x0, 0x0, 0x7f, 0xff, 0xff, 0x0, 0x0,
    0xff, 0xff, 0xff, 0x80, 0x1, 0xff, 0xff, 0xff,
    0x0, 0x7, 0xff, 0x3, 0xff, 0x0, 0xf, 0xf8,
    0x3, 0xff, 0x0, 0x1f, 0xe0, 0x3, 0xfe, 0x0,
    0x7f, 0xc0, 0x7, 0xfc, 0x0, 0xff, 0x80, 0xf,
    0xf8, 0x1, 0xff, 0x0, 0x3f, 0xf0, 0x7, 0xfe,
    0x0, 0x7f, 0xe0, 0xf, 0xff, 0x3, 0xff, 0xc0,
    0x1f, 0xff, 0xff, 0xff, 0x0, 0x7f, 0xff, 0xff,
    0xfe, 0x0, 0xff, 0xff, 0xff, 0xf8, 0x1, 0xff,
    0xff, 0xff, 0xe0, 0x7, 0xfe, 0xff, 0xff, 0x80,
    0xf, 0xfc, 0xff, 0xfc, 0x0, 0x1f, 0xf8, 0x3f,
    0xc0, 0x0, 0x3f, 0xe0, 0x0, 0x0, 0x0, 0xff,
    0xc0, 0x0, 0x0, 0x1, 0xff, 0x80, 0x0, 0x0,
    0x3, 0xff, 0x0, 0x0, 0x0, 0xf, 0xfe, 0x0,
    0x0, 0x0, 0x1f, 0xfc, 0x0, 0x0, 0x0, 0x3f,
    0xf0, 0x0, 0x0, 0x0, 0xff, 0xe0, 0x0, 0x0,
    0x1, 0xff, 0xc0, 0x0, 0x0, 0x3, 0xff, 0x80,
    0x0, 0x0, 0xf, 0xff, 0x0, 0x0, 0x0, 0x1f,
    0xfc, 0x0, 0x0, 0x0, 0x3f, 0xf8, 0x0, 0x0,
    0x0, 0xff, 0xf0, 0x0, 0x0, 0x1, 0xff, 0xe0,
    0x0, 0x0, 0x3, 0xff, 0xc0, 0x0, 0x0, 0xf,
    0xff, 0x80, 0x0, 0x0, 0x0,

    /* U+0071 "q" */
    0x0, 0xf, 0xf1, 0xfe, 0x0, 0x1f, 0xff, 0x7f,
    0x80, 0x1f, 0xff, 0xff, 0xe0, 0xf, 0xff, 0xff,
    0xf8, 0x7, 0xff, 0xff, 0xfe, 0x3, 0xff, 0x81,
    0xff, 0x81, 0xff, 0x80, 0x3f, 0xe0, 0xff, 0xc0,
    0x7, 0xf8, 0x3f, 0xf0, 0x1, 0xfe, 0xf, 0xfc,
    0x0, 0x7f, 0x83, 0xff, 0x0, 0x3f, 0xe1, 0xff,
    0xc0, 0x1f, 0xfc, 0x7f, 0xfc, 0xf, 0xff, 0xf,
    0xff, 0xff, 0xff, 0xc3, 0xff, 0xff, 0xff, 0xf0,
    0x7f, 0xff, 0xff, 0xfc, 0x1f, 0xff, 0xff, 0xff,
    0x3, 0xff, 0xfe, 0xff, 0xc0, 0x3f, 0xfe, 0x3f,
    0xf0, 0x3, 0xfe, 0xf, 0xfc, 0x0, 0x0, 0x3,
    0xff, 0x0, 0x0, 0x0, 0xff, 0xe0, 0x0, 0x0,
    0x3f, 0xf8, 0x0, 0x0, 0xf, 0xfe, 0x0, 0x0,
    0x3, 0xff, 0x80, 0x0, 0x0, 0xff, 0xe0, 0x0,
    0x0, 0x3f, 0xf8, 0x0, 0x0, 0xf, 0xfe, 0x0,
    0x0, 0x3, 0xff, 0x80, 0x0, 0x0, 0xff, 0xe0,
    0x0, 0x0, 0x3f, 0xf8, 0x0, 0x0, 0xf, 0xfe,
    0x0, 0x0, 0x3, 0xff, 0xc0, 0x0, 0x0, 0xff,
    0xf0, 0x0, 0x0, 0x3f, 0xfc, 0x0, 0x0, 0xf,
    0xff, 0x0, 0x0, 0x3, 0xff, 0xc0,

    /* U+0072 "r" */
    0x3, 0xfc, 0x3f, 0x81, 0xfe, 0xff, 0xc0, 0xff,
    0xff, 0xc0, 0x7f, 0xff, 0xc0, 0x7f, 0xff, 0xe0,
    0x3f, 0xf0, 0x20, 0x1f, 0xf0, 0x0, 0x1f, 0xf0,
    0x0, 0xf, 0xf8, 0x0, 0x7, 0xf8, 0x0, 0x7,
    0xfc, 0x0, 0x3, 0xfe, 0x0, 0x1, 0xff, 0x0,
    0x1, 0xff, 0x80, 0x0, 0xff, 0x80, 0x0, 0x7f,
    0xc0, 0x0, 0x7f, 0xe0, 0x0, 0x3f, 0xf0, 0x0,
    0x1f, 0xf8, 0x0, 0x1f, 0xf8, 0x0, 0x0,

    /* U+0073 "s" */
    0x0, 0xf, 0xf8, 0x0, 0x7f, 0xff, 0x0, 0xff,
    0xfe, 0x1, 0xff, 0xfc, 0x3, 0xfc, 0x1c, 0x3,
    0xfc, 0x0, 0x3, 0xff, 0x0, 0x3, 0xff, 0xe0,
    0x3, 0xff, 0xf8, 0x1, 0xff, 0xfe, 0x0, 0xff,
    0xfe, 0x0, 0x3f, 0xff, 0x0, 0x7, 0xff, 0x4,
    0x3, 0xff, 0xe, 0x3, 0xff, 0x1f, 0x83, 0xff,
    0x3f, 0xff, 0xfe, 0x7f, 0xff, 0xfe, 0xff, 0xff,
    0xfc, 0x7f, 0xff, 0xf8, 0x1f, 0xff, 0xe0, 0x7,
    0xff, 0x0,

    /* U+0074 "t" */
    0x3, 0xf8, 0x1, 0xfc, 0x0, 0xfe, 0x0, 0xff,
    0x0, 0x7f, 0x1, 0xff, 0xfd, 0xff, 0xfe, 0xff,
    0xff, 0x7f, 0xff, 0xbf, 0xff, 0x83, 0xfc, 0x3,
    0xfc, 0x1, 0xfe, 0x0, 0xff, 0x0, 0xff, 0x80,
    0x7f, 0xc0, 0x3f, 0xe0, 0x3f, 0xe0, 0x1f, 0xf8,
    0xf, 0xfc, 0x47, 0xff, 0xe3, 0xff, 0xf1, 0xff,
    0xf8, 0xff, 0xfe, 0x3f, 0xff, 0xf, 0xff, 0x81,
    0xfe, 0x0,

    /* U+0075 "u" */
    0x7, 0xf8, 0x7, 0xf8, 0x1f, 0xe0, 0x1f, 0xe0,
    0x7f, 0x0, 0x7f, 0x83, 0xfc, 0x1, 0xfe, 0xf,
    0xf0, 0x7, 0xf8, 0x3f, 0xc0, 0x1f, 0xe1, 0xff,
    0x0, 0x7f, 0x87, 0xf8, 0x1, 0xfe, 0x1f, 0xe0,
    0x7, 0xf8, 0xff, 0x80, 0x1f, 0xe3, 0xfe, 0x0,
    0x7f, 0x8f, 0xf8, 0x3, 0xfe, 0x3f, 0xf0, 0xf,
    0xf8, 0xff, 0xe0, 0xff, 0xe3, 0xff, 0xff, 0xff,
    0x8f, 0xff, 0xff, 0xfe, 0x3f, 0xff, 0xff, 0xf0,
    0x7f, 0xff, 0xff, 0x80, 0xff, 0xff, 0xfc, 0x1,
    0xff, 0xff, 0xc0, 0x0, 0x7f, 0xf8, 0x0,

    /* U+0076 "v" */
    0x7f, 0x80, 0x1f, 0xf7, 0xfc, 0x3, 0xfe, 0x7f,
    0xc0, 0x3f, 0xe3, 0xfe, 0x7, 0xfc, 0x3f, 0xe0,
    0xff, 0x81, 0xfe, 0xf, 0xf8, 0x1f, 0xf1, 0xff,
    0x1, 0xff, 0x3f, 0xe0, 0xf, 0xfb, 0xfe, 0x0,
    0xff, 0xff, 0xc0, 0x7, 0xff, 0xf8, 0x0, 0x7f,
    0xff, 0x80, 0x7, 0xff, 0xf0, 0x0, 0x3f, 0xfe,
    0x0, 0x3, 0xff, 0xe0, 0x0, 0x3f, 0xfc, 0x0,
    0x1, 0xff, 0x80, 0x0, 0x1f, 0xf8, 0x0, 0x0,
    0xff, 0x0, 0x0, 0xf, 0xe0, 0x0,

    /* U+0077 "w" */
    0x7f, 0x80, 0x1f, 0x80, 0x3f, 0xef, 0xf0, 0x7,
    0xf0, 0x7, 0xf9, 0xff, 0x1, 0xff, 0x1, 0xff,
    0x1f, 0xe0, 0x3f, 0xf0, 0x3f, 0xe3, 0xfe, 0xf,
    0xfe, 0x7, 0xf8, 0x3f, 0xc3, 0xff, 0xe1, 0xff,
    0x7, 0xfc, 0x7f, 0xfe, 0x3f, 0xc0, 0xff, 0x9f,
    0xff, 0xcf, 0xf8, 0xf, 0xf7, 0xfb, 0xfd, 0xff,
    0x1, 0xff, 0xff, 0x7f, 0xff, 0xc0, 0x1f, 0xff,
    0xc7, 0xff, 0xf8, 0x3, 0xff, 0xf8, 0x7f, 0xfe,
    0x0, 0x7f, 0xfe, 0xf, 0xff, 0xc0, 0x7, 0xff,
    0xc0, 0xff, 0xf8, 0x0, 0xff, 0xf0, 0x1f, 0xfe,
    0x0, 0x1f, 0xfe, 0x1, 0xff, 0xc0, 0x1, 0xff,
    0x80, 0x3f, 0xf0, 0x0, 0x3f, 0xe0, 0x3, 0xfe,
    0x0, 0x3, 0xfc, 0x0, 0x7f, 0xc0, 0x0, 0x7f,
    0x0, 0x7, 0xf0, 0x0,

    /* U+0078 "x" */
    0x0, 0x7f, 0xc0, 0xff, 0x80, 0x1, 0xfe, 0xf,
    0xf8, 0x0, 0xf, 0xf8, 0xff, 0x80, 0x0, 0x3f,
    0xff, 0xf8, 0x0, 0x0, 0xff, 0xff, 0x80, 0x0,
    0x3, 0xff, 0xf8, 0x0, 0x0, 0x1f, 0xff, 0x80,
    0x0, 0x0, 0x7f, 0xf8, 0x0, 0x0, 0x3, 0xff,
    0x80, 0x0, 0x0, 0x3f, 0xfe, 0x0, 0x0, 0x3,
    0xff, 0xf8, 0x0, 0x0, 0x7f, 0xff, 0xe0, 0x0,
    0x7, 0xff, 0xff, 0x80, 0x0, 0x7f, 0xf7, 0xfe,
    0x0, 0x7, 0xff, 0x3f, 0xf8, 0x0, 0xff, 0xf0,
    0xff, 0xe0, 0xf, 0xff, 0x3, 0xff, 0x80, 0xff,
    0xf0, 0xf, 0xfe, 0xf, 0xff, 0x0, 0x3f, 0xf8,
    0xff, 0xf0, 0x1, 0xff, 0xe0,

    /* U+0079 "y" */
    0x0, 0x3f, 0xc0, 0xf, 0xf8, 0x1, 0xff, 0x0,
    0x7f, 0x80, 0xf, 0xf8, 0x7, 0xfc, 0x0, 0x3f,
    0xe0, 0x7f, 0xc0, 0x1, 0xff, 0x3, 0xfe, 0x0,
    0x7, 0xfc, 0x3f, 0xe0, 0x0, 0x3f, 0xe3, 0xfe,
    0x0, 0x0, 0xff, 0x9f, 0xf0, 0x0, 0x7, 0xff,
    0xff, 0x0, 0x0, 0x3f, 0xff, 0xf0, 0x0, 0x0,
    0xff, 0xff, 0x80, 0x0, 0x7, 0xff, 0xf8, 0x0,
    0x0, 0x1f, 0xff, 0x80, 0x0, 0x0, 0xff, 0xfc,
    0x0, 0x0, 0x3, 0xff, 0xc0, 0x0, 0x0, 0x1f,
    0xfe, 0x0, 0x0, 0x0, 0xff, 0xe0, 0x0, 0x0,
    0xf, 0xfe, 0x0, 0x0, 0x0, 0xff, 0xf0, 0x0,
    0x0, 0x7, 0xff, 0x0, 0x0, 0x0, 0x7f, 0xf0,
    0x0, 0x0, 0x7, 0xff, 0x80, 0x0, 0x0, 0x7f,
    0xf8, 0x0, 0x0, 0x3, 0xff, 0xc0, 0x0, 0x0,
    0x3f, 0xfc, 0x0, 0x0, 0x3, 0xff, 0xc0, 0x0,
    0x0, 0x3f, 0xfe, 0x0, 0x0, 0x3, 0xff, 0xe0,
    0x0, 0x0, 0x1f, 0xfe, 0x0, 0x0, 0x1, 0xff,
    0xf0, 0x0, 0x0, 0x1f, 0xff, 0x0, 0x0, 0x1,
    0xff, 0xf8, 0x0, 0x0, 0xf, 0xff, 0x80, 0x0,
    0x0, 0xff, 0xf8, 0x0, 0x0, 0xf, 0xff, 0xc0,
    0x0, 0x0, 0xff, 0xfc, 0x0, 0x0, 0xf, 0xff,
    0xc0, 0x0, 0x0, 0x0,

    /* U+007A "z" */
    0x0, 0x7f, 0xff, 0xfc, 0x1, 0xff, 0xff, 0xe0,
    0xf, 0xff, 0xff, 0x0, 0x3f, 0xff, 0xf8, 0x0,
    0xff, 0xff, 0xe0, 0x0, 0x1, 0xff, 0x0, 0x0,
    0xf, 0xf8, 0x0, 0x0, 0x7f, 0xc0, 0x0, 0x3,
    0xfe, 0x0, 0x0, 0x3f, 0xf0, 0x0, 0x1, 0xff,
    0xc0, 0x0, 0xf, 0xfe, 0x0, 0x0, 0x7f, 0xf0,
    0x0, 0x3, 0xff, 0x80, 0x0, 0x1f, 0xfc, 0x0,
    0x0, 0xff, 0xff, 0xff, 0x7, 0xff, 0xff, 0xfc,
    0x3f, 0xff, 0xff, 0xf1, 0xff, 0xff, 0xff, 0xcf,
    0xff, 0xff, 0xff, 0x7f, 0xff, 0xff, 0xfc,

    /* U+007B "{" */
    0x0, 0xf, 0xe0, 0x7, 0xfc, 0x1, 0xff, 0x80,
    0x3f, 0x0, 0xf, 0xc0, 0x1, 0xf8, 0x0, 0x3f,
    0x0, 0x7, 0xe0, 0x1, 0xfc, 0x0, 0x3f, 0x80,
    0x7, 0xe0, 0x0, 0xfc, 0x0, 0x3f, 0x80, 0x7,
    0xf0, 0x1, 0xfc, 0x1, 0xff, 0x0, 0x3f, 0xc0,
    0x7, 0xfc, 0x0, 0x3f, 0xc0, 0x7, 0xf8, 0x0,
    0xff, 0x0, 0x1f, 0xe0, 0x3, 0xfc, 0x0, 0xff,
    0x80, 0x1f, 0xe0, 0x3, 0xfc, 0x0, 0x7f, 0x80,
    0x1f, 0xf0, 0x3, 0xfe, 0x0, 0x7f, 0xc0, 0xf,
    0xf0, 0x3, 0xfe, 0x0, 0x7f, 0xc0, 0xf, 0xf8,
    0x1, 0xff, 0x0, 0x7f, 0xe0, 0xf, 0xfc, 0x1,
    0xff, 0xc0, 0x3f, 0xff, 0xc7, 0xff, 0xf8, 0xff,
    0xff, 0x1f, 0xff, 0xc1, 0xff, 0xf8, 0x3f, 0xff,
    0x3, 0xff, 0xe0, 0x3f, 0xfc, 0x1, 0xff, 0x80,

    /* U+007C "|" */
    0x0, 0x7e, 0x0, 0xfc, 0x1, 0xf0, 0x7, 0xe0,
    0xf, 0xc0, 0x1f, 0x80, 0x3f, 0x0, 0xfc, 0x1,
    0xf8, 0x3, 0xf0, 0xf, 0xe0, 0x1f, 0xc0, 0x3f,
    0x0, 0xfe, 0x1, 0xfc, 0x3, 0xf8, 0xf, 0xf0,
    0x1f, 0xc0, 0x3f, 0x80, 0x7f, 0x1, 0xfe, 0x3,
    0xfc, 0x7, 0xf0, 0x1f, 0xe0, 0x3f, 0xc0, 0x7f,
    0x81, 0xff, 0x3, 0xfc, 0x7, 0xf8, 0x1f, 0xf0,
    0x0,

    /* U+007D "}" */
    0x0, 0x3, 0xf8, 0x0, 0x1, 0xfe, 0x0, 0x0,
    0xff, 0x80, 0x0, 0xf, 0xc0, 0x0, 0x7, 0xe0,
    0x0, 0x3, 0xf0, 0x0, 0x3, 0xf8, 0x0, 0x1,
    0xfc, 0x0, 0x0, 0xfc, 0x0, 0x0, 0x7e, 0x0,
    0x0, 0x3f, 0x0, 0x0, 0x3f, 0x80, 0x0, 0x1f,
    0xc0, 0x0, 0xf, 0xe0, 0x0, 0x7, 0xf8, 0x0,
    0x1, 0xff, 0x0, 0x0, 0x7f, 0x80, 0x0, 0xff,
    0xc0, 0x0, 0xff, 0x0, 0x0, 0x7f, 0x0, 0x0,
    0x7f, 0x80, 0x0, 0x3f, 0xc0, 0x0, 0x1f, 0xe0,
    0x0, 0xf, 0xe0, 0x0, 0xf, 0xf0, 0x0, 0x7,
    0xf8, 0x0, 0x3, 0xfc, 0x0, 0x1, 0xfe, 0x0,
    0x1, 0xff, 0x0, 0x0, 0xff, 0x80, 0x0, 0x7f,
    0xc0, 0x0, 0x3f, 0xe0, 0x0, 0x3f, 0xe0, 0x0,
    0x1f, 0xf0, 0x0, 0xf, 0xf8, 0x0, 0xf, 0xfc,
    0x0, 0x7, 0xfe, 0x0, 0xf, 0xfe, 0x0, 0x7f,
    0xff, 0x0, 0x7f, 0xff, 0x80, 0x3f, 0xff, 0x80,
    0x1f, 0xff, 0xc0, 0x1f, 0xff, 0xc0, 0xf, 0xff,
    0xc0, 0x7, 0xff, 0xc0, 0x7, 0xff, 0xc0, 0x3,
    0xff, 0x0, 0x0,

    /* U+007E "~" */
    0x1, 0xf0, 0x0, 0x1, 0xff, 0x1, 0x81, 0xff,
    0xf0, 0xf8, 0xff, 0xff, 0xff, 0x7f, 0xff, 0xff,
    0x9f, 0xf, 0xff, 0xc3, 0x80, 0xff, 0xe0, 0x0,
    0x7, 0xe0,

    /* U+00A1 "¡" */
    0x0, 0x7, 0x80, 0x7, 0xf0, 0x1, 0xfc, 0x0,
    0x7f, 0x0, 0xf, 0x0, 0x0, 0x0, 0x0, 0x0,
    0x0, 0xfc, 0x0, 0x3f, 0x0, 0xf, 0xc0, 0x7,
    0xf0, 0x1, 0xfc, 0x0, 0x7f, 0x0, 0x3f, 0x80,
    0xf, 0xe0, 0x3, 0xf8, 0x1, 0xfe, 0x0, 0x7f,
    0x80, 0x1f, 0xe0, 0xf, 0xf8, 0x3, 0xfc, 0x0,
    0xff, 0x0, 0x7f, 0xc0, 0x1f, 0xf0, 0x7, 0xfc,
    0x3, 0xff, 0x0, 0xff, 0xc0, 0x3f, 0xe0, 0x1f,
    0xf8, 0x7, 0xfe, 0x1, 0xff, 0x80, 0xff, 0xe0,
    0x3f, 0xf8, 0xf, 0xfe, 0x7, 0xff, 0x1, 0xff,
    0xc0, 0xff, 0xf0, 0x3f, 0xfc, 0xf, 0xff, 0x0,

    /* U+00A2 "¢" */
    0x0, 0x7, 0x80, 0x0, 0xf, 0x0, 0x0, 0x3e,
    0x0, 0x0, 0x7f, 0xc0, 0x7, 0xff, 0xe0, 0x3f,
    0xff, 0x81, 0xff, 0xfe, 0x7, 0xfe, 0x4, 0x1f,
    0xf0, 0x0, 0x7f, 0xc0, 0x0, 0xff, 0x80, 0x3,
    0xfe, 0x0, 0x7, 0xfc, 0x0, 0xf, 0xf8, 0x0,
    0x1f, 0xf8, 0x0, 0x3f, 0xf0, 0x0, 0x7f, 0xf8,
    0x10, 0xff, 0xff, 0xf0, 0xff, 0xff, 0xe1, 0xff,
    0xff, 0xe1, 0xff, 0xff, 0xc1, 0xff, 0xff, 0xc0,
    0xff, 0xff, 0x0, 0x7f, 0xf0, 0x0, 0x3f, 0x0,
    0x0, 0x7e, 0x0, 0x1, 0xfc, 0x0, 0x3, 0xf8,
    0x0, 0x7, 0xe0, 0x0, 0xf, 0xc0, 0x0, 0x1f,
    0x80, 0x0,

    /* U+00A3 "£" */
    0x0, 0x0, 0xff, 0x80, 0x0, 0x0, 0xff, 0xfe,
    0x0, 0x0, 0x7f, 0xff, 0xe0, 0x0, 0x1f, 0xe1,
    0xfe, 0x0, 0x7, 0xf8, 0xf, 0x80, 0x0, 0xfe,
    0x1, 0x80, 0x0, 0x3f, 0xc0, 0x0, 0x0, 0x7,
    0xf8, 0x0, 0x0, 0x0, 0xff, 0x0, 0x0, 0x0,
    0x1f, 0xe0, 0x0, 0x0, 0x3, 0xfc, 0x0, 0x0,
    0x0, 0x3f, 0xc0, 0x0, 0x0, 0xff, 0xff, 0xf8,
    0x0, 0x1f, 0xff, 0xff, 0x0, 0x3, 0xff, 0xff,
    0xe0, 0x0, 0x0, 0xff, 0x0, 0x0, 0x0, 0x1f,
    0xe0, 0x0, 0x0, 0x3, 0xfc, 0x0, 0x0, 0x0,
    0xff, 0x0, 0x0, 0x0, 0x1f, 0xe0, 0x6, 0x0,
    0x1f, 0xf8, 0x0, 0xf0, 0xf, 0xff, 0xf0, 0x3f,
    0xc3, 0xff, 0xff, 0xff, 0xf8, 0xff, 0xff, 0xff,
    0xff, 0x3f, 0xff, 0xff, 0xff, 0xef, 0xff, 0xff,
    0xff, 0xfb, 0xf8, 0x1f, 0xff, 0xfe, 0x7e, 0x0,
    0x3f, 0xff, 0x80, 0x0, 0x0, 0x7f, 0xc0,

    /* U+00A4 "¤" */
    0x0, 0x0, 0x0, 0x0, 0x0, 0x1, 0xc0, 0xff,
    0x87, 0x80, 0x3, 0xe7, 0xff, 0xff, 0xe0, 0x7,
    0xff, 0xff, 0xff, 0xc0, 0x1, 0xff, 0xff, 0xff,
    0x0, 0x0, 0xff, 0x81, 0xff, 0x0, 0x1, 0xfe,
    0x0, 0x7f, 0x80, 0x3, 0xfc, 0x0, 0x3f, 0xc0,
    0x3, 0xf8, 0x0, 0x1f, 0xc0, 0x7, 0xf0, 0x0,
    0x1f, 0xe0, 0x7, 0xf0, 0x0, 0xf, 0xe0, 0xf,
    0xf0, 0x0, 0xf, 0xe0, 0xf, 0xf0, 0x0, 0xf,
    0xf0, 0xf, 0xf0, 0x0, 0xf, 0xf0, 0xf, 0xf0,
    0x0, 0x1f, 0xf0, 0xf, 0xf8, 0x0, 0x1f, 0xe0,
    0xf, 0xf8, 0x0, 0x3f, 0xe0, 0x7, 0xfc, 0x0,
    0x7f, 0xe0, 0x7, 0xff, 0x1, 0xff, 0xc0, 0x7,
    0xff, 0xff, 0xff, 0xe0, 0xf, 0xff, 0xff, 0xff,
    0xf8, 0x3f, 0xff, 0xff, 0xff, 0xfc, 0x7f, 0xff,
    0xff, 0xff, 0xff, 0xff, 0xbf, 0xff, 0xf9, 0xfe,
    0x7f, 0xf, 0xff, 0xe0, 0x7c, 0x3e, 0x1, 0xff,
    0x0, 0x3c, 0x38, 0x0, 0x0, 0x0, 0x18, 0x10,
    0x0, 0x0, 0x0, 0x0,

    /* U+00A5 "¥" */
    0xf, 0xf0, 0x1, 0xff, 0x7, 0xf8, 0x3, 0xfe,
    0x7, 0xfc, 0x7, 0xfc, 0x3, 0xfe, 0xf, 0xf8,
    0x1, 0xff, 0x1f, 0xf0, 0x0, 0xff, 0xbf, 0xe0,
    0x0, 0xff, 0xff, 0xc0, 0x0, 0x7f, 0xff, 0x80,
    0x0, 0x3f, 0xff, 0x0, 0x0, 0x1f, 0xfe, 0x0,
    0xf, 0xff, 0xff, 0xfc, 0x1f, 0xff, 0xff, 0xfc,
    0x1f, 0xff, 0xff, 0xfe, 0x1f, 0xff, 0xff, 0xfe,
    0x1f, 0xff, 0xff, 0xfe, 0x0, 0xf, 0xf8, 0x0,
    0x0, 0xf, 0xf8, 0x0, 0x0, 0xf, 0xf8, 0x0,
    0x3f, 0xff, 0xff, 0xfe, 0x7f, 0xff, 0xff, 0xfe,
    0x7f, 0xff, 0xff, 0xff, 0x7f, 0xff, 0xff, 0xff,
    0xff, 0xff, 0xff, 0xff, 0x0, 0x1f, 0xf8, 0x0,
    0x0, 0x1f, 0xf8, 0x0, 0x0, 0x1f, 0xf8, 0x0,
    0x0, 0x1f, 0xf8, 0x0, 0x0, 0x1f, 0xf8, 0x0,
    0x0, 0x3f, 0xf8, 0x0,

    /* U+00A6 "¦" */
    0x0, 0x7e, 0x0, 0xf8, 0x3, 0xf0, 0x7, 0xe0,
    0xf, 0xc0, 0x3f, 0x0, 0x7e, 0x0, 0x0, 0x0,
    0x0, 0x0, 0x0, 0x0, 0x0, 0x0, 0x0, 0x0,
    0x0, 0x0, 0x0, 0x0, 0x3, 0xf8, 0xf, 0xf0,
    0x1f, 0xc0, 0x3f, 0x80, 0xff, 0x1, 0xfe, 0x3,
    0xf8, 0xf, 0xf0, 0x1f, 0xe0, 0x3f, 0xc0, 0xff,
    0x81, 0xfe, 0x3, 0xfc, 0xf, 0xf8, 0x0,

    /* U+00A7 "§" */
    0x0, 0x0, 0x7f, 0xc0, 0x0, 0x0, 0x7f, 0xfe,
    0x0, 0x0, 0x7f, 0xff, 0xc0, 0x0, 0x3f, 0xc3,
    0xf8, 0x0, 0xf, 0xe0, 0x40, 0x0, 0x7, 0xfc,
    0x0, 0x0, 0x1, 0xff, 0xc0, 0x0, 0x0, 0x3f,
    0xfe, 0x0, 0x0, 0xf, 0xff, 0xf0, 0x0, 0x0,
    0xff, 0xff, 0x0, 0x1, 0xff, 0xff, 0xe0, 0x0,
    0xff, 0xff, 0xfc, 0x0, 0xff, 0xf, 0xff, 0x80,
    0x7f, 0x80, 0x7f, 0xe0, 0x1f, 0xc0, 0x7, 0xfc,
    0xf, 0xf0, 0x0, 0xff, 0x3, 0xfe, 0x0, 0x3f,
    0xc0, 0xff, 0xc0, 0xf, 0xe0, 0x7f, 0xfc, 0x7,
    0xf8, 0xf, 0xff, 0xe7, 0xfc, 0x3, 0xff, 0xff,
    0xfe, 0x0, 0x7f, 0xff, 0xff, 0x0, 0x1f, 0xff,
    0xff, 0x0, 0x3, 0xff, 0xff, 0xc0, 0x0, 0x3f,
    0xff, 0xf8, 0x0, 0x7, 0xff, 0xff, 0x0, 0x0,
    0x7f, 0xff, 0xe0, 0x0, 0x7, 0xff, 0xfc, 0x0,
    0x0, 0x7f, 0xff, 0x0, 0x0, 0x7, 0xff, 0xc0,
    0x0, 0x0, 0xff, 0xf0, 0x1, 0x0, 0x1f, 0xfc,
    0xf, 0xc0, 0x7, 0xff, 0x3f, 0xf8, 0x1, 0xff,
    0xcf, 0xff, 0x0, 0xff, 0xf3, 0xff, 0xe0, 0x7f,
    0xfc, 0xff, 0xff, 0xff, 0xff, 0x3f, 0xff, 0xff,
    0xff, 0xcf, 0xff, 0xff, 0xff, 0xe1, 0xff, 0xff,
    0xff, 0xf8, 0x7f, 0xff, 0xff, 0xfc, 0xf, 0xff,
    0xff, 0xfe, 0x3, 0xff, 0xff, 0xff, 0x0, 0x7f,
    0xff, 0xff, 0x80, 0xf, 0xff, 0xff, 0x80, 0x0,
    0xff, 0xff, 0x80, 0x0, 0x7, 0xfe, 0x0, 0x0,

    /* U+00A8 "¨" */
    0x3e, 0x1f, 0x3f, 0x9f, 0xdf, 0xcf, 0xef, 0xc7,
    0xf3, 0xc1, 0xf0,

    /* U+00A9 "©" */
    0x0, 0x1, 0xff, 0x80, 0x0, 0x0, 0xf, 0xff,
    0xf0, 0x0, 0x0, 0x7f, 0x0, 0xfe, 0x0, 0x0,
    0xf8, 0x0, 0x1f, 0x0, 0x3, 0xe0, 0x0, 0x7,
    0xc0, 0x7, 0xc0, 0x7f, 0x83, 0xe0, 0xf, 0x1,
    0xff, 0x81, 0xf0, 0x1f, 0x7, 0xff, 0x80, 0xf8,
    0x3e, 0xf, 0xe0, 0x0, 0x78, 0x3c, 0x1f, 0xc0,
    0x0, 0x7c, 0x7c, 0x1f, 0x80, 0x0, 0x7c, 0x7c,
    0x1f, 0x80, 0x0, 0x3e, 0x7c, 0x1f, 0xc0, 0x0,
    0x3e, 0xfc, 0x1f, 0xe0, 0x0, 0x3e, 0xfc, 0xf,
    0xff, 0x80, 0x7e, 0xfc, 0x7, 0xff, 0xc0, 0x7e,
    0xfe, 0x3, 0xff, 0xc0, 0x7e, 0x7e, 0x0, 0xff,
    0x0, 0xfc, 0x7f, 0x0, 0x0, 0x1, 0xfc, 0x7f,
    0x80, 0x0, 0x3, 0xfc, 0x3f, 0xc0, 0x0, 0x7,
    0xf8, 0x3f, 0xf0, 0x0, 0x1f, 0xf0, 0x1f, 0xfe,
    0x0, 0xff, 0xf0, 0xf, 0xff, 0xff, 0xff, 0xe0,
    0x7, 0xff, 0xff, 0xff, 0x80, 0x1, 0xff, 0xff,
    0xff, 0x0, 0x0, 0xff, 0xff, 0xfc, 0x0, 0x0,
    0x3f, 0xff, 0xf0, 0x0, 0x0, 0x3, 0xff, 0x0,
    0x0,

    /* U+00AA "ª" */
    0xf, 0xfe, 0x7f, 0xfd, 0xf0, 0xfb, 0xc0, 0xf7,
    0x83, 0xef, 0x8f, 0xdf, 0xff, 0x8f, 0xdf,

    /* U+00AB "«" */
    0x0, 0x30, 0xc, 0x0, 0x1e, 0x7, 0xc0, 0x1f,
    0xc3, 0xf8, 0xf, 0xe1, 0xfc, 0x7, 0xf0, 0xfe,
    0x3, 0xf0, 0x7f, 0x3, 0xf8, 0x3f, 0x81, 0xfc,
    0x1f, 0xc0, 0xfe, 0xf, 0xe0, 0x1f, 0xc1, 0xfc,
    0x7, 0xf8, 0x7f, 0x80, 0xfe, 0xf, 0xf0, 0x1f,
    0xc1, 0xfe, 0x7, 0xf8, 0x3f, 0xc0, 0xff, 0x7,
    0xf8, 0x3f, 0xc0, 0xfe, 0x7, 0xf0, 0x3f, 0x80,
    0xf0, 0x7, 0xc0, 0x38, 0x0, 0xc0, 0x0, 0x0,
    0x0,

    /* U+00AC "¬" */
    0x7f, 0xff, 0xff, 0xbf, 0xff, 0xff, 0xdf, 0xff,
    0xff, 0xe0, 0x0, 0x0, 0xf0, 0x0, 0x0, 0x78,
    0x0, 0x0, 0x3c, 0x0, 0x0, 0x1e,

    /* U+00AD "­" */
    0x3f, 0xfc, 0xff, 0xe7, 0xff, 0x9f, 0xfe, 0x7f,
    0xf8,

    /* U+00AE "®" */
    0x1, 0xfc, 0x3, 0x81, 0xc1, 0x9c, 0x18, 0xc6,
    0xc3, 0x61, 0xb0, 0xd8, 0x78, 0x3e, 0x37, 0xd,
    0x8c, 0xe7, 0x70, 0x3, 0x8f, 0x3, 0xc1, 0xff,
    0xe0, 0x1f, 0xc0,

    /* U+00AF "¯" */
    0x7f, 0xff, 0xff, 0xff, 0xff, 0xff,

    /* U+00B0 "°" */
    0x3e, 0x3b, 0xf8, 0xff, 0xe7, 0xe0,

    /* U+00B1 "±" */
    0x0, 0x1, 0xf8, 0x0, 0x0, 0x1f, 0xc0, 0x0,
    0x0, 0xfc, 0x0, 0x0, 0x7, 0xe0, 0x0, 0x3f,
    0xff, 0xff, 0x1, 0xff, 0xff, 0xf8, 0xf, 0xff,
    0xff, 0xc0, 0xff, 0xff, 0xfe, 0x7, 0xff, 0xff,
    0xf0, 0x0, 0x3f, 0x80, 0x0, 0x1, 0xfc, 0x0,
    0x0, 0xf, 0xe0, 0x0, 0x0, 0xff, 0x0, 0x0,
    0x7, 0xf8, 0x0, 0x0, 0x3f, 0xc0, 0x0, 0x0,
    0x0, 0x0, 0x0, 0x0, 0x0, 0x1, 0xff, 0xff,
    0xff, 0xcf, 0xff, 0xff, 0xfe, 0x7f, 0xff, 0xff,
    0xf7, 0xff, 0xff, 0xff, 0xbf, 0xff, 0xff, 0xfd,
    0xff, 0xff, 0xff, 0xff, 0xff, 0xff, 0xff,

    /* U+00B2 "²" */
    0xf, 0xc7, 0x38, 0x7, 0x81, 0xe0, 0x78, 0x3c,
    0xf, 0xf7, 0xfe,

    /* U+00B3 "³" */
    0xf, 0x86, 0x70, 0x1c, 0x1e, 0x1, 0xc0, 0x7f,
    0x39, 0xf8,

    /* U+00B4 "´" */
    0x1, 0x80, 0xf8, 0x7f, 0xbf, 0xcf, 0xe0, 0xe0,
    0x0,

    /* U+00B5 "µ" */
    0x0, 0xff, 0x0, 0xff, 0x0, 0x7f, 0x80, 0x7f,
    0x80, 0x3f, 0x80, 0x3f, 0xc0, 0x3f, 0xc0, 0x1f,
    0xe0, 0x1f, 0xe0, 0xf, 0xf0, 0xf, 0xf0, 0x7,
    0xf8, 0xf, 0xf8, 0x3, 0xfc, 0x7, 0xf8, 0x1,
    0xfe, 0x3, 0xfc, 0x0, 0xff, 0x1, 0xfe, 0x0,
    0x7f, 0x81, 0xff, 0x0, 0x3f, 0xe0, 0xff, 0x80,
    0x3f, 0xf0, 0x7f, 0xe0, 0x1f, 0xf8, 0x7f, 0xf8,
    0x3f, 0xf8, 0x3f, 0xff, 0xff, 0xfc, 0x1f, 0xff,
    0xff, 0xfe, 0x1f, 0xff, 0xff, 0xfe, 0xf, 0xff,
    0xff, 0xfe, 0x7, 0xff, 0xff, 0xfe, 0x3, 0xff,
    0xff, 0xfc, 0x3, 0xff, 0xff, 0xf0, 0x1, 0xff,
    0x80, 0x0, 0x0, 0xff, 0xc0, 0x0, 0x0, 0xff,
    0xe0, 0x0, 0x0, 0x7f, 0xf0, 0x0, 0x0, 0x3f,
    0xf0, 0x0, 0x0, 0x3f, 0xf8, 0x0, 0x0, 0x1f,
    0xfc, 0x0, 0x0, 0xf, 0xfe, 0x0, 0x0, 0x0,

    /* U+00B6 "¶" */
    0x0, 0x7f, 0xff, 0xc0, 0x1f, 0xff, 0xfe, 0x3,
    0xff, 0xfc, 0x70, 0x3f, 0xff, 0xe3, 0xc3, 0xff,
    0xff, 0x1e, 0x1f, 0xff, 0xf8, 0xf1, 0xff, 0xff,
    0xc7, 0x8f, 0xff, 0xfe, 0x3c, 0x7f, 0xff, 0xf1,
    0xe3, 0xff, 0xff, 0x8f, 0xf, 0xff, 0xfc, 0x78,
    0x3f, 0xff, 0xe3, 0xc0, 0xff, 0xff, 0x1f, 0x3,
    0xff, 0xf8, 0xf8, 0x0, 0x7, 0xc7, 0xc0, 0x0,
    0x3e, 0x3e, 0x0, 0x1, 0xf1, 0xf0, 0x0, 0xf,
    0x8f, 0x80, 0x0, 0x7c, 0x7c, 0x0, 0x3, 0xe3,
    0xe0, 0x0, 0x1f, 0x1f, 0x0, 0x0, 0xf8, 0xfc,
    0x0, 0x7, 0xc7, 0xe0, 0x0, 0x7e, 0x3f, 0x0,
    0x3, 0xf1, 0xf8, 0x0, 0x1f, 0x8f, 0xc0, 0x0,
    0xfc, 0x7e, 0x0, 0x7, 0xe3, 0xf0,

    /* U+00B7 "·" */
    0x1e, 0x7f, 0x7f, 0xff, 0x7e, 0x3c,

    /* U+00B8 "¸" */
    0x0, 0x1c, 0x0, 0x3, 0xe0, 0x0, 0x3c, 0x0,
    0x7, 0xc0, 0x0, 0x7c, 0x0, 0xf, 0xf8, 0x0,
    0xff, 0xe0, 0x1f, 0xfe, 0x0, 0xf, 0xf0, 0x0,
    0x3f, 0x0, 0x3, 0xf0, 0xc0, 0x3f, 0x1e, 0x7,
    0xf7, 0xf0, 0xff, 0xff, 0xff, 0xef, 0xff, 0xfe,
    0x7f, 0xff, 0xc3, 0xff, 0xf8, 0x1f, 0xff, 0x0,
    0xff, 0xe0, 0x3, 0xf8, 0x0,

    /* U+00B9 "¹" */
    0x1d, 0xef, 0x8e, 0x39, 0xc7, 0x1c,

    /* U+00BA "º" */
    0x7, 0xf0, 0x7f, 0xf9, 0xf0, 0xff, 0xc0, 0xff,
    0x83, 0xff, 0x8f, 0x9f, 0xfe, 0xf, 0xf0,

    /* U+00BB "»" */
    0x1, 0x80, 0x20, 0x0, 0xf8, 0x1e, 0x0, 0x3f,
    0x87, 0xe0, 0x3, 0xf0, 0x7e, 0x0, 0x3f, 0x7,
    0xe0, 0x7, 0xf0, 0x7e, 0x0, 0x7f, 0x7, 0xe0,
    0x7, 0xf0, 0xfe, 0x0, 0xfe, 0xf, 0xe0, 0x3f,
    0x83, 0xf8, 0xf, 0xe0, 0xfe, 0x3, 0xf8, 0x3f,
    0xc0, 0xfe, 0xf, 0xf0, 0x7f, 0x83, 0xfc, 0x1f,
    0xe0, 0xff, 0x7, 0xf8, 0x3f, 0xc0, 0xfe, 0x3,
    0xf0, 0xf, 0x80, 0x3c, 0x0, 0xe0, 0x3, 0x0,
    0x0, 0x0, 0x0, 0x0,

    /* U+00BC "¼" */
    0x0, 0xc, 0x0, 0x7c, 0x0, 0x0, 0x3c, 0x0,
    0x3c, 0x0, 0x0, 0xfe, 0x0, 0x3c, 0x0, 0x0,
    0x7f, 0x0, 0x3c, 0x0, 0x0, 0x27, 0x80, 0x3e,
    0x0, 0x0, 0x7, 0xc0, 0x3e, 0x0, 0x0, 0x3,
    0xe0, 0x3e, 0x0, 0x0, 0x1, 0xe0, 0x3e, 0x0,
    0x0, 0x0, 0xf0, 0x3e, 0x0, 0x0, 0x0, 0xf8,
    0x1f, 0x1, 0xf0, 0x0, 0x7c, 0x1f, 0x1, 0xf8,
    0x0, 0x3e, 0x1f, 0x0, 0xfc, 0x0, 0x1e, 0x1f,
    0x0, 0xfe, 0x0, 0x1f, 0x1f, 0x0, 0xff, 0x80,
    0x0, 0x1f, 0x80, 0xff, 0xc0, 0x0, 0x1f, 0x80,
    0x7f, 0xe0, 0x0, 0x1f, 0x80, 0x7d, 0xf0, 0x0,
    0x1f, 0x80, 0x7c, 0xf8, 0x0, 0xf, 0x80, 0x7e,
    0x3e, 0x0, 0xf, 0xc0, 0x7e, 0x1f, 0x0, 0xf,
    0xc0, 0x3f, 0xff, 0xf0, 0xf, 0xc0, 0x3f, 0xff,
    0xf8, 0xf, 0xc0, 0x3f, 0xff, 0xfc, 0xf, 0xc0,
    0x1f, 0xff, 0xff, 0xf, 0xe0, 0x0, 0x0, 0xfc,
    0xf, 0xe0, 0x0, 0x0, 0x3e, 0x7, 0xe0, 0x0,
    0x0, 0x1f, 0x7, 0xe0, 0x0, 0x0, 0xf, 0xc7,
    0xe0, 0x0, 0x0, 0x7, 0xe0,

    /* U+00BD "½" */
    0x0, 0x18, 0x0, 0x78, 0x0, 0x0, 0x7, 0xc0,
    0x7, 0x80, 0x0, 0x0, 0xfe, 0x0, 0x7c, 0x0,
    0x0, 0xf, 0xe0, 0x7, 0xc0, 0x0, 0x0, 0x4f,
    0x0, 0x7c, 0x0, 0x0, 0x0, 0x78, 0x7, 0xc0,
    0x0, 0x0, 0x7, 0xc0, 0x3c, 0x0, 0x0, 0x0,
    0x3e, 0x3, 0xe0, 0x0, 0x0, 0x1, 0xf0, 0x3e,
    0x0, 0x0, 0x0, 0xf, 0x3, 0xe0, 0x7f, 0x0,
    0x0, 0xf8, 0x3e, 0xf, 0xfe, 0x0, 0x7, 0xc3,
    0xe0, 0xff, 0xfc, 0x0, 0x3e, 0x3f, 0xf, 0xc7,
    0xe0, 0x1, 0xf3, 0xf0, 0x7c, 0x1f, 0x80, 0x0,
    0x1f, 0x0, 0xc0, 0x7c, 0x0, 0x1, 0xf0, 0x0,
    0x3, 0xe0, 0x0, 0x1f, 0x0, 0x0, 0x3f, 0x0,
    0x1, 0xf8, 0x0, 0x1, 0xf8, 0x0, 0x1f, 0x80,
    0x0, 0x1f, 0xc0, 0x1, 0xf8, 0x0, 0x1, 0xfc,
    0x0, 0x1f, 0x80, 0x0, 0xf, 0xc0, 0x1, 0xf8,
    0x0, 0x0, 0xfc, 0x0, 0x1f, 0xc0, 0x0, 0xf,
    0xc0, 0x0, 0xfc, 0x0, 0x0, 0xfc, 0x0, 0xf,
    0xc0, 0x0, 0x1f, 0xff, 0xf0, 0xfc, 0x0, 0x1,
    0xff, 0xff, 0x8f, 0xc0, 0x0, 0x1f, 0xff, 0xfc,
    0xfe, 0x0, 0x1, 0xff, 0xff, 0xef, 0xe0, 0x0,
    0xf, 0xff, 0xff, 0x80,

    /* U+00BE "¾" */
    0x3, 0xf8, 0x0, 0x3c, 0x0, 0x1, 0xff, 0x80,
    0xf, 0x80, 0x0, 0x18, 0x78, 0x3, 0xe0, 0x0,
    0x0, 0xf, 0x0, 0xf8, 0x0, 0x0, 0xf, 0xc0,
    0x1e, 0x0, 0x0, 0x1, 0xf8, 0x7, 0xc0, 0x0,
    0x0, 0xf, 0x81, 0xf0, 0x0, 0x0, 0x0, 0xf0,
    0x7c, 0x0, 0x0, 0x38, 0x1e, 0x1f, 0x0, 0x0,
    0x1f, 0x87, 0xc3, 0xe0, 0x3f, 0x1, 0xff, 0xf0,
    0xf8, 0xf, 0xe0, 0x1f, 0xfc, 0x3e, 0x1, 0xfc,
    0x1, 0xfe, 0xf, 0x80, 0x7f, 0x80, 0x0, 0x3,
    0xf0, 0x1f, 0xf8, 0x0, 0x0, 0xfc, 0x3, 0xdf,
    0x0, 0x0, 0x1f, 0x0, 0xfb, 0xe0, 0x0, 0x7,
    0xc0, 0x3e, 0x3e, 0x0, 0x1, 0xf8, 0xf, 0xc7,
    0xc0, 0x0, 0x7e, 0x1, 0xf0, 0xf8, 0x0, 0x1f,
    0x80, 0x7f, 0xff, 0xe0, 0x3, 0xf0, 0x1f, 0xff,
    0xfc, 0x0, 0xfc, 0x3, 0xff, 0xff, 0xc0, 0x3f,
    0x0, 0xff, 0xff, 0xf8, 0xf, 0xc0, 0x0, 0x0,
    0xfc, 0x3, 0xf8, 0x0, 0x0, 0x1f, 0x80, 0xfe,
    0x0, 0x0, 0x1, 0xf0, 0x1f, 0x80, 0x0, 0x0,
    0x3e, 0x7, 0xe0, 0x0, 0x0, 0x7, 0xe0,

    /* U+00BF "¿" */
    0x0, 0x0, 0x1e, 0x0, 0x0, 0x0, 0xf, 0xc0,
    0x0, 0x0, 0x7, 0xf8, 0x0, 0x0, 0x1, 0xfc,
    0x0, 0x0, 0x0, 0x3e, 0x0, 0x0, 0x0, 0x0,
    0x0, 0x0, 0x0, 0x0, 0x0, 0x0, 0x0, 0x3,
    0xfc, 0x0, 0x0, 0x0, 0xff, 0x0, 0x0, 0x0,
    0x3f, 0xc0, 0x0, 0x0, 0xf, 0xf0, 0x0, 0x0,
    0x7, 0xfc, 0x0, 0x0, 0xf, 0xff, 0x0, 0x0,
    0xf, 0xff, 0xc0, 0x0, 0xf, 0xff, 0xe0, 0x0,
    0x7, 0xff, 0xf0, 0x0, 0x3, 0xff, 0xf0, 0x0,
    0x1, 0xff, 0xf0, 0x0, 0x0, 0xff, 0xf0, 0x0,
    0x0, 0x7f, 0xf8, 0x0, 0x0, 0x1f, 0xfc, 0x0,
    0x0, 0xf, 0xff, 0x0, 0x18, 0x3, 0xff, 0xc0,
    0x7, 0x80, 0xff, 0xf0, 0x3, 0xf8, 0x3f, 0xfc,
    0x1, 0xff, 0x9f, 0xff, 0x80, 0x7f, 0xf7, 0xff,
    0xf0, 0x7f, 0xfc, 0xff, 0xff, 0xff, 0xfe, 0x3f,
    0xff, 0xff, 0xff, 0x8f, 0xff, 0xff, 0xff, 0xe1,
    0xff, 0xff, 0xff, 0xf0, 0x7f, 0xff, 0xff, 0xf8,
    0xf, 0xff, 0xff, 0xfe, 0x1, 0xff, 0xff, 0xff,
    0x0, 0x3f, 0xff, 0xff, 0x0, 0x7, 0xff, 0xff,
    0x80, 0x0, 0x7f, 0xff, 0x80, 0x0, 0x3, 0xff,
    0x0, 0x0,

    /* U+00C0 "À" */
    0x0, 0x0, 0x7, 0x0, 0x0, 0x0, 0x0, 0x0,
    0x1f, 0x80, 0x0, 0x0, 0x0, 0x0, 0x7, 0xf0,
    0x0, 0x0, 0x0, 0x0, 0x0, 0xe0, 0x0, 0x0,
    0x0, 0x0, 0x0, 0x0, 0x0, 0x0, 0x0, 0x0,
    0x0, 0x0, 0x0, 0x0, 0x0, 0x0, 0x3, 0xf8,
    0x0, 0x0, 0x0, 0x0, 0x3, 0xfc, 0x0, 0x0,
    0x0, 0x0, 0x7, 0xfe, 0x0, 0x0, 0x0, 0x0,
    0xf, 0xfe, 0x0, 0x0, 0x0, 0x0, 0x1f, 0xff,
    0x0, 0x0, 0x0, 0x0, 0x1f, 0xff, 0x80, 0x0,
    0x0, 0x0, 0x3f, 0xbf, 0x80, 0x0, 0x0, 0x0,
    0x7f, 0xbf, 0xc0, 0x0, 0x0, 0x0, 0xff, 0x1f,
    0xe0, 0x0, 0x0, 0x1, 0xff, 0x1f, 0xe0, 0x0,
    0x0, 0x1, 0xfe, 0xf, 0xf0, 0x0, 0x0, 0x3,
    0xfc, 0xf, 0xf8, 0x0, 0x0, 0x7, 0xfc, 0x7,
    0xf8, 0x0, 0x0, 0xf, 0xf8, 0x7, 0xfc, 0x0,
    0x0, 0x1f, 0xff, 0xff, 0xfe, 0x0, 0x0, 0x1f,
    0xff, 0xff, 0xfe, 0x0, 0x0, 0x3f, 0xff, 0xff,
    0xff, 0x0, 0x0, 0x7f, 0xff, 0xff, 0xff, 0x0,
    0x0, 0xff, 0xff, 0xff, 0xff, 0x80, 0x1, 0xff,
    0xff, 0xff, 0xff, 0xc0, 0x1, 0xff, 0x0, 0x0,
    0x7f, 0xc0, 0x3, 0xff, 0x0, 0x0, 0x7f, 0xe0,
    0x7, 0xfe, 0x0, 0x0, 0x3f, 0xf0, 0xf, 0xfe,
    0x0, 0x0, 0x3f, 0xf0, 0x1f, 0xfc, 0x0, 0x0,
    0x3f, 0xf8, 0x1f, 0xf8, 0x0, 0x0, 0x1f, 0xfc,
    0x3f, 0xf8, 0x0, 0x0, 0x1f, 0xfc, 0x7f, 0xf0,
    0x0, 0x0, 0xf, 0xfe, 0xff, 0xf0, 0x0, 0x0,
    0xf, 0xff,

    /* U+00C1 "Á" */
    0x0, 0x0, 0x0, 0x7, 0x0, 0x0, 0x0, 0x0,
    0x0, 0x1f, 0xc0, 0x0, 0x0, 0x0, 0x0, 0x7f,
    0x0, 0x0, 0x0, 0x0, 0x0, 0x78, 0x0, 0x0,
    0x0, 0x0, 0x0, 0x0, 0x0, 0x0, 0x0, 0x0,
    0x0, 0x0, 0x0, 0x0, 0x0, 0x0, 0x3, 0xf8,
    0x0, 0x0, 0x0, 0x0, 0x3, 0xfc, 0x0, 0x0,
    0x0, 0x0, 0x7, 0xfe, 0x0, 0x0, 0x0, 0x0,
    0xf, 0xfe, 0x0, 0x0, 0x0, 0x0, 0x1f, 0xff,
    0x0, 0x0, 0x0, 0x0, 0x1f, 0xff, 0x80, 0x0,
    0x0, 0x0, 0x3f, 0xbf, 0x80, 0x0, 0x0, 0x0,
    0x7f, 0xbf, 0xc0, 0x0, 0x0, 0x0, 0xff, 0x1f,
    0xe0, 0x0, 0x0, 0x1, 0xff, 0x1f, 0xe0, 0x0,
    0x0, 0x1, 0xfe, 0xf, 0xf0, 0x0, 0x0, 0x3,
    0xfc, 0xf, 0xf8, 0x0, 0x0, 0x7, 0xfc, 0x7,
    0xf8, 0x0, 0x0, 0xf, 0xf8, 0x7, 0xfc, 0x0,
    0x0, 0x1f, 0xff, 0xff, 0xfe, 0x0, 0x0, 0x1f,
    0xff, 0xff, 0xfe, 0x0, 0x0, 0x3f, 0xff, 0xff,
    0xff, 0x0, 0x0, 0x7f, 0xff, 0xff, 0xff, 0x0,
    0x0, 0xff, 0xff, 0xff, 0xff, 0x80, 0x1, 0xff,
    0xff, 0xff, 0xff, 0xc0, 0x1, 0xff, 0x0, 0x0,
    0x7f, 0xc0, 0x3, 0xff, 0x0, 0x0, 0x7f, 0xe0,
    0x7, 0xfe, 0x0, 0x0, 0x3f, 0xf0, 0xf, 0xfe,
    0x0, 0x0, 0x3f, 0xf0, 0x1f, 0xfc, 0x0, 0x0,
    0x3f, 0xf8, 0x1f, 0xf8, 0x0, 0x0, 0x1f, 0xfc,
    0x3f, 0xf8, 0x0, 0x0, 0x1f, 0xfc, 0x7f, 0xf0,
    0x0, 0x0, 0xf, 0xfe, 0xff, 0xf0, 0x0, 0x0,
    0xf, 0xff,

    /* U+00C2 "Â" */
    0x0, 0x0, 0x0, 0xf8, 0x0, 0x0, 0x0, 0x0,
    0x3, 0xfe, 0x0, 0x0, 0x0, 0x0, 0x1f, 0xdf,
    0x80, 0x0, 0x0, 0x0, 0xe, 0x7, 0x80, 0x0,
    0x0, 0x0, 0x0, 0x0, 0x0, 0x0, 0x0, 0x0,
    0x0, 0x0, 0x0, 0x0, 0x0, 0x0, 0x3, 0xf8,
    0x0, 0x0, 0x0, 0x0, 0x3, 0xfc, 0x0, 0x0,
    0x0, 0x0, 0x7, 0xfe, 0x0, 0x0, 0x0, 0x0,
    0xf, 0xfe, 0x0, 0x0, 0x0, 0x0, 0x1f, 0xff,
    0x0, 0x0, 0x0, 0x0, 0x1f, 0xff, 0x80, 0x0,
    0x0, 0x0, 0x3f, 0xbf, 0x80, 0x0, 0x0, 0x0,
    0x7f, 0xbf, 0xc0, 0x0, 0x0, 0x0, 0xff, 0x1f,
    0xe0, 0x0, 0x0, 0x1, 0xff, 0x1f, 0xe0, 0x0,
    0x0, 0x1, 0xfe, 0xf, 0xf0, 0x0, 0x0, 0x3,
    0xfc, 0xf, 0xf8, 0x0, 0x0, 0x7, 0xfc, 0x7,
    0xf8, 0x0, 0x0, 0xf, 0xf8, 0x7, 0xfc, 0x0,
    0x0, 0x1f, 0xff, 0xff, 0xfe, 0x0, 0x0, 0x1f,
    0xff, 0xff, 0xfe, 0x0, 0x0, 0x3f, 0xff, 0xff,
    0xff, 0x0, 0x0, 0x7f, 0xff, 0xff, 0xff, 0x0,
    0x0, 0xff, 0xff, 0xff, 0xff, 0x80, 0x1, 0xff,
    0xff, 0xff, 0xff, 0xc0, 0x1, 0xff, 0x0, 0x0,
    0x7f, 0xc0, 0x3, 0xff, 0x0, 0x0, 0x7f, 0xe0,
    0x7, 0xfe, 0x0, 0x0, 0x3f, 0xf0, 0xf, 0xfe,
    0x0, 0x0, 0x3f, 0xf0, 0x1f, 0xfc, 0x0, 0x0,
    0x3f, 0xf8, 0x1f, 0xf8, 0x0, 0x0, 0x1f, 0xfc,
    0x3f, 0xf8, 0x0, 0x0, 0x1f, 0xfc, 0x7f, 0xf0,
    0x0, 0x0, 0xf, 0xfe, 0xff, 0xf0, 0x0, 0x0,
    0xf, 0xff,

    /* U+00C3 "Ã" */
    0x0, 0x0, 0x7, 0xe3, 0xc0, 0x0, 0x0, 0x0,
    0x1f, 0xff, 0x80, 0x0, 0x0, 0x0, 0x1c, 0x3f,
    0x0, 0x0, 0x0, 0x0, 0x0, 0x0, 0x0, 0x0,
    0x0, 0x0, 0x0, 0x0, 0x0, 0x0, 0x0, 0x0,
    0x3, 0xf8, 0x0, 0x0, 0x0, 0x0, 0x3, 0xfc,
    0x0, 0x0, 0x0, 0x0, 0x7, 0xfe, 0x0, 0x0,
    0x0, 0x0, 0xf, 0xfe, 0x0, 0x0, 0x0, 0x0,
    0x1f, 0xff, 0x0, 0x0, 0x0, 0x0, 0x1f, 0xff,
    0x80, 0x0, 0x0, 0x0, 0x3f, 0xbf, 0x80, 0x0,
    0x0, 0x0, 0x7f, 0xbf, 0xc0, 0x0, 0x0, 0x0,
    0xff, 0x1f, 0xe0, 0x0, 0x0, 0x1, 0xff, 0x1f,
    0xe0, 0x0, 0x0, 0x1, 0xfe, 0xf, 0xf0, 0x0,
    0x0, 0x3, 0xfc, 0xf, 0xf8, 0x0, 0x0, 0x7,
    0xfc, 0x7, 0xf8, 0x0, 0x0, 0xf, 0xf8, 0x7,
    0xfc, 0x0, 0x0, 0x1f, 0xff, 0xff, 0xfe, 0x0,
    0x0, 0x1f, 0xff, 0xff, 0xfe, 0x0, 0x0, 0x3f,
    0xff, 0xff, 0xff, 0x0, 0x0, 0x7f, 0xff, 0xff,
    0xff, 0x0, 0x0, 0xff, 0xff, 0xff, 0xff, 0x80,
    0x1, 0xff, 0xff, 0xff, 0xff, 0xc0, 0x1, 0xff,
    0x0, 0x0, 0x7f, 0xc0, 0x3, 0xff, 0x0, 0x0,
    0x7f, 0xe0, 0x7, 0xfe, 0x0, 0x0, 0x3f, 0xf0,
    0xf, 0xfe, 0x0, 0x0, 0x3f, 0xf0, 0x1f, 0xfc,
    0x0, 0x0, 0x3f, 0xf8, 0x1f, 0xf8, 0x0, 0x0,
    0x1f, 0xfc, 0x3f, 0xf8, 0x0, 0x0, 0x1f, 0xfc,
    0x7f, 0xf0, 0x0, 0x0, 0xf, 0xfe, 0xff, 0xf0,
    0x0, 0x0, 0xf, 0xff,

    /* U+00C4 "Ä" */
    0x0, 0x0, 0xf, 0xf, 0x0, 0x0, 0x0, 0x0,
    0x3f, 0x3f, 0x0, 0x0, 0x0, 0x0, 0x7c, 0x3c,
    0x0, 0x0, 0x0, 0x0, 0x0, 0x0, 0x0, 0x0,
    0x0, 0x0, 0x0, 0x0, 0x0, 0x0, 0x0, 0x0,
    0x7f, 0x0, 0x0, 0x0, 0x0, 0x1, 0xff, 0x0,
    0x0, 0x0, 0x0, 0x3, 0xff, 0x0, 0x0, 0x0,
    0x0, 0xf, 0xfe, 0x0, 0x0, 0x0, 0x0, 0x3f,
    0xfe, 0x0, 0x0, 0x0, 0x0, 0xff, 0xfe, 0x0,
    0x0, 0x0, 0x3, 0xff, 0xfc, 0x0, 0x0, 0x0,
    0x7, 0xfb, 0xfc, 0x0, 0x0, 0x0, 0x1f, 0xe7,
    0xfc, 0x0, 0x0, 0x0, 0x7f, 0x87, 0xf8, 0x0,
    0x0, 0x1, 0xff, 0xf, 0xf8, 0x0, 0x0, 0x7,
    0xfc, 0xf, 0xf0, 0x0, 0x0, 0xf, 0xf0, 0x1f,
    0xf0, 0x0, 0x0, 0x3f, 0xe0, 0x1f, 0xf0, 0x0,
    0x0, 0xff, 0xff, 0xff, 0xe0, 0x0, 0x3, 0xff,
    0xff, 0xff, 0xe0, 0x0, 0xf, 0xff, 0xff, 0xff,
    0xe0, 0x0, 0x1f, 0xff, 0xff, 0xff, 0xc0, 0x0,
    0x7f, 0xff, 0xff, 0xff, 0xc0, 0x1, 0xff, 0xff,
    0xff, 0xff, 0xc0, 0x7, 0xfe, 0x0, 0x0, 0xff,
    0x80, 0xf, 0xf8, 0x0, 0x1, 0xff, 0x80, 0x3f,
    0xf0, 0x0, 0x3, 0xff, 0x80, 0xff, 0xc0, 0x0,
    0x3, 0xff, 0x3, 0xff, 0x80, 0x0, 0x7, 0xff,
    0xf, 0xfe, 0x0, 0x0, 0x7, 0xff, 0x1f, 0xfc,
    0x0, 0x0, 0xf, 0xfe, 0x7f, 0xf0, 0x0, 0x0,
    0xf, 0xff, 0xff, 0xc0, 0x0, 0x0, 0x1f, 0xfc,

    /* U+00C5 "Å" */
    0x0, 0x0, 0x1, 0xf8, 0x0, 0x0, 0x0, 0x0,
    0xf, 0x3c, 0x0, 0x0, 0x0, 0x0, 0x1c, 0x38,
    0x0, 0x0, 0x0, 0x0, 0x3f, 0xf0, 0x0, 0x0,
    0x0, 0x0, 0x3f, 0x80, 0x0, 0x0, 0x0, 0x0,
    0x0, 0x0, 0x0, 0x0, 0x0, 0x0, 0x0, 0x0,
    0x0, 0x0, 0x0, 0x1, 0xfc, 0x0, 0x0, 0x0,
    0x0, 0x7, 0xfc, 0x0, 0x0, 0x0, 0x0, 0xf,
    0xf8, 0x0, 0x0, 0x0, 0x0, 0x3f, 0xf8, 0x0,
    0x0, 0x0, 0x0, 0xff, 0xf8, 0x0, 0x0, 0x0,
    0x3, 0xff, 0xf0, 0x0, 0x0, 0x0, 0xf, 0xff,
    0xf0, 0x0, 0x0, 0x0, 0x1f, 0xcf, 0xf0, 0x0,
    0x0, 0x0, 0x7f, 0x9f, 0xe0, 0x0, 0x0, 0x1,
    0xfe, 0x1f, 0xe0, 0x0, 0x0, 0x7, 0xfc, 0x3f,
    0xe0, 0x0, 0x0, 0x1f, 0xf0, 0x3f, 0xc0, 0x0,
    0x0, 0x3f, 0xc0, 0x7f, 0xc0, 0x0, 0x0, 0xff,
    0x80, 0x7f, 0xc0, 0x0, 0x3, 0xff, 0xff, 0xff,
    0x80, 0x0, 0xf, 0xff, 0xff, 0xff, 0x80, 0x0,
    0x3f, 0xff, 0xff, 0xff, 0x0, 0x0, 0x7f, 0xff,
    0xff, 0xff, 0x0, 0x1, 0xff, 0xff, 0xff, 0xff,
    0x0, 0x7, 0xff, 0xff, 0xff, 0xfe, 0x0, 0x1f,
    0xf8, 0x0, 0x7, 0xfe, 0x0, 0x7f, 0xe0, 0x0,
    0x7, 0xfe, 0x0, 0xff, 0xc0, 0x0, 0xf, 0xfc,
    0x3, 0xff, 0x0, 0x0, 0xf, 0xfc, 0xf, 0xfe,
    0x0, 0x0, 0x1f, 0xfc, 0x3f, 0xf8, 0x0, 0x0,
    0x1f, 0xf8, 0x7f, 0xf0, 0x0, 0x0, 0x3f, 0xf9,
    0xff, 0xc0, 0x0, 0x0, 0x7f, 0xff, 0xff, 0x0,
    0x0, 0x0, 0x7f, 0xf0,

    /* U+00C6 "Æ" */
    0x0, 0x0, 0x0, 0x3f, 0xff, 0xff, 0xe0, 0x0,
    0x0, 0x0, 0x0, 0x1f, 0xff, 0xff, 0xfc, 0x0,
    0x0, 0x0, 0x0, 0xf, 0xff, 0xff, 0xff, 0x80,
    0x0, 0x0, 0x0, 0x7, 0xff, 0xff, 0xff, 0xe0,
    0x0, 0x0, 0x0, 0x3, 0xff, 0xff, 0x0, 0x0,
    0x0, 0x0, 0x0, 0x1, 0xff, 0x7f, 0xc0, 0x0,
    0x0, 0x0, 0x0, 0x0, 0xff, 0x9f, 0xf0, 0x0,
    0x0, 0x0, 0x0, 0x0, 0x7f, 0xe7, 0xfc, 0x0,
    0x0, 0x0, 0x0, 0x0, 0x3f, 0xf1, 0xff, 0x80,
    0x0, 0x0, 0x0, 0x0, 0x1f, 0xf8, 0x7f, 0xff,
    0xff, 0x80, 0x0, 0x0, 0xf, 0xfe, 0x1f, 0xff,
    0xff, 0xf0, 0x0, 0x0, 0x3, 0xff, 0x7, 0xff,
    0xff, 0xfe, 0x0, 0x0, 0x1, 0xff, 0x81, 0xff,
    0xff, 0xff, 0x80, 0x0, 0x0, 0xff, 0xe0, 0x3f,
    0xff, 0xff, 0xf0, 0x0, 0x0, 0x7f, 0xff, 0xff,
    0xfc, 0x0, 0x0, 0x0, 0x0, 0x3f, 0xff, 0xff,
    0xff, 0x80, 0x0, 0x0, 0x0, 0x1f, 0xff, 0xff,
    0xff, 0xe0, 0x0, 0x0, 0x0, 0xf, 0xff, 0xff,
    0xff, 0xf8, 0x0, 0x0, 0x0, 0x7, 0xff, 0xff,
    0xff, 0xfe, 0x0, 0x0, 0x0, 0x3, 0xff, 0xff,
    0xff, 0xff, 0xc0, 0x0, 0x0, 0x1, 0xff, 0xf0,
    0x0, 0xff, 0xf0, 0x0, 0x0, 0x0, 0xff, 0xf8,
    0x0, 0x3f, 0xff, 0xff, 0xff, 0x0, 0x7f, 0xfc,
    0x0, 0x7, 0xff, 0xff, 0xff, 0xe0, 0x1f, 0xff,
    0x0, 0x1, 0xff, 0xff, 0xff, 0xfc, 0xf, 0xff,
    0x80, 0x0, 0x7f, 0xff, 0xff, 0xff, 0x7, 0xff,
    0xc0, 0x0, 0x1f, 0xff, 0xff, 0xff, 0xe3, 0xff,
    0xf0, 0x0, 0x7, 0xff, 0xff, 0xff, 0xf9, 0xff,
    0xf8, 0x0, 0x1, 0xff, 0xff, 0xff, 0xff,

    /* U+00C7 "Ç" */
    0x0, 0x0, 0x7f, 0xe0, 0x0, 0x0, 0x7f, 0xff,
    0xe0, 0x0, 0x1f, 0xff, 0xfe, 0x0, 0x7, 0xff,
    0xff, 0xe0, 0x0, 0xff, 0xff, 0xfc, 0x0, 0x3f,
    0xfc, 0x1, 0xc0, 0x7, 0xff, 0x0, 0x0, 0x0,
    0xff, 0xc0, 0x0, 0x0, 0xf, 0xf8, 0x0, 0x0,
    0x1, 0xff, 0x0, 0x0, 0x0, 0x3f, 0xe0, 0x0,
    0x0, 0x3, 0xfe, 0x0, 0x0, 0x0, 0x3f, 0xe0,
    0x0, 0x0, 0x3, 0xfe, 0x0, 0x0, 0x0, 0x7f,
    0xe0, 0x0, 0x0, 0x7, 0xfe, 0x0, 0x0, 0x0,
    0x7f, 0xf0, 0x0, 0x0, 0x3, 0xff, 0x80, 0x0,
    0x0, 0x3f, 0xfc, 0x0, 0x0, 0x3, 0xff, 0xe0,
    0x0, 0x20, 0x1f, 0xff, 0xc0, 0x1f, 0x1, 0xff,
    0xff, 0xff, 0xf8, 0xf, 0xff, 0xff, 0xff, 0x80,
    0x7f, 0xff, 0xff, 0xfc, 0x3, 0xff, 0xff, 0xff,
    0xe0, 0x1f, 0xff, 0xff, 0xff, 0x0, 0xff, 0xff,
    0xff, 0xe0, 0x3, 0xff, 0xff, 0xfc, 0x0, 0x7,
    0xff, 0xfe, 0x0, 0x0, 0x3f, 0xfe, 0x0, 0x0,
    0x7, 0xc0, 0x0, 0x0, 0x0, 0x78, 0x0, 0x0,
    0x0, 0xf, 0x80, 0x0, 0x0, 0x0, 0xff, 0x0,
    0x0, 0x0, 0x1f, 0xfc, 0x0, 0x0, 0x1, 0xff,
    0xe0, 0x0, 0x0, 0x10, 0xff, 0x0, 0x0, 0x0,
    0x7, 0xf0, 0x0, 0x0, 0x0, 0x3f, 0x0, 0x0,
    0x4, 0x3, 0xf0, 0x0, 0x1, 0xe0, 0x3f, 0x0,
    0x0, 0x3f, 0x87, 0xf0, 0x0, 0xf, 0xff, 0xff,
    0x0, 0x0, 0x7f, 0xff, 0xf0, 0x0, 0x3, 0xff,
    0xfe, 0x0, 0x0, 0x3f, 0xff, 0xc0, 0x0, 0x0,
    0xff, 0xf8, 0x0, 0x0, 0x7, 0xff, 0x0, 0x0,
    0x0, 0x1f, 0xc0, 0x0, 0x0,

    /* U+00C8 "È" */
    0x0, 0xe, 0x0, 0x0, 0x3, 0xf0, 0x0, 0x0,
    0x1f, 0x80, 0x0, 0x0, 0xf0, 0x0, 0x0, 0x0,
    0x0, 0x0, 0x0, 0x0, 0x0, 0x1f, 0xff, 0xf8,
    0x3, 0xff, 0xff, 0x0, 0xff, 0xff, 0xe0, 0x1f,
    0xff, 0xfc, 0x3, 0xf8, 0x0, 0x0, 0x7f, 0x0,
    0x0, 0x1f, 0xe0, 0x0, 0x3, 0xfc, 0x0, 0x0,
    0x7f, 0x80, 0x0, 0x1f, 0xff, 0xfe, 0x3, 0xff,
    0xff, 0xc0, 0x7f, 0xff, 0xf8, 0x1f, 0xff, 0xff,
    0x3, 0xff, 0xff, 0xe0, 0x7f, 0xc0, 0x0, 0x1f,
    0xf0, 0x0, 0x3, 0xfe, 0x0, 0x0, 0x7f, 0xc0,
    0x0, 0x1f, 0xf8, 0x0, 0x3, 0xff, 0x0, 0x0,
    0x7f, 0xe0, 0x0, 0x1f, 0xff, 0xff, 0xf3, 0xff,
    0xff, 0xfe, 0x7f, 0xff, 0xff, 0xcf, 0xff, 0xff,
    0xfb, 0xff, 0xff, 0xff, 0x7f, 0xff, 0xff, 0xef,
    0xff, 0xff, 0xfc,

    /* U+00C9 "É" */
    0x0, 0x0, 0x1c, 0x0, 0x0, 0xf, 0xe0, 0x0,
    0x7, 0xe0, 0x0, 0x1, 0xe0, 0x0, 0x0, 0x0,
    0x0, 0x0, 0x0, 0x0, 0x0, 0x1f, 0xff, 0xf8,
    0x3, 0xff, 0xff, 0x0, 0xff, 0xff, 0xe0, 0x1f,
    0xff, 0xfc, 0x3, 0xf8, 0x0, 0x0, 0x7f, 0x0,
    0x0, 0x1f, 0xe0, 0x0, 0x3, 0xfc, 0x0, 0x0,
    0x7f, 0x80, 0x0, 0x1f, 0xff, 0xfe, 0x3, 0xff,
    0xff, 0xc0, 0x7f, 0xff, 0xf8, 0x1f, 0xff, 0xff,
    0x3, 0xff, 0xff, 0xe0, 0x7f, 0xc0, 0x0, 0x1f,
    0xf0, 0x0, 0x3, 0xfe, 0x0, 0x0, 0x7f, 0xc0,
    0x0, 0x1f, 0xf8, 0x0, 0x3, 0xff, 0x0, 0x0,
    0x7f, 0xe0, 0x0, 0x1f, 0xff, 0xff, 0xf3, 0xff,
    0xff, 0xfe, 0x7f, 0xff, 0xff, 0xcf, 0xff, 0xff,
    0xfb, 0xff, 0xff, 0xff, 0x7f, 0xff, 0xff, 0xef,
    0xff, 0xff, 0xfc,

    /* U+00CA "Ê" */
    0x0, 0x0, 0xf0, 0x0, 0x0, 0x7f, 0xc0, 0x0,
    0x7e, 0x7e, 0x0, 0xf, 0x3, 0x80, 0x0, 0x0,
    0x0, 0x0, 0x0, 0x0, 0x0, 0x1f, 0xff, 0xf8,
    0x3, 0xff, 0xff, 0x0, 0xff, 0xff, 0xe0, 0x1f,
    0xff, 0xfc, 0x3, 0xf8, 0x0, 0x0, 0x7f, 0x0,
    0x0, 0x1f, 0xe0, 0x0, 0x3, 0xfc, 0x0, 0x0,
    0x7f, 0x80, 0x0, 0x1f, 0xff, 0xfe, 0x3, 0xff,
    0xff, 0xc0, 0x7f, 0xff, 0xf8, 0x1f, 0xff, 0xff,
    0x3, 0xff, 0xff, 0xe0, 0x7f, 0xc0, 0x0, 0x1f,
    0xf0, 0x0, 0x3, 0xfe, 0x0, 0x0, 0x7f, 0xc0,
    0x0, 0x1f, 0xf8, 0x0, 0x3, 0xff, 0x0, 0x0,
    0x7f, 0xe0, 0x0, 0x1f, 0xff, 0xff, 0xf3, 0xff,
    0xff, 0xfe, 0x7f, 0xff, 0xff, 0xcf, 0xff, 0xff,
    0xfb, 0xff, 0xff, 0xff, 0x7f, 0xff, 0xff, 0xef,
    0xff, 0xff, 0xfc,

    /* U+00CB "Ë" */
    0x0, 0xf, 0xf, 0x0, 0x3, 0xf3, 0xf0, 0x0,
    0x7c, 0x3c, 0x0, 0x0, 0x0, 0x0, 0x0, 0x0,
    0x0, 0x0, 0xff, 0xff, 0x80, 0x1f, 0xff, 0xf0,
    0x7, 0xff, 0xfe, 0x0, 0xff, 0xff, 0xc0, 0x1f,
    0xc0, 0x0, 0x7, 0xf8, 0x0, 0x0, 0xff, 0x0,
    0x0, 0x1f, 0xe0, 0x0, 0x3, 0xfc, 0x0, 0x0,
    0xff, 0xff, 0xf0, 0x1f, 0xff, 0xfe, 0x3, 0xff,
    0xff, 0xc0, 0xff, 0xff, 0xf8, 0x1f, 0xff, 0xff,
    0x3, 0xfc, 0x0, 0x0, 0xff, 0x80, 0x0, 0x1f,
    0xf0, 0x0, 0x3, 0xfe, 0x0, 0x0, 0xff, 0xc0,
    0x0, 0x1f, 0xf8, 0x0, 0x3, 0xfe, 0x0, 0x0,
    0xff, 0xff, 0xff, 0x9f, 0xff, 0xff, 0xf3, 0xff,
    0xff, 0xfe, 0x7f, 0xff, 0xff, 0xdf, 0xff, 0xff,
    0xfb, 0xff, 0xff, 0xff, 0x7f, 0xff, 0xff, 0xe0,

    /* U+00CC "Ì" */
    0x0, 0xe0, 0x3, 0xf8, 0x0, 0xfe, 0x0, 0x3c,
    0x0, 0x0, 0x0, 0x0, 0x0, 0x7f, 0x0, 0x7f,
    0x0, 0xfe, 0x0, 0xfe, 0x0, 0xfe, 0x1, 0xfe,
    0x1, 0xfe, 0x1, 0xfe, 0x3, 0xfc, 0x3, 0xfc,
    0x3, 0xfc, 0x7, 0xfc, 0x7, 0xfc, 0x7, 0xf8,
    0x7, 0xf8, 0xf, 0xf8, 0xf, 0xf8, 0xf, 0xf8,
    0x1f, 0xf8, 0x1f, 0xf0, 0x1f, 0xf0, 0x3f, 0xf0,
    0x3f, 0xf0, 0x3f, 0xf0, 0x7f, 0xf0, 0x7f, 0xe0,
    0x7f, 0xe0, 0xff, 0xe0,

    /* U+00CD "Í" */
    0x0, 0x1, 0xc0, 0x0, 0x7f, 0x0, 0x1f, 0x80,
    0x3, 0xc0, 0x0, 0x0, 0x0, 0x0, 0x0, 0x0,
    0x7f, 0x0, 0x7, 0xf0, 0x0, 0xfe, 0x0, 0xf,
    0xe0, 0x0, 0xfe, 0x0, 0x1f, 0xe0, 0x1, 0xfe,
    0x0, 0x1f, 0xe0, 0x3, 0xfc, 0x0, 0x3f, 0xc0,
    0x3, 0xfc, 0x0, 0x7f, 0xc0, 0x7, 0xfc, 0x0,
    0x7f, 0x80, 0x7, 0xf8, 0x0, 0xff, 0x80, 0xf,
    0xf8, 0x0, 0xff, 0x80, 0x1f, 0xf8, 0x1, 0xff,
    0x0, 0x1f, 0xf0, 0x3, 0xff, 0x0, 0x3f, 0xf0,
    0x3, 0xff, 0x0, 0x7f, 0xf0, 0x7, 0xfe, 0x0,
    0x7f, 0xe0, 0xf, 0xfe, 0x0,

    /* U+00CE "Î" */
    0x0, 0xf, 0x0, 0x3, 0xfe, 0x0, 0xfe, 0xfe,
    0x3, 0x81, 0xc0, 0x0, 0x0, 0x0, 0x0, 0x0,
    0x1, 0xfc, 0x0, 0xf, 0xe0, 0x0, 0xfe, 0x0,
    0x7, 0xf0, 0x0, 0x3f, 0x80, 0x3, 0xfc, 0x0,
    0x1f, 0xe0, 0x0, 0xff, 0x0, 0xf, 0xf0, 0x0,
    0x7f, 0x80, 0x3, 0xfc, 0x0, 0x3f, 0xe0, 0x1,
    0xff, 0x0, 0xf, 0xf0, 0x0, 0x7f, 0x80, 0x7,
    0xfc, 0x0, 0x3f, 0xe0, 0x1, 0xff, 0x0, 0x1f,
    0xf8, 0x0, 0xff, 0x80, 0x7, 0xfc, 0x0, 0x7f,
    0xe0, 0x3, 0xff, 0x0, 0x1f, 0xf8, 0x1, 0xff,
    0xc0, 0xf, 0xfc, 0x0, 0x7f, 0xe0, 0x7, 0xff,
    0x0, 0x0,

    /* U+00CF "Ï" */
    0x0, 0xf1, 0xe0, 0x3f, 0xbf, 0x1, 0xe3, 0xe0,
    0x0, 0x0, 0x0, 0x0, 0x0, 0x0, 0x0, 0x0,
    0x7e, 0x0, 0xf, 0xe0, 0x0, 0xfe, 0x0, 0xf,
    0xe0, 0x1, 0xfe, 0x0, 0x1f, 0xe0, 0x1, 0xfc,
    0x0, 0x3f, 0xc0, 0x3, 0xfc, 0x0, 0x3f, 0xc0,
    0x7, 0xfc, 0x0, 0x7f, 0x80, 0x7, 0xf8, 0x0,
    0x7f, 0x80, 0xf, 0xf8, 0x0, 0xff, 0x80, 0xf,
    0xf8, 0x1, 0xff, 0x0, 0x1f, 0xf0, 0x1, 0xff,
    0x0, 0x3f, 0xf0, 0x3, 0xff, 0x0, 0x3f, 0xf0,
    0x7, 0xfe, 0x0, 0x7f, 0xe0, 0x7, 0xfe, 0x0,
    0xff, 0xe0, 0xf, 0xfe, 0x0,

    /* U+00D0 "Ð" */
    0x3, 0xff, 0xf0, 0x0, 0x1, 0xff, 0xff, 0x0,
    0x0, 0xff, 0xff, 0xf0, 0x0, 0x7f, 0xff, 0xfc,
    0x0, 0x7f, 0x87, 0xff, 0x0, 0x3f, 0xc0, 0x7f,
    0xe0, 0x1f, 0xe0, 0x1f, 0xf0, 0xf, 0xe0, 0x7,
    0xfc, 0xf, 0xf0, 0x1, 0xff, 0x1f, 0xff, 0x80,
    0xff, 0xbf, 0xff, 0xe0, 0x7f, 0xdf, 0xff, 0xf0,
    0x3f, 0xff, 0xff, 0xf8, 0x1f, 0xf9, 0xff, 0xe0,
    0xf, 0xfc, 0x7f, 0xc0, 0x7, 0xfe, 0x3f, 0xe0,
    0x7, 0xff, 0x3f, 0xe0, 0x3, 0xff, 0x1f, 0xf0,
    0x3, 0xff, 0x8f, 0xf8, 0x3, 0xff, 0xc7, 0xfc,
    0x3, 0xff, 0xc7, 0xfe, 0xf, 0xff, 0xc3, 0xff,
    0xff, 0xff, 0xe1, 0xff, 0xff, 0xff, 0xe0, 0xff,
    0xff, 0xff, 0xc0, 0xff, 0xff, 0xff, 0xc0, 0x7f,
    0xff, 0xff, 0x80, 0x3f, 0xff, 0xff, 0x0, 0x1f,
    0xff, 0xf8, 0x0, 0x0,

    /* U+00D1 "Ñ" */
    0x0, 0x0, 0x7c, 0x38, 0x0, 0x0, 0x1, 0xff,
    0xf8, 0x0, 0x0, 0x3, 0xc3, 0xe0, 0x0, 0x0,
    0x0, 0x0, 0x0, 0x0, 0x0, 0x0, 0x0, 0x0,
    0x0, 0x0, 0x0, 0x0, 0x0, 0x0, 0x0, 0x7f,
    0x0, 0xf, 0xc0, 0x0, 0xff, 0x80, 0xf, 0xe0,
    0x0, 0xff, 0xc0, 0xf, 0xe0, 0x0, 0xff, 0xe0,
    0xf, 0xe0, 0x0, 0xff, 0xf0, 0xf, 0xe0, 0x1,
    0xff, 0xf0, 0xf, 0xe0, 0x1, 0xff, 0xf8, 0xf,
    0xf0, 0x1, 0xff, 0xfc, 0xf, 0xf0, 0x3, 0xfd,
    0xfe, 0xf, 0xf0, 0x3, 0xfc, 0xff, 0xf, 0xf0,
    0x3, 0xfc, 0x7f, 0x8f, 0xf0, 0x7, 0xfc, 0x7f,
    0xcf, 0xf8, 0x7, 0xf8, 0x3f, 0xcf, 0xf8, 0x7,
    0xf8, 0x1f, 0xef, 0xf8, 0xf, 0xf8, 0x1f, 0xff,
    0xf8, 0xf, 0xf8, 0xf, 0xff, 0xf8, 0xf, 0xf8,
    0x7, 0xff, 0xfc, 0x1f, 0xf8, 0x3, 0xff, 0xfc,
    0x1f, 0xf0, 0x3, 0xff, 0xfc, 0x1f, 0xf0, 0x1,
    0xff, 0xfc, 0x1f, 0xf0, 0x0, 0xff, 0xfc, 0x3f,
    0xf0, 0x0, 0x7f, 0xfe, 0x3f, 0xf0, 0x0, 0x7f,
    0xfe, 0x3f, 0xf0, 0x0, 0x3f, 0xfe, 0x7f, 0xe0,
    0x0, 0x1f, 0xfe, 0x7f, 0xe0, 0x0, 0xf, 0xfe,
    0x7f, 0xe0, 0x0, 0xf, 0xff, 0xff, 0xe0, 0x0,
    0x7, 0xff,

    /* U+00D2 "Ò" */
    0x0, 0x1, 0x80, 0x0, 0x0, 0x0, 0x1f, 0x80,
    0x0, 0x0, 0x0, 0x3f, 0x80, 0x0, 0x0, 0x0,
    0x3f, 0x0, 0x0, 0x0, 0x0, 0x10, 0x0, 0x0,
    0x0, 0x0, 0x0, 0x0, 0x0, 0x0, 0x1f, 0xf8,
    0x0, 0x0, 0x3, 0xff, 0xfc, 0x0, 0x0, 0x7f,
    0xff, 0xfc, 0x0, 0x3, 0xff, 0xff, 0xfc, 0x0,
    0x3f, 0xff, 0xff, 0xf8, 0x1, 0xff, 0xc0, 0x7f,
    0xf0, 0xf, 0xfc, 0x0, 0x7f, 0xe0, 0x7f, 0xe0,
    0x0, 0x7f, 0xc3, 0xff, 0x0, 0x1, 0xff, 0xf,
    0xf8, 0x0, 0x3, 0xfe, 0x7f, 0xe0, 0x0, 0xf,
    0xf9, 0xff, 0x0, 0x0, 0x1f, 0xe7, 0xfc, 0x0,
    0x0, 0x7f, 0xdf, 0xf0, 0x0, 0x1, 0xff, 0xff,
    0xc0, 0x0, 0x7, 0xff, 0xff, 0x0, 0x0, 0x3f,
    0xff, 0xfc, 0x0, 0x0, 0xff, 0xff, 0xf8, 0x0,
    0x7, 0xff, 0x7f, 0xf0, 0x0, 0x3f, 0xf9, 0xff,
    0xe0, 0x1, 0xff, 0xe7, 0xff, 0xe0, 0x1f, 0xff,
    0x8f, 0xff, 0xff, 0xff, 0xfc, 0x3f, 0xff, 0xff,
    0xff, 0xe0, 0x7f, 0xff, 0xff, 0xff, 0x80, 0xff,
    0xff, 0xff, 0xfc, 0x1, 0xff, 0xff, 0xff, 0xe0,
    0x3, 0xff, 0xff, 0xfe, 0x0, 0x3, 0xff, 0xff,
    0xe0, 0x0, 0x3, 0xff, 0xfe, 0x0, 0x0, 0x1,
    0xff, 0xc0, 0x0,

    /* U+00D3 "Ó" */
    0x0, 0x0, 0x3, 0x0, 0x0, 0x0, 0x0, 0x3f,
    0x0, 0x0, 0x0, 0x3, 0xf8, 0x0, 0x0, 0x0,
    0x1f, 0x0, 0x0, 0x0, 0x0, 0x20, 0x0, 0x0,
    0x0, 0x0, 0x0, 0x0, 0x0, 0x0, 0x1f, 0xf8,
    0x0, 0x0, 0x3, 0xff, 0xfc, 0x0, 0x0, 0x7f,
    0xff, 0xfc, 0x0, 0x3, 0xff, 0xff, 0xfc, 0x0,
    0x3f, 0xff, 0xff, 0xf8, 0x1, 0xff, 0xc0, 0x7f,
    0xf0, 0xf, 0xfc, 0x0, 0x7f, 0xe0, 0x7f, 0xe0,
    0x0, 0x7f, 0xc3, 0xff, 0x0, 0x1, 0xff, 0xf,
    0xf8, 0x0, 0x3, 0xfe, 0x7f, 0xe0, 0x0, 0xf,
    0xf9, 0xff, 0x0, 0x0, 0x1f, 0xe7, 0xfc, 0x0,
    0x0, 0x7f, 0xdf, 0xf0, 0x0, 0x1, 0xff, 0xff,
    0xc0, 0x0, 0x7, 0xff, 0xff, 0x0, 0x0, 0x3f,
    0xff, 0xfc, 0x0, 0x0, 0xff, 0xff, 0xf8, 0x0,
    0x7, 0xff, 0x7f, 0xf0, 0x0, 0x3f, 0xf9, 0xff,
    0xe0, 0x1, 0xff, 0xe7, 0xff, 0xe0, 0x1f, 0xff,
    0x8f, 0xff, 0xff, 0xff, 0xfc, 0x3f, 0xff, 0xff,
    0xff, 0xe0, 0x7f, 0xff, 0xff, 0xff, 0x80, 0xff,
    0xff, 0xff, 0xfc, 0x1, 0xff, 0xff, 0xff, 0xe0,
    0x3, 0xff, 0xff, 0xfe, 0x0, 0x3, 0xff, 0xff,
    0xe0, 0x0, 0x3, 0xff, 0xfe, 0x0, 0x0, 0x1,
    0xff, 0xc0, 0x0,

    /* U+00D4 "Ô" */
    0x0, 0x0, 0x18, 0x0, 0x0, 0x0, 0x3, 0xfc,
    0x0, 0x0, 0x0, 0x3f, 0xfc, 0x0, 0x0, 0x1,
    0xf0, 0xf8, 0x0, 0x0, 0x2, 0x0, 0x40, 0x0,
    0x0, 0x0, 0x0, 0x0, 0x0, 0x0, 0x1f, 0xf8,
    0x0, 0x0, 0x3, 0xff, 0xfc, 0x0, 0x0, 0x7f,
    0xff, 0xfc, 0x0, 0x3, 0xff, 0xff, 0xfc, 0x0,
    0x3f, 0xff, 0xff, 0xf8, 0x1, 0xff, 0xc0, 0x7f,
    0xf0, 0xf, 0xfc, 0x0, 0x7f, 0xe0, 0x7f, 0xe0,
    0x0, 0x7f, 0xc3, 0xff, 0x0, 0x1, 0xff, 0xf,
    0xf8, 0x0, 0x3, 0xfe, 0x7f, 0xe0, 0x0, 0xf,
    0xf9, 0xff, 0x0, 0x0, 0x1f, 0xe7, 0xfc, 0x0,
    0x0, 0x7f, 0xdf, 0xf0, 0x0, 0x1, 0xff, 0xff,
    0xc0, 0x0, 0x7, 0xff, 0xff, 0x0, 0x0, 0x3f,
    0xff, 0xfc, 0x0, 0x0, 0xff, 0xff, 0xf8, 0x0,
    0x7, 0xff, 0x7f, 0xf0, 0x0, 0x3f, 0xf9, 0xff,
    0xe0, 0x1, 0xff, 0xe7, 0xff, 0xe0, 0x1f, 0xff,
    0x8f, 0xff, 0xff, 0xff, 0xfc, 0x3f, 0xff, 0xff,
    0xff, 0xe0, 0x7f, 0xff, 0xff, 0xff, 0x80, 0xff,
    0xff, 0xff, 0xfc, 0x1, 0xff, 0xff, 0xff, 0xe0,
    0x3, 0xff, 0xff, 0xfe, 0x0, 0x3, 0xff, 0xff,
    0xe0, 0x0, 0x3, 0xff, 0xfe, 0x0, 0x0, 0x1,
    0xff, 0xc0, 0x0,

    /* U+00D5 "Õ" */
    0x0, 0x0, 0x0, 0xe0, 0x0, 0x0, 0xf, 0xff,
    0x80, 0x0, 0x0, 0x7f, 0xfe, 0x0, 0x0, 0x3,
    0xc3, 0xe0, 0x0, 0x0, 0x0, 0x0, 0x0, 0x0,
    0x0, 0x7, 0xfe, 0x0, 0x0, 0x0, 0xff, 0xff,
    0x0, 0x0, 0x1f, 0xff, 0xff, 0x0, 0x0, 0xff,
    0xff, 0xff, 0x0, 0xf, 0xff, 0xff, 0xfe, 0x0,
    0x7f, 0xf0, 0x1f, 0xfc, 0x3, 0xff, 0x0, 0x1f,
    0xf8, 0x1f, 0xf8, 0x0, 0x1f, 0xf0, 0xff, 0xc0,
    0x0, 0x7f, 0xc3, 0xfe, 0x0, 0x0, 0xff, 0x9f,
    0xf8, 0x0, 0x3, 0xfe, 0x7f, 0xc0, 0x0, 0x7,
    0xf9, 0xff, 0x0, 0x0, 0x1f, 0xf7, 0xfc, 0x0,
    0x0, 0x7f, 0xff, 0xf0, 0x0, 0x1, 0xff, 0xff,
    0xc0, 0x0, 0xf, 0xff, 0xff, 0x0, 0x0, 0x3f,
    0xff, 0xfe, 0x0, 0x1, 0xff, 0xdf, 0xfc, 0x0,
    0xf, 0xfe, 0x7f, 0xf8, 0x0, 0x7f, 0xf9, 0xff,
    0xf8, 0x7, 0xff, 0xe3, 0xff, 0xff, 0xff, 0xff,
    0xf, 0xff, 0xff, 0xff, 0xf8, 0x1f, 0xff, 0xff,
    0xff, 0xe0, 0x3f, 0xff, 0xff, 0xff, 0x0, 0x7f,
    0xff, 0xff, 0xf8, 0x0, 0xff, 0xff, 0xff, 0x80,
    0x0, 0xff, 0xff, 0xf8, 0x0, 0x0, 0xff, 0xff,
    0x80, 0x0, 0x0, 0x7f, 0xf0, 0x0, 0x0,

    /* U+00D6 "Ö" */
    0x0, 0x3, 0xe3, 0xc0, 0x0, 0x0, 0x1f, 0x9f,
    0x80, 0x0, 0x0, 0x3c, 0x3c, 0x0, 0x0, 0x0,
    0x0, 0x0, 0x0, 0x0, 0x1, 0xff, 0x80, 0x0,
    0x0, 0x3f, 0xff, 0xc0, 0x0, 0x7, 0xff, 0xff,
    0xc0, 0x0, 0x3f, 0xff, 0xff, 0xc0, 0x3, 0xff,
    0xff, 0xff, 0x80, 0x1f, 0xfc, 0x7, 0xff, 0x0,
    0xff, 0xc0, 0x7, 0xfe, 0x7, 0xfe, 0x0, 0x7,
    0xfc, 0x3f, 0xf0, 0x0, 0x1f, 0xf0, 0xff, 0x80,
    0x0, 0x3f, 0xe7, 0xfe, 0x0, 0x0, 0xff, 0x9f,
    0xf0, 0x0, 0x1, 0xfe, 0x7f, 0xc0, 0x0, 0x7,
    0xfd, 0xff, 0x0, 0x0, 0x1f, 0xff, 0xfc, 0x0,
    0x0, 0x7f, 0xff, 0xf0, 0x0, 0x3, 0xff, 0xff,
    0xc0, 0x0, 0xf, 0xff, 0xff, 0x80, 0x0, 0x7f,
    0xf7, 0xff, 0x0, 0x3, 0xff, 0x9f, 0xfe, 0x0,
    0x1f, 0xfe, 0x7f, 0xfe, 0x1, 0xff, 0xf8, 0xff,
    0xff, 0xff, 0xff, 0xc3, 0xff, 0xff, 0xff, 0xfe,
    0x7, 0xff, 0xff, 0xff, 0xf8, 0xf, 0xff, 0xff,
    0xff, 0xc0, 0x1f, 0xff, 0xff, 0xfe, 0x0, 0x3f,
    0xff, 0xff, 0xe0, 0x0, 0x3f, 0xff, 0xfe, 0x0,
    0x0, 0x3f, 0xff, 0xe0, 0x0, 0x0, 0x1f, 0xfc,
    0x0, 0x0,

    /* U+00D7 "×" */
    0x1, 0x80, 0x18, 0x3, 0xe0, 0x3e, 0x3, 0xf8,
    0x3f, 0x83, 0xfe, 0x7f, 0xe0, 0x7f, 0xff, 0xc0,
    0x1f, 0xff, 0x80, 0x7, 0xff, 0x80, 0x1, 0xff,
    0x80, 0x1, 0xff, 0xe0, 0x3, 0xff, 0xf8, 0x3,
    0xff, 0xfe, 0x7, 0xfe, 0xff, 0xc7, 0xfe, 0x3f,
    0xf7, 0xfc, 0xf, 0xf9, 0xfc, 0x3, 0xf8, 0x7c,
    0x0, 0xf8, 0x18, 0x0, 0x38, 0x0,

    /* U+00D8 "Ø" */
    0x0, 0x0, 0xff, 0x87, 0x0, 0x0, 0xf, 0xff,
    0xff, 0x80, 0x0, 0xff, 0xff, 0xff, 0x0, 0x3,
    0xff, 0xff, 0xfc, 0x0, 0x1f, 0xff, 0xff, 0xf8,
    0x0, 0x7f, 0xf0, 0x1f, 0xfc, 0x1, 0xff, 0x80,
    0x7f, 0xfc, 0x7, 0xfc, 0x1, 0xff, 0xf8, 0x1f,
    0xf0, 0xf, 0xff, 0xf8, 0x3f, 0xe0, 0x3f, 0xcf,
    0xf8, 0xff, 0x80, 0xff, 0x1f, 0xf1, 0xff, 0x3,
    0xfc, 0x1f, 0xe3, 0xfe, 0xf, 0xf0, 0x3f, 0xe7,
    0xfc, 0x7f, 0xc0, 0x7f, 0xdf, 0xf9, 0xfe, 0x1,
    0xff, 0xbf, 0xf7, 0xf8, 0x3, 0xff, 0x7f, 0xff,
    0xe0, 0x7, 0xfe, 0xff, 0xff, 0x80, 0x1f, 0xfc,
    0xff, 0xfe, 0x0, 0x7f, 0xf1, 0xff, 0xf8, 0x1,
    0xff, 0xe3, 0xff, 0xf0, 0xf, 0xff, 0xc3, 0xff,
    0xff, 0xff, 0xff, 0x7, 0xff, 0xff, 0xff, 0xfc,
    0xf, 0xff, 0xff, 0xff, 0xf8, 0x7f, 0xff, 0xff,
    0xff, 0xe1, 0xff, 0xff, 0xff, 0xff, 0x83, 0xff,
    0xff, 0xff, 0xfc, 0x3, 0xfb, 0xff, 0xff, 0xf0,
    0x3, 0xe1, 0xff, 0xff, 0x0, 0x3, 0x80, 0x7f,
    0xf0, 0x0, 0x2, 0x0, 0x0, 0x0, 0x0, 0x0,

    /* U+00D9 "Ù" */
    0x0, 0x7, 0x0, 0x0, 0x0, 0xf, 0xe0, 0x0,
    0x0, 0x1, 0xfc, 0x0, 0x0, 0x0, 0x1e, 0x0,
    0x0, 0x0, 0x0, 0x0, 0x0, 0x0, 0x0, 0x0,
    0x0, 0xf, 0xe0, 0x7, 0xf0, 0x7, 0xf0, 0x3,
    0xf8, 0x3, 0xf8, 0x1, 0xfc, 0x3, 0xfc, 0x0,
    0xfe, 0x1, 0xfe, 0x0, 0x7f, 0x0, 0xfe, 0x0,
    0x3f, 0x80, 0xff, 0x0, 0x1f, 0xe0, 0x7f, 0x80,
    0xf, 0xf0, 0x3f, 0xc0, 0x7, 0xf8, 0x1f, 0xe0,
    0x3, 0xfc, 0x1f, 0xe0, 0x1, 0xfe, 0xf, 0xf0,
    0x0, 0xff, 0x7, 0xf8, 0x0, 0x7f, 0xc7, 0xfc,
    0x0, 0x3f, 0xe3, 0xfe, 0x0, 0x1f, 0xf1, 0xff,
    0x0, 0xf, 0xf9, 0xff, 0x80, 0x7, 0xfc, 0xff,
    0xc0, 0x7, 0xfe, 0x7f, 0xf0, 0x7, 0xff, 0x3f,
    0xfc, 0x7, 0xff, 0x9f, 0xff, 0xff, 0xff, 0xcf,
    0xff, 0xff, 0xff, 0xc7, 0xff, 0xff, 0xff, 0xe1,
    0xff, 0xff, 0xff, 0xe0, 0x7f, 0xff, 0xff, 0xe0,
    0x3f, 0xff, 0xff, 0xe0, 0x7, 0xff, 0xff, 0xe0,
    0x1, 0xff, 0xff, 0xc0, 0x0, 0xf, 0xfe, 0x0,
    0x0,

    /* U+00DA "Ú" */
    0x0, 0x0, 0xe, 0x0, 0x0, 0x0, 0x3f, 0x80,
    0x0, 0x0, 0x7f, 0x0, 0x0, 0x0, 0x3c, 0x0,
    0x0, 0x0, 0x0, 0x0, 0x0, 0x0, 0x0, 0x0,
    0x0, 0xf, 0xe0, 0x7, 0xf0, 0x7, 0xf0, 0x3,
    0xf8, 0x3, 0xf8, 0x1, 0xfc, 0x3, 0xfc, 0x0,
    0xfe, 0x1, 0xfe, 0x0, 0x7f, 0x0, 0xfe, 0x0,
    0x3f, 0x80, 0xff, 0x0, 0x1f, 0xe0, 0x7f, 0x80,
    0xf, 0xf0, 0x3f, 0xc0, 0x7, 0xf8, 0x1f, 0xe0,
    0x3, 0xfc, 0x1f, 0xe0, 0x1, 0xfe, 0xf, 0xf0,
    0x0, 0xff, 0x7, 0xf8, 0x0, 0x7f, 0xc7, 0xfc,
    0x0, 0x3f, 0xe3, 0xfe, 0x0, 0x1f, 0xf1, 0xff,
    0x0, 0xf, 0xf9, 0xff, 0x80, 0x7, 0xfc, 0xff,
    0xc0, 0x7, 0xfe, 0x7f, 0xf0, 0x7, 0xff, 0x3f,
    0xfc, 0x7, 0xff, 0x9f, 0xff, 0xff, 0xff, 0xcf,
    0xff, 0xff, 0xff, 0xc7, 0xff, 0xff, 0xff, 0xe1,
    0xff, 0xff, 0xff, 0xe0, 0x7f, 0xff, 0xff, 0xe0,
    0x3f, 0xff, 0xff, 0xe0, 0x7, 0xff, 0xff, 0xe0,
    0x1, 0xff, 0xff, 0xc0, 0x0, 0xf, 0xfe, 0x0,
    0x0,

    /* U+00DB "Û" */
    0x0, 0x0, 0xf8, 0x0, 0x0, 0x1, 0xff, 0x0,
    0x0, 0x7, 0xf7, 0xf0, 0x0, 0x1, 0xc0, 0xf0,
    0x0, 0x0, 0x0, 0x0, 0x0, 0x0, 0x0, 0x0,
    0x0, 0xf, 0xe0, 0x7, 0xf0, 0x7, 0xf0, 0x3,
    0xf8, 0x3, 0xf8, 0x1, 0xfc, 0x3, 0xfc, 0x0,
    0xfe, 0x1, 0xfe, 0x0, 0x7f, 0x0, 0xfe, 0x0,
    0x3f, 0x80, 0xff, 0x0, 0x1f, 0xe0, 0x7f, 0x80,
    0xf, 0xf0, 0x3f, 0xc0, 0x7, 0xf8, 0x1f, 0xe0,
    0x3, 0xfc, 0x1f, 0xe0, 0x1, 0xfe, 0xf, 0xf0,
    0x0, 0xff, 0x7, 0xf8, 0x0, 0x7f, 0xc7, 0xfc,
    0x0, 0x3f, 0xe3, 0xfe, 0x0, 0x1f, 0xf1, 0xff,
    0x0, 0xf, 0xf9, 0xff, 0x80, 0x7, 0xfc, 0xff,
    0xc0, 0x7, 0xfe, 0x7f, 0xf0, 0x7, 0xff, 0x3f,
    0xfc, 0x7, 0xff, 0x9f, 0xff, 0xff, 0xff, 0xcf,
    0xff, 0xff, 0xff, 0xc7, 0xff, 0xff, 0xff, 0xe1,
    0xff, 0xff, 0xff, 0xe0, 0x7f, 0xff, 0xff, 0xe0,
    0x3f, 0xff, 0xff, 0xe0, 0x7, 0xff, 0xff, 0xe0,
    0x1, 0xff, 0xff, 0xc0, 0x0, 0xf, 0xfe, 0x0,
    0x0,

    /* U+00DC "Ü" */
    0x0, 0x0, 0x0, 0x0, 0x0, 0x3, 0xf7, 0xe0,
    0x0, 0x1, 0xfb, 0xf0, 0x0, 0x0, 0xf8, 0xf0,
    0x0, 0x0, 0x0, 0x0, 0x0, 0x0, 0x0, 0x0,
    0x0, 0x7, 0xf0, 0x7, 0xf0, 0x3, 0xf8, 0x3,
    0xf8, 0x1, 0xfc, 0x1, 0xfe, 0x1, 0xfc, 0x0,
    0xff, 0x0, 0xfe, 0x0, 0x7f, 0x80, 0x7f, 0x0,
    0x3f, 0xc0, 0x7f, 0x80, 0x1f, 0xe0, 0x3f, 0xc0,
    0xf, 0xf0, 0x1f, 0xe0, 0x7, 0xfc, 0x1f, 0xe0,
    0x3, 0xfe, 0xf, 0xf0, 0x1, 0xff, 0x7, 0xf8,
    0x0, 0xff, 0x87, 0xfc, 0x0, 0x7f, 0xc3, 0xfe,
    0x0, 0x3f, 0xe1, 0xfe, 0x0, 0x1f, 0xf1, 0xff,
    0x0, 0xf, 0xfc, 0xff, 0x80, 0x7, 0xfe, 0x7f,
    0xe0, 0x3, 0xff, 0x3f, 0xf0, 0x3, 0xff, 0x9f,
    0xfe, 0x7, 0xff, 0x8f, 0xff, 0xff, 0xff, 0xc7,
    0xff, 0xff, 0xff, 0xe3, 0xff, 0xff, 0xff, 0xf0,
    0xff, 0xff, 0xff, 0xf0, 0x7f, 0xff, 0xff, 0xf0,
    0x1f, 0xff, 0xff, 0xf0, 0x7, 0xff, 0xff, 0xf0,
    0x0, 0xff, 0xff, 0xe0, 0x0, 0xf, 0xff, 0x0,
    0x0,

    /* U+00DD "Ý" */
    0x0, 0x0, 0xe0, 0x0, 0x0, 0x7f, 0x0, 0x0,
    0x1f, 0xc0, 0x0, 0x1, 0xe0, 0x0, 0x0, 0x0,
    0x0, 0x0, 0x0, 0x0, 0x0, 0xff, 0x0, 0xf,
    0xf7, 0xf8, 0x1, 0xfe, 0x3f, 0xc0, 0x3f, 0xc3,
    0xfe, 0x7, 0xf8, 0x1f, 0xf0, 0xff, 0x0, 0xff,
    0xbf, 0xe0, 0x7, 0xff, 0xfc, 0x0, 0x7f, 0xff,
    0x80, 0x3, 0xff, 0xf8, 0x0, 0x1f, 0xff, 0x0,
    0x1, 0xff, 0xe0, 0x0, 0xf, 0xfc, 0x0, 0x0,
    0x7f, 0x80, 0x0, 0x7, 0xf8, 0x0, 0x0, 0xff,
    0x80, 0x0, 0xf, 0xf8, 0x0, 0x0, 0xff, 0x80,
    0x0, 0xf, 0xf8, 0x0, 0x0, 0xff, 0x80, 0x0,
    0xf, 0xf8, 0x0, 0x1, 0xff, 0x80, 0x0, 0x1f,
    0xf8, 0x0, 0x1, 0xff, 0x80, 0x0, 0x1f, 0xf8,
    0x0, 0x1, 0xff, 0x80, 0x0, 0x1f, 0xf8, 0x0,
    0x3, 0xff, 0x80, 0x0, 0x3f, 0xf8, 0x0,

    /* U+00DE "Þ" */
    0x0, 0x7e, 0x0, 0x0, 0x1, 0xfc, 0x0, 0x0,
    0x3, 0xf8, 0x0, 0x0, 0x7, 0xf0, 0x0, 0x0,
    0x1f, 0xff, 0xf0, 0x0, 0x3f, 0xff, 0xfc, 0x0,
    0x7f, 0xff, 0xfc, 0x1, 0xff, 0xff, 0xfc, 0x3,
    0xfc, 0xf, 0xfc, 0x7, 0xf8, 0xf, 0xfc, 0xf,
    0xf0, 0xf, 0xf8, 0x3f, 0xe0, 0x1f, 0xf0, 0x7f,
    0x80, 0x3f, 0xe0, 0xff, 0x0, 0xff, 0xc3, 0xfe,
    0x7, 0xff, 0x87, 0xff, 0xff, 0xfe, 0xf, 0xff,
    0xff, 0xfc, 0x3f, 0xff, 0xff, 0xf0, 0x7f, 0xff,
    0xff, 0x80, 0xff, 0xff, 0xfe, 0x3, 0xff, 0xff,
    0xc0, 0x7, 0xfe, 0x0, 0x0, 0xf, 0xfc, 0x0,
    0x0, 0x1f, 0xf0, 0x0, 0x0, 0x7f, 0xe0, 0x0,
    0x0, 0xff, 0xc0, 0x0, 0x1, 0xff, 0x80, 0x0,
    0x7, 0xff, 0x0, 0x0, 0xf, 0xfe, 0x0, 0x0,
    0x0,

    /* U+00DF "ß" */
    0x0, 0x7, 0xf8, 0x0, 0x0, 0x7f, 0xfc, 0x0,
    0x7, 0xff, 0xf8, 0x0, 0x3f, 0x87, 0xf0, 0x1,
    0xfc, 0xf, 0xc0, 0x7, 0xe0, 0x3f, 0x0, 0x3f,
    0x80, 0xfe, 0x0, 0xfe, 0x7, 0xf0, 0x3, 0xf8,
    0x3f, 0xc0, 0x1f, 0xe7, 0xfe, 0x0, 0x7f, 0x9f,
    0xe0, 0x1, 0xfc, 0x7f, 0xc0, 0xf, 0xf1, 0xff,
    0xc0, 0x3f, 0xc1, 0xff, 0x80, 0xff, 0x1, 0xff,
    0x3, 0xfc, 0x7, 0xfc, 0x1f, 0xf0, 0xf, 0xf8,
    0x7f, 0x80, 0x3f, 0xe1, 0xfe, 0x0, 0xff, 0x8f,
    0xf8, 0x3, 0xfe, 0x3f, 0xe0, 0x1f, 0xf8, 0xff,
    0x80, 0xff, 0xe3, 0xfe, 0x7, 0xff, 0x1f, 0xf8,
    0xff, 0xfc, 0x7f, 0xc3, 0xff, 0xe1, 0xff, 0x1f,
    0xff, 0xf, 0xfc, 0x7f, 0xf8, 0x3f, 0xf1, 0xff,
    0x80, 0xff, 0xc7, 0xf8, 0x0, 0x0, 0x1f, 0x0,
    0x0,

    /* U+00E0 "à" */
    0x0, 0x4, 0x0, 0x0, 0x0, 0xf, 0x0, 0x0,
    0x0, 0x3f, 0xc0, 0x0, 0x0, 0xf, 0xf0, 0x0,
    0x0, 0x3, 0xf8, 0x0, 0x0, 0x0, 0xe0, 0x0,
    0x0, 0x0, 0x0, 0x0, 0x0, 0x0, 0x0, 0x0,
    0x0, 0xf, 0xf3, 0xfc, 0x0, 0x7f, 0xff, 0xfc,
    0x1, 0xff, 0xff, 0xfc, 0x3, 0xff, 0xff, 0xfc,
    0x7, 0xff, 0xff, 0xfc, 0xf, 0xfe, 0xf, 0xfc,
    0x1f, 0xf8, 0x7, 0xfe, 0x1f, 0xf0, 0x3, 0xfe,
    0x3f, 0xe0, 0x3, 0xfe, 0x3f, 0xe0, 0x3, 0xfe,
    0x3f, 0xe0, 0x3, 0xfe, 0x7f, 0xe0, 0x3, 0xfe,
    0x7f, 0xf0, 0x7, 0xfe, 0x7f, 0xfc, 0x1f, 0xfe,
    0x3f, 0xff, 0xff, 0xfe, 0x3f, 0xff, 0xff, 0xfe,
    0x1f, 0xff, 0xff, 0xfe, 0x1f, 0xff, 0xff, 0xff,
    0xf, 0xff, 0xfb, 0xff, 0x3, 0xff, 0xe3, 0xff,
    0x0, 0xff, 0x0, 0x0,

    /* U+00E1 "á" */
    0x0, 0x0, 0x0, 0x80, 0x0, 0x0, 0x3, 0xc0,
    0x0, 0x0, 0xf, 0xe0, 0x0, 0x0, 0x3f, 0xc0,
    0x0, 0x0, 0x7e, 0x0, 0x0, 0x0, 0x78, 0x0,
    0x0, 0x0, 0x0, 0x0, 0x0, 0x0, 0x0, 0x0,
    0x0, 0xf, 0xf3, 0xfc, 0x0, 0x7f, 0xff, 0xfc,
    0x1, 0xff, 0xff, 0xfc, 0x3, 0xff, 0xff, 0xfc,
    0x7, 0xff, 0xff, 0xfc, 0xf, 0xfe, 0xf, 0xfc,
    0x1f, 0xf8, 0x7, 0xfe, 0x1f, 0xf0, 0x3, 0xfe,
    0x3f, 0xe0, 0x3, 0xfe, 0x3f, 0xe0, 0x3, 0xfe,
    0x3f, 0xe0, 0x3, 0xfe, 0x7f, 0xe0, 0x3, 0xfe,
    0x7f, 0xf0, 0x7, 0xfe, 0x7f, 0xfc, 0x1f, 0xfe,
    0x3f, 0xff, 0xff, 0xfe, 0x3f, 0xff, 0xff, 0xfe,
    0x1f, 0xff, 0xff, 0xfe, 0x1f, 0xff, 0xff, 0xff,
    0xf, 0xff, 0xfb, 0xff, 0x3, 0xff, 0xe3, 0xff,
    0x0, 0xff, 0x0, 0x0,

    /* U+00E2 "â" */
    0x0, 0x0, 0x30, 0x0, 0x0, 0x0, 0xfc, 0x0,
    0x0, 0x3, 0xff, 0x0, 0x0, 0x1f, 0xff, 0xc0,
    0x0, 0x1f, 0x7, 0xe0, 0x0, 0xc, 0x1, 0x80,
    0x0, 0x0, 0x0, 0x0, 0x0, 0x0, 0x0, 0x0,
    0x0, 0xf, 0xf3, 0xfc, 0x0, 0x7f, 0xff, 0xfc,
    0x1, 0xff, 0xff, 0xfc, 0x3, 0xff, 0xff, 0xfc,
    0x7, 0xff, 0xff, 0xfc, 0xf, 0xfe, 0xf, 0xfc,
    0x1f, 0xf8, 0x7, 0xfe, 0x1f, 0xf0, 0x3, 0xfe,
    0x3f, 0xe0, 0x3, 0xfe, 0x3f, 0xe0, 0x3, 0xfe,
    0x3f, 0xe0, 0x3, 0xfe, 0x7f, 0xe0, 0x3, 0xfe,
    0x7f, 0xf0, 0x7, 0xfe, 0x7f, 0xfc, 0x1f, 0xfe,
    0x3f, 0xff, 0xff, 0xfe, 0x3f, 0xff, 0xff, 0xfe,
    0x1f, 0xff, 0xff, 0xfe, 0x1f, 0xff, 0xff, 0xff,
    0xf, 0xff, 0xfb, 0xff, 0x3, 0xff, 0xe3, 0xff,
    0x0, 0xff, 0x0, 0x0,

    /* U+00E3 "ã" */
    0x0, 0x0, 0x0, 0xe0, 0x0, 0xf, 0xff, 0xe0,
    0x0, 0x1f, 0xff, 0xc0, 0x0, 0x3f, 0xff, 0xc0,
    0x0, 0x78, 0x2, 0x0, 0x0, 0x0, 0x0, 0x0,
    0x0, 0x0, 0x0, 0x0, 0x0, 0x0, 0x0, 0x0,
    0x0, 0xf, 0xf3, 0xfc, 0x0, 0x7f, 0xff, 0xfc,
    0x1, 0xff, 0xff, 0xfc, 0x3, 0xff, 0xff, 0xfc,
    0x7, 0xff, 0xff, 0xfc, 0xf, 0xfe, 0xf, 0xfc,
    0x1f, 0xf8, 0x7, 0xfe, 0x1f, 0xf0, 0x3, 0xfe,
    0x3f, 0xe0, 0x3, 0xfe, 0x3f, 0xe0, 0x3, 0xfe,
    0x3f, 0xe0, 0x3, 0xfe, 0x7f, 0xe0, 0x3, 0xfe,
    0x7f, 0xf0, 0x7, 0xfe, 0x7f, 0xfc, 0x1f, 0xfe,
    0x3f, 0xff, 0xff, 0xfe, 0x3f, 0xff, 0xff, 0xfe,
    0x1f, 0xff, 0xff, 0xfe, 0x1f, 0xff, 0xff, 0xff,
    0xf, 0xff, 0xfb, 0xff, 0x3, 0xff, 0xe3, 0xff,
    0x0, 0xff, 0x0, 0x0,

    /* U+00E4 "ä" */
    0x0, 0xf, 0xf, 0x80, 0x0, 0x7f, 0x3f, 0x80,
    0x0, 0xfe, 0x7f, 0x0, 0x1, 0xf8, 0xfe, 0x0,
    0x1, 0xe0, 0xf8, 0x0, 0x0, 0x0, 0x0, 0x0,
    0x0, 0x0, 0x0, 0x0, 0x0, 0x0, 0x0, 0x0,
    0x1f, 0xe7, 0xf8, 0x1, 0xff, 0xff, 0xf0, 0x7,
    0xff, 0xff, 0xe0, 0x3f, 0xff, 0xff, 0xc0, 0xff,
    0xff, 0xff, 0xc3, 0xff, 0x83, 0xff, 0x87, 0xfc,
    0x3, 0xff, 0x1f, 0xf0, 0x3, 0xfe, 0x3f, 0xc0,
    0x7, 0xfc, 0xff, 0x80, 0xf, 0xf9, 0xff, 0x0,
    0x1f, 0xf3, 0xfe, 0x0, 0x3f, 0xe7, 0xfe, 0x0,
    0xff, 0xcf, 0xff, 0x7, 0xff, 0x9f, 0xff, 0xff,
    0xff, 0x9f, 0xff, 0xff, 0xff, 0x3f, 0xff, 0xff,
    0xfe, 0x3f, 0xff, 0xff, 0xfc, 0x3f, 0xff, 0xdf,
    0xf8, 0x3f, 0xfe, 0x3f, 0xf0, 0x1f, 0xf0, 0x0,
    0x0,

    /* U+00E5 "å" */
    0x0, 0x0, 0xfc, 0x0, 0x0, 0x3, 0xff, 0x0,
    0x0, 0x7, 0x87, 0x80, 0x0, 0x7, 0x87, 0x80,
    0x0, 0x7, 0xcf, 0x80, 0x0, 0x3, 0xff, 0x0,
    0x0, 0x1, 0xfc, 0x0, 0x0, 0x0, 0x0, 0x0,
    0x0, 0x0, 0x0, 0x0, 0x0, 0x0, 0x0, 0x0,
    0x0, 0xf, 0xf3, 0xfc, 0x0, 0x7f, 0xff, 0xfc,
    0x1, 0xff, 0xff, 0xfc, 0x3, 0xff, 0xff, 0xfc,
    0x7, 0xff, 0xff, 0xfe, 0xf, 0xfe, 0xf, 0xfe,
    0x1f, 0xf8, 0x7, 0xfe, 0x1f, 0xf0, 0x3, 0xfe,
    0x3f, 0xe0, 0x3, 0xfe, 0x3f, 0xe0, 0x3, 0xfe,
    0x3f, 0xe0, 0x3, 0xfe, 0x7f, 0xe0, 0x3, 0xfe,
    0x7f, 0xf0, 0x7, 0xfe, 0x7f, 0xfc, 0x1f, 0xfe,
    0x3f, 0xff, 0xff, 0xfe, 0x3f, 0xff, 0xff, 0xff,
    0x1f, 0xff, 0xff, 0xff, 0x1f, 0xff, 0xff, 0xff,
    0xf, 0xff, 0xfb, 0xff, 0x3, 0xff, 0xe3, 0xff,
    0x0, 0xff, 0x0, 0x0,

    /* U+00E6 "æ" */
    0x0, 0x7f, 0xf0, 0x1f, 0xf0, 0x0, 0x7, 0xff,
    0xfd, 0xff, 0xfc, 0x0, 0x7, 0xff, 0xff, 0xff,
    0xfe, 0x0, 0xf, 0xff, 0xff, 0xe1, 0xfe, 0x0,
    0x1f, 0xff, 0xff, 0x0, 0xfe, 0x0, 0x18, 0xf,
    0xfe, 0x1, 0xfe, 0x0, 0x0, 0xf, 0xfc, 0x1,
    0xfe, 0x0, 0x0, 0xf, 0xff, 0xff, 0xfc, 0x0,
    0xff, 0x9f, 0xff, 0xff, 0xf8, 0xf, 0xff, 0xff,
    0xff, 0xff, 0xf8, 0x3f, 0xff, 0xff, 0xc0, 0x0,
    0x0, 0xff, 0x83, 0xff, 0x80, 0x0, 0x3, 0xfe,
    0x3, 0xff, 0x80, 0x8, 0xf, 0xfc, 0x3, 0xff,
    0x80, 0x3c, 0x1f, 0xf0, 0xf, 0xff, 0x81, 0xfe,
    0x3f, 0xf0, 0x1f, 0xff, 0xff, 0xff, 0x7f, 0xf9,
    0xff, 0xff, 0xff, 0xfe, 0xff, 0xff, 0xff, 0xff,
    0xff, 0xf9, 0xff, 0xff, 0xe3, 0xff, 0xff, 0xe1,
    0xff, 0xff, 0x3, 0xff, 0xff, 0x81, 0xff, 0xf8,
    0x1, 0xff, 0xfc, 0x0, 0xff, 0x80, 0x0, 0x7f,
    0xe0, 0x0,

    /* U+00E7 "ç" */
    0x0, 0x3, 0xfc, 0x0, 0xf, 0xff, 0xc0, 0x1f,
    0xff, 0xe0, 0x1f, 0xff, 0xe0, 0x1f, 0xff, 0xe0,
    0x1f, 0xf8, 0x10, 0x1f, 0xf0, 0x0, 0x1f, 0xf0,
    0x0, 0xf, 0xf8, 0x0, 0xf, 0xf8, 0x0, 0x7,
    0xfc, 0x0, 0x3, 0xfe, 0x0, 0x1, 0xff, 0x80,
    0x0, 0xff, 0xe0, 0x0, 0x7f, 0xf8, 0x10, 0x1f,
    0xff, 0xfc, 0xf, 0xff, 0xfe, 0x3, 0xff, 0xff,
    0x80, 0xff, 0xff, 0xc0, 0x3f, 0xff, 0xf0, 0x7,
    0xff, 0xf0, 0x1, 0xff, 0x80, 0x1, 0xf0, 0x0,
    0x0, 0xf0, 0x0, 0x0, 0xf8, 0x0, 0x0, 0x7f,
    0x80, 0x0, 0x7f, 0xf0, 0x0, 0x3f, 0xfc, 0x0,
    0x10, 0xfe, 0x0, 0x0, 0x3f, 0x80, 0x0, 0xf,
    0xc0, 0x18, 0xf, 0xe0, 0x1e, 0x7, 0xf0, 0x3f,
    0x87, 0xf8, 0x3f, 0xff, 0xf8, 0x1f, 0xff, 0xfc,
    0x7, 0xff, 0xfc, 0x1, 0xff, 0xfe, 0x0, 0x7f,
    0xfe, 0x0, 0x1f, 0xfc, 0x0, 0x3, 0xf8, 0x0,
    0x0,

    /* U+00E8 "è" */
    0x0, 0x18, 0x0, 0x0, 0x3, 0xc0, 0x0, 0x0,
    0xff, 0x0, 0x0, 0x3, 0xf8, 0x0, 0x0, 0xf,
    0xe0, 0x0, 0x0, 0x38, 0x0, 0x0, 0x0, 0x0,
    0x0, 0x0, 0x0, 0x0, 0x0, 0xf, 0xf8, 0x0,
    0x7, 0xff, 0xf0, 0x1, 0xff, 0xff, 0x80, 0x3f,
    0x83, 0xfc, 0xf, 0xf0, 0x1f, 0xe0, 0xfe, 0x0,
    0xff, 0x1f, 0xff, 0xff, 0xf3, 0xff, 0xff, 0xff,
    0x3f, 0xff, 0xff, 0xf7, 0xfc, 0x0, 0x0, 0x7f,
    0xc0, 0x0, 0x7, 0xfc, 0x0, 0x40, 0x7f, 0xe0,
    0xf, 0x7, 0xff, 0x83, 0xfc, 0x3f, 0xff, 0xff,
    0xf3, 0xff, 0xff, 0xfe, 0x1f, 0xff, 0xff, 0xc0,
    0xff, 0xff, 0xf8, 0x7, 0xff, 0xff, 0x0, 0x3f,
    0xff, 0xc0, 0x0, 0x7f, 0xe0, 0x0,

    /* U+00E9 "é" */
    0x0, 0x0, 0x2, 0x0, 0x0, 0x0, 0xf0, 0x0,
    0x0, 0x3f, 0x80, 0x0, 0xf, 0xf0, 0x0, 0x3,
    0xf8, 0x0, 0x0, 0x1c, 0x0, 0x0, 0x0, 0x0,
    0x0, 0x0, 0x0, 0x0, 0x0, 0xf, 0xf8, 0x0,
    0x7, 0xff, 0xf0, 0x1, 0xff, 0xff, 0x80, 0x3f,
    0x83, 0xfc, 0xf, 0xf0, 0x1f, 0xe0, 0xfe, 0x0,
    0xff, 0x1f, 0xff, 0xff, 0xf3, 0xff, 0xff, 0xff,
    0x3f, 0xff, 0xff, 0xf7, 0xfc, 0x0, 0x0, 0x7f,
    0xc0, 0x0, 0x7, 0xfc, 0x0, 0x40, 0x7f, 0xe0,
    0xf, 0x7, 0xff, 0x83, 0xfc, 0x3f, 0xff, 0xff,
    0xf3, 0xff, 0xff, 0xfe, 0x1f, 0xff, 0xff, 0xc0,
    0xff, 0xff, 0xf8, 0x7, 0xff, 0xff, 0x0, 0x3f,
    0xff, 0xc0, 0x0, 0x7f, 0xe0, 0x0,

    /* U+00EA "ê" */
    0x0, 0x0, 0xc0, 0x0, 0x0, 0x3f, 0x0, 0x0,
    0xf, 0xfc, 0x0, 0x7, 0xf7, 0xf0, 0x0, 0x7c,
    0x1f, 0x80, 0x7, 0x0, 0x60, 0x0, 0x0, 0x0,
    0x0, 0x0, 0x0, 0x0, 0x0, 0xf, 0xf8, 0x0,
    0x7, 0xff, 0xf0, 0x1, 0xff, 0xff, 0x80, 0x3f,
    0x83, 0xfc, 0xf, 0xf0, 0x1f, 0xe0, 0xfe, 0x0,
    0xff, 0x1f, 0xff, 0xff, 0xf3, 0xff, 0xff, 0xff,
    0x3f, 0xff, 0xff, 0xf7, 0xfc, 0x0, 0x0, 0x7f,
    0xc0, 0x0, 0x7, 0xfc, 0x0, 0x40, 0x7f, 0xe0,
    0xf, 0x7, 0xff, 0x83, 0xfc, 0x3f, 0xff, 0xff,
    0xf3, 0xff, 0xff, 0xfe, 0x1f, 0xff, 0xff, 0xc0,
    0xff, 0xff, 0xf8, 0x7, 0xff, 0xff, 0x0, 0x3f,
    0xff, 0xc0, 0x0, 0x7f, 0xe0, 0x0,

    /* U+00EB "ë" */
    0x0, 0x3c, 0x3e, 0x0, 0x7, 0xe7, 0xf0, 0x0,
    0xfe, 0x7f, 0x0, 0xf, 0xe7, 0xf0, 0x0, 0x7c,
    0x3e, 0x0, 0x0, 0x0, 0x0, 0x0, 0x0, 0x0,
    0x0, 0x0, 0x0, 0x0, 0x0, 0xf, 0xf0, 0x0,
    0x7, 0xff, 0xe0, 0x1, 0xff, 0xff, 0x80, 0x7f,
    0x83, 0xfc, 0xf, 0xe0, 0x1f, 0xe1, 0xfe, 0x1,
    0xfe, 0x3f, 0xff, 0xff, 0xe3, 0xff, 0xff, 0xfe,
    0x7f, 0xff, 0xff, 0xf7, 0xf8, 0x0, 0x0, 0x7f,
    0x80, 0x0, 0x7, 0xfc, 0x0, 0x0, 0x7f, 0xc0,
    0x1f, 0x7, 0xff, 0x3, 0xfc, 0x7f, 0xff, 0xff,
    0xe3, 0xff, 0xff, 0xfe, 0x3f, 0xff, 0xff, 0xc1,
    0xff, 0xff, 0xf8, 0xf, 0xff, 0xfe, 0x0, 0x3f,
    0xff, 0xc0, 0x0, 0xff, 0xc0, 0x0,

    /* U+00EC "ì" */
    0x3, 0x0, 0x3f, 0x1, 0xff, 0x0, 0xfe, 0x0,
    0xf8, 0x0, 0x80, 0x0, 0x0, 0x0, 0x3, 0xfc,
    0xf, 0xf0, 0x3f, 0xc0, 0xfe, 0x7, 0xf8, 0x1f,
    0xe0, 0x7f, 0x83, 0xfe, 0xf, 0xf0, 0x3f, 0xc1,
    0xff, 0x7, 0xfc, 0x1f, 0xf0, 0xff, 0x83, 0xfe,
    0xf, 0xf8, 0x7f, 0xe1, 0xff, 0x87, 0xfe, 0x3f,
    0xf0,

    /* U+00ED "í" */
    0x0, 0x0, 0xc0, 0x0, 0x1f, 0x80, 0x3, 0xfc,
    0x0, 0x7f, 0x0, 0x3, 0xe0, 0x0, 0x18, 0x0,
    0x0, 0x0, 0x0, 0x0, 0x0, 0x3, 0xfc, 0x0,
    0x1f, 0xe0, 0x0, 0xff, 0x0, 0x7, 0xf0, 0x0,
    0x7f, 0x80, 0x3, 0xfc, 0x0, 0x1f, 0xe0, 0x1,
    0xff, 0x0, 0xf, 0xf0, 0x0, 0x7f, 0x80, 0x7,
    0xfc, 0x0, 0x3f, 0xe0, 0x1, 0xff, 0x0, 0x1f,
    0xf0, 0x0, 0xff, 0x80, 0x7, 0xfc, 0x0, 0x7f,
    0xe0, 0x3, 0xff, 0x0, 0x1f, 0xf8, 0x1, 0xff,
    0x80, 0x0,

    /* U+00EE "î" */
    0x0, 0x3c, 0x0, 0xf, 0xf0, 0x7, 0xff, 0xc1,
    0xfc, 0x7f, 0xf, 0x3, 0xe0, 0xc0, 0x8, 0x0,
    0x0, 0x0, 0x0, 0x0, 0x3, 0xfc, 0x0, 0x3f,
    0xc0, 0x3, 0xfc, 0x0, 0x3f, 0x80, 0x7, 0xf8,
    0x0, 0x7f, 0x80, 0x7, 0xf8, 0x0, 0xff, 0x80,
    0xf, 0xf0, 0x0, 0xff, 0x0, 0x1f, 0xf0, 0x1,
    0xff, 0x0, 0x1f, 0xf0, 0x3, 0xfe, 0x0, 0x3f,
    0xe0, 0x3, 0xfe, 0x0, 0x7f, 0xe0, 0x7, 0xfe,
    0x0, 0x7f, 0xe0, 0xf, 0xfc, 0x0,

    /* U+00EF "ï" */
    0x7, 0x83, 0xc3, 0xf9, 0xfc, 0x7f, 0x3f, 0x8f,
    0xc7, 0xf1, 0xf0, 0x78, 0x0, 0x0, 0x0, 0x0,
    0x0, 0x0, 0x0, 0x3, 0xf8, 0x0, 0x7f, 0x0,
    0x1f, 0xe0, 0x3, 0xfc, 0x0, 0x7f, 0x80, 0x1f,
    0xe0, 0x3, 0xfc, 0x0, 0x7f, 0x80, 0x1f, 0xf0,
    0x3, 0xfe, 0x0, 0x7f, 0x80, 0x1f, 0xf0, 0x3,
    0xfe, 0x0, 0x7f, 0xc0, 0x1f, 0xf8, 0x3, 0xff,
    0x0, 0x7f, 0xc0, 0xf, 0xf8, 0x3, 0xff, 0x0,
    0x7f, 0xe0, 0x0,

    /* U+00F0 "ð" */
    0x0, 0x0, 0x0, 0x0, 0x0, 0x7c, 0x70, 0x0,
    0x0, 0xff, 0xf8, 0x0, 0x1, 0xff, 0xf0, 0x0,
    0x0, 0x3f, 0xfc, 0x0, 0x0, 0x3f, 0xfe, 0x0,
    0x0, 0xfd, 0xff, 0x80, 0x0, 0x30, 0x7f, 0xc0,
    0x0, 0x0, 0x3f, 0xe0, 0x0, 0xf, 0xff, 0xf0,
    0x0, 0x7f, 0xff, 0xf0, 0x1, 0xff, 0xff, 0xf8,
    0x3, 0xff, 0xff, 0xf8, 0x7, 0xff, 0xff, 0xfc,
    0xf, 0xfc, 0x1f, 0xfc, 0x1f, 0xf0, 0x7, 0xfc,
    0x3f, 0xf0, 0x3, 0xfe, 0x3f, 0xe0, 0x3, 0xfe,
    0x3f, 0xe0, 0x3, 0xfe, 0x7f, 0xe0, 0x3, 0xfe,
    0x7f, 0xe0, 0x3, 0xfe, 0x7f, 0xe0, 0x7, 0xfe,
    0x7f, 0xf0, 0xf, 0xfe, 0x7f, 0xf8, 0x1f, 0xfc,
    0x3f, 0xff, 0xff, 0xfc, 0x3f, 0xff, 0xff, 0xf8,
    0x1f, 0xff, 0xff, 0xf0, 0xf, 0xff, 0xff, 0xe0,
    0x7, 0xff, 0xff, 0x80, 0x1, 0xff, 0xfe, 0x0,
    0x0, 0x3f, 0xf0, 0x0,

    /* U+00F1 "ñ" */
    0x0, 0x2, 0x1, 0xe0, 0x0, 0x3f, 0xff, 0x80,
    0x0, 0xff, 0xff, 0x0, 0x3, 0xff, 0xfc, 0x0,
    0xf, 0x0, 0x40, 0x0, 0x0, 0x0, 0x0, 0x0,
    0x0, 0x0, 0x0, 0x0, 0x0, 0x0, 0x0, 0x3,
    0xf8, 0xfe, 0x0, 0x7, 0xf7, 0xff, 0x80, 0x1f,
    0xff, 0xff, 0xc0, 0x3f, 0xff, 0xff, 0xc0, 0x7f,
    0xff, 0xff, 0x81, 0xff, 0xc3, 0xff, 0x3, 0xfe,
    0x3, 0xfe, 0x7, 0xf8, 0x3, 0xfe, 0x1f, 0xf0,
    0x7, 0xfc, 0x3f, 0xe0, 0xf, 0xf8, 0x7f, 0xc0,
    0x1f, 0xf1, 0xff, 0x0, 0x3f, 0xe3, 0xfe, 0x0,
    0x7f, 0xc7, 0xfc, 0x0, 0xff, 0x9f, 0xf8, 0x1,
    0xff, 0x3f, 0xf0, 0x3, 0xfe, 0x7f, 0xc0, 0x7,
    0xfd, 0xff, 0x80, 0xf, 0xfb, 0xff, 0x0, 0x1f,
    0xff, 0xfe, 0x0, 0x3f, 0xf0,

    /* U+00F2 "ò" */
    0x0, 0x2, 0x0, 0x0, 0x0, 0xf, 0x0, 0x0,
    0x0, 0x1f, 0xc0, 0x0, 0x0, 0xf, 0xf0, 0x0,
    0x0, 0x3, 0xf8, 0x0, 0x0, 0x0, 0x70, 0x0,
    0x0, 0x0, 0x0, 0x0, 0x0, 0x0, 0x0, 0x0,
    0x0, 0x3, 0xfe, 0x0, 0x0, 0x3f, 0xff, 0x80,
    0x0, 0xff, 0xff, 0xe0, 0x1, 0xff, 0xff, 0xf8,
    0x7, 0xff, 0xff, 0xfc, 0xf, 0xfe, 0xf, 0xfc,
    0xf, 0xfc, 0x3, 0xfe, 0x1f, 0xf8, 0x1, 0xfe,
    0x3f, 0xf0, 0x1, 0xfe, 0x3f, 0xf0, 0x1, 0xff,
    0x3f, 0xf0, 0x1, 0xff, 0x3f, 0xf0, 0x1, 0xff,
    0x3f, 0xf0, 0x3, 0xfe, 0x3f, 0xf8, 0x7, 0xfe,
    0x3f, 0xfc, 0x1f, 0xfe, 0x3f, 0xff, 0xff, 0xfc,
    0x1f, 0xff, 0xff, 0xf8, 0x1f, 0xff, 0xff, 0xf0,
    0xf, 0xff, 0xff, 0xe0, 0x3, 0xff, 0xff, 0xc0,
    0x1, 0xff, 0xff, 0x0, 0x0, 0x3f, 0xf8, 0x0,

    /* U+00F3 "ó" */
    0x0, 0x0, 0x2, 0x0, 0x0, 0x0, 0xf, 0x80,
    0x0, 0x0, 0x3f, 0xc0, 0x0, 0x0, 0x7f, 0x0,
    0x0, 0x1, 0xfc, 0x0, 0x0, 0x0, 0xe0, 0x0,
    0x0, 0x0, 0x0, 0x0, 0x0, 0x0, 0x0, 0x0,
    0x0, 0x3, 0xfe, 0x0, 0x0, 0x3f, 0xff, 0x80,
    0x0, 0xff, 0xff, 0xe0, 0x1, 0xff, 0xff, 0xf8,
    0x7, 0xff, 0xff, 0xfc, 0xf, 0xfe, 0xf, 0xfc,
    0xf, 0xfc, 0x3, 0xfe, 0x1f, 0xf8, 0x1, 0xfe,
    0x3f, 0xf0, 0x1, 0xfe, 0x3f, 0xf0, 0x1, 0xff,
    0x3f, 0xf0, 0x1, 0xff, 0x3f, 0xf0, 0x1, 0xff,
    0x3f, 0xf0, 0x3, 0xfe, 0x3f, 0xf8, 0x7, 0xfe,
    0x3f, 0xfc, 0x1f, 0xfe, 0x3f, 0xff, 0xff, 0xfc,
    0x1f, 0xff, 0xff, 0xf8, 0x1f, 0xff, 0xff, 0xf0,
    0xf, 0xff, 0xff, 0xe0, 0x3, 0xff, 0xff, 0xc0,
    0x1, 0xff, 0xff, 0x0, 0x0, 0x3f, 0xf8, 0x0,

    /* U+00F4 "ô" */
    0x0, 0x0, 0x30, 0x0, 0x0, 0x0, 0xfc, 0x0,
    0x0, 0x3, 0xff, 0x0, 0x0, 0x1f, 0xff, 0xc0,
    0x0, 0x1f, 0x87, 0xe0, 0x0, 0xc, 0x1, 0xc0,
    0x0, 0x0, 0x0, 0x0, 0x0, 0x0, 0x0, 0x0,
    0x0, 0x3, 0xfe, 0x0, 0x0, 0x3f, 0xff, 0x80,
    0x0, 0xff, 0xff, 0xe0, 0x1, 0xff, 0xff, 0xf8,
    0x7, 0xff, 0xff, 0xfc, 0xf, 0xfe, 0xf, 0xfc,
    0xf, 0xfc, 0x3, 0xfe, 0x1f, 0xf8, 0x1, 0xfe,
    0x3f, 0xf0, 0x1, 0xfe, 0x3f, 0xf0, 0x1, 0xff,
    0x3f, 0xf0, 0x1, 0xff, 0x3f, 0xf0, 0x1, 0xff,
    0x3f, 0xf0, 0x3, 0xfe, 0x3f, 0xf8, 0x7, 0xfe,
    0x3f, 0xfc, 0x1f, 0xfe, 0x3f, 0xff, 0xff, 0xfc,
    0x1f, 0xff, 0xff, 0xf8, 0x1f, 0xff, 0xff, 0xf0,
    0xf, 0xff, 0xff, 0xe0, 0x3, 0xff, 0xff, 0xc0,
    0x1, 0xff, 0xff, 0x0, 0x0, 0x3f, 0xf8, 0x0,

    /* U+00F5 "õ" */
    0x0, 0x1, 0x0, 0xf0, 0x0, 0x7, 0xff, 0xe0,
    0x0, 0x1f, 0xff, 0xe0, 0x0, 0x3f, 0xff, 0xc0,
    0x0, 0x3c, 0xf, 0x80, 0x0, 0x0, 0x0, 0x0,
    0x0, 0x0, 0x0, 0x0, 0x0, 0x3, 0xfe, 0x0,
    0x0, 0x3f, 0xff, 0x80, 0x0, 0xff, 0xff, 0xe0,
    0x1, 0xff, 0xff, 0xf8, 0x7, 0xff, 0xff, 0xfc,
    0xf, 0xfe, 0xf, 0xfc, 0xf, 0xfc, 0x3, 0xfe,
    0x1f, 0xf8, 0x1, 0xfe, 0x3f, 0xf0, 0x1, 0xfe,
    0x3f, 0xf0, 0x1, 0xff, 0x3f, 0xf0, 0x1, 0xff,
    0x3f, 0xf0, 0x1, 0xff, 0x3f, 0xf0, 0x3, 0xfe,
    0x3f, 0xf8, 0x7, 0xfe, 0x3f, 0xfc, 0x1f, 0xfe,
    0x3f, 0xff, 0xff, 0xfc, 0x1f, 0xff, 0xff, 0xf8,
    0x1f, 0xff, 0xff, 0xf0, 0xf, 0xff, 0xff, 0xe0,
    0x3, 0xff, 0xff, 0xc0, 0x1, 0xff, 0xff, 0x0,
    0x0, 0x3f, 0xf8, 0x0,

    /* U+00F6 "ö" */
    0x0, 0x0, 0x1, 0x0, 0x0, 0x1f, 0x87, 0xc0,
    0x0, 0x1f, 0x8f, 0xe0, 0x0, 0x1f, 0x8f, 0xe0,
    0x0, 0x1f, 0x7, 0xc0, 0x0, 0x0, 0x0, 0x0,
    0x0, 0x0, 0x0, 0x0, 0x0, 0x3, 0xfe, 0x0,
    0x0, 0x3f, 0xff, 0x80, 0x0, 0xff, 0xff, 0xe0,
    0x1, 0xff, 0xff, 0xf8, 0x7, 0xff, 0xff, 0xfc,
    0xf, 0xfe, 0xf, 0xfc, 0xf, 0xfc, 0x3, 0xfe,
    0x1f, 0xf8, 0x1, 0xfe, 0x3f, 0xf0, 0x1, 0xfe,
    0x3f, 0xf0, 0x1, 0xff, 0x3f, 0xf0, 0x1, 0xff,
    0x3f, 0xf0, 0x1, 0xff, 0x3f, 0xf0, 0x3, 0xfe,
    0x3f, 0xf8, 0x7, 0xfe, 0x3f, 0xfc, 0x1f, 0xfe,
    0x3f, 0xff, 0xff, 0xfc, 0x1f, 0xff, 0xff, 0xf8,
    0x1f, 0xff, 0xff, 0xf0, 0xf, 0xff, 0xff, 0xe0,
    0x3, 0xff, 0xff, 0xc0, 0x1, 0xff, 0xff, 0x0,
    0x0, 0x3f, 0xf8, 0x0,

    /* U+00F7 "÷" */
    0x0, 0x1e, 0x0, 0x0, 0x3f, 0x0, 0x0, 0x3f,
    0x0, 0x0, 0x3e, 0x0, 0x0, 0x0, 0x0, 0x0,
    0x0, 0x0, 0x7f, 0xff, 0xff, 0x7f, 0xff, 0xff,
    0x7f, 0xff, 0xff, 0x7f, 0xff, 0xff, 0xff, 0xff,
    0xff, 0x0, 0x0, 0x0, 0x0, 0x0, 0x0, 0x0,
    0x78, 0x0, 0x0, 0xfe, 0x0, 0x1, 0xfe, 0x0,
    0x1, 0xfe, 0x0, 0x1, 0xfe, 0x0, 0x1, 0xfc,
    0x0, 0x0, 0x78, 0x0,

    /* U+00F8 "ø" */
    0x0, 0x0, 0xff, 0x81, 0x80, 0x0, 0xff, 0xfe,
    0x78, 0x0, 0x7f, 0xff, 0xfe, 0x0, 0x3f, 0xff,
    0xff, 0x0, 0xf, 0xff, 0xff, 0xf0, 0x3, 0xff,
    0x7, 0xff, 0x0, 0xff, 0x80, 0xff, 0xe0, 0x3f,
    0xf0, 0x7f, 0xfe, 0x7, 0xfc, 0x3f, 0x7f, 0xc0,
    0xff, 0x8f, 0x8f, 0xf8, 0x3f, 0xf7, 0xe1, 0xff,
    0x7, 0xff, 0xf0, 0x3f, 0xe0, 0xff, 0xfc, 0xf,
    0xfc, 0x1f, 0xfe, 0x3, 0xff, 0x83, 0xff, 0xc1,
    0xff, 0xe0, 0x3f, 0xff, 0xff, 0xfc, 0x7, 0xff,
    0xff, 0xff, 0x1, 0xff, 0xff, 0xff, 0xc0, 0xff,
    0xff, 0xff, 0xf0, 0x7e, 0x7f, 0xff, 0xf8, 0xf,
    0x83, 0xff, 0xfc, 0x1, 0xc0, 0xf, 0xfc, 0x0,
    0x0, 0x0, 0x0, 0x0, 0x0,

    /* U+00F9 "ù" */
    0x0, 0xc, 0x0, 0x0, 0x0, 0xfc, 0x0, 0x0,
    0x7, 0xfc, 0x0, 0x0, 0x3, 0xf8, 0x0, 0x0,
    0x3, 0xe0, 0x0, 0x0, 0x3, 0x0, 0x0, 0x0,
    0x0, 0x0, 0x0, 0x0, 0x0, 0x0, 0x7, 0xf8,
    0x7, 0xf8, 0x1f, 0xe0, 0x1f, 0xe0, 0x7f, 0x0,
    0x7f, 0x83, 0xfc, 0x1, 0xfe, 0xf, 0xf0, 0x7,
    0xf8, 0x3f, 0xc0, 0x1f, 0xe1, 0xff, 0x0, 0x7f,
    0x87, 0xf8, 0x1, 0xfe, 0x1f, 0xe0, 0x7, 0xf8,
    0xff, 0x80, 0x1f, 0xe3, 0xfe, 0x0, 0x7f, 0x8f,
    0xf8, 0x3, 0xfe, 0x3f, 0xf0, 0xf, 0xf8, 0xff,
    0xe0, 0xff, 0xe3, 0xff, 0xff, 0xff, 0x8f, 0xff,
    0xff, 0xfe, 0x3f, 0xff, 0xff, 0xf0, 0x7f, 0xff,
    0xff, 0x80, 0xff, 0xff, 0xfc, 0x1, 0xff, 0xff,
    0xc0, 0x0, 0x7f, 0xf8, 0x0,

    /* U+00FA "ú" */
    0x0, 0x0, 0x3, 0x0, 0x0, 0x0, 0x3f, 0x0,
    0x0, 0x3, 0xfc, 0x0, 0x0, 0x3f, 0x80, 0x0,
    0x0, 0xf8, 0x0, 0x0, 0x1, 0x0, 0x0, 0x0,
    0x0, 0x0, 0x0, 0x0, 0x0, 0x0, 0x7, 0xf8,
    0x7, 0xf8, 0x1f, 0xe0, 0x1f, 0xe0, 0x7f, 0x0,
    0x7f, 0x83, 0xfc, 0x1, 0xfe, 0xf, 0xf0, 0x7,
    0xf8, 0x3f, 0xc0, 0x1f, 0xe1, 0xff, 0x0, 0x7f,
    0x87, 0xf8, 0x1, 0xfe, 0x1f, 0xe0, 0x7, 0xf8,
    0xff, 0x80, 0x1f, 0xe3, 0xfe, 0x0, 0x7f, 0x8f,
    0xf8, 0x3, 0xfe, 0x3f, 0xf0, 0xf, 0xf8, 0xff,
    0xe0, 0xff, 0xe3, 0xff, 0xff, 0xff, 0x8f, 0xff,
    0xff, 0xfe, 0x3f, 0xff, 0xff, 0xf0, 0x7f, 0xff,
    0xff, 0x80, 0xff, 0xff, 0xfc, 0x1, 0xff, 0xff,
    0xc0, 0x0, 0x7f, 0xf8, 0x0,

    /* U+00FB "û" */
    0x0, 0x0, 0xf0, 0x0, 0x0, 0xf, 0xf0, 0x0,
    0x1, 0xff, 0xf0, 0x0, 0x1f, 0xc7, 0xf0, 0x0,
    0x3c, 0x7, 0x80, 0x0, 0x40, 0x4, 0x0, 0x0,
    0x0, 0x0, 0x0, 0x0, 0x0, 0x0, 0x7, 0xf8,
    0x7, 0xf8, 0x1f, 0xe0, 0x1f, 0xe0, 0x7f, 0x0,
    0x7f, 0x83, 0xfc, 0x1, 0xfe, 0xf, 0xf0, 0x7,
    0xf8, 0x3f, 0xc0, 0x1f, 0xe1, 0xff, 0x0, 0x7f,
    0x87, 0xf8, 0x1, 0xfe, 0x1f, 0xe0, 0x7, 0xf8,
    0xff, 0x80, 0x1f, 0xe3, 0xfe, 0x0, 0x7f, 0x8f,
    0xf8, 0x3, 0xfe, 0x3f, 0xf0, 0xf, 0xf8, 0xff,
    0xe0, 0xff, 0xe3, 0xff, 0xff, 0xff, 0x8f, 0xff,
    0xff, 0xfe, 0x3f, 0xff, 0xff, 0xf0, 0x7f, 0xff,
    0xff, 0x80, 0xff, 0xff, 0xfc, 0x1, 0xff, 0xff,
    0xc0, 0x0, 0x7f, 0xf8, 0x0,

    /* U+00FC "ü" */
    0x0, 0x1e, 0x1f, 0x0, 0x1, 0xf9, 0xfc, 0x0,
    0x1f, 0xcf, 0xe0, 0x0, 0x7e, 0x7e, 0x0, 0x0,
    0x80, 0x40, 0x0, 0x0, 0x0, 0x0, 0x0, 0x0,
    0x0, 0x0, 0xfe, 0x1, 0xfe, 0xf, 0xf0, 0xf,
    0xf0, 0x7f, 0x80, 0x7f, 0x83, 0xfc, 0x3, 0xfc,
    0x3f, 0xc0, 0x1f, 0xe1, 0xfe, 0x0, 0xff, 0xf,
    0xf0, 0x7, 0xfc, 0xff, 0x80, 0x3f, 0xe7, 0xfc,
    0x1, 0xff, 0x3f, 0xc0, 0xf, 0xfb, 0xfe, 0x0,
    0x7f, 0xdf, 0xf8, 0x3, 0xfe, 0xff, 0xc0, 0x3f,
    0xf7, 0xff, 0x3, 0xff, 0xbf, 0xff, 0xff, 0xf9,
    0xff, 0xff, 0xff, 0xc7, 0xff, 0xff, 0xfc, 0x3f,
    0xff, 0xff, 0xe0, 0xff, 0xff, 0xfc, 0x1, 0xff,
    0xff, 0x80, 0x1, 0xff, 0xe0, 0x0,

    /* U+00FD "ý" */
    0x0, 0x0, 0x0, 0x18, 0x0, 0x0, 0x0, 0x3,
    0xe0, 0x0, 0x0, 0x0, 0x7f, 0x80, 0x0, 0x0,
    0xf, 0xe0, 0x0, 0x0, 0x0, 0x7c, 0x0, 0x0,
    0x0, 0x1, 0x0, 0x0, 0x0, 0x0, 0x0, 0x0,
    0x0, 0x0, 0x0, 0x0, 0x0, 0x0, 0x3f, 0xc0,
    0xf, 0xf8, 0x1, 0xff, 0x0, 0x7f, 0x80, 0xf,
    0xf8, 0x7, 0xfc, 0x0, 0x3f, 0xe0, 0x7f, 0xc0,
    0x1, 0xff, 0x3, 0xfe, 0x0, 0x7, 0xfc, 0x3f,
    0xe0, 0x0, 0x3f, 0xe3, 0xfe, 0x0, 0x0, 0xff,
    0x9f, 0xf0, 0x0, 0x7, 0xff, 0xff, 0x0, 0x0,
    0x3f, 0xff, 0xf0, 0x0, 0x0, 0xff, 0xff, 0x80,
    0x0, 0x7, 0xff, 0xf8, 0x0, 0x0, 0x1f, 0xff,
    0x80, 0x0, 0x0, 0xff, 0xfc, 0x0, 0x0, 0x3,
    0xff, 0xc0, 0x0, 0x0, 0x1f, 0xfe, 0x0, 0x0,
    0x0, 0xff, 0xe0, 0x0, 0x0, 0xf, 0xfe, 0x0,
    0x0, 0x0, 0xff, 0xf0, 0x0, 0x0, 0x7, 0xff,
    0x0, 0x0, 0x0, 0x7f, 0xf0, 0x0, 0x0, 0x7,
    0xff, 0x80, 0x0, 0x0, 0x7f, 0xf8, 0x0, 0x0,
    0x3, 0xff, 0xc0, 0x0, 0x0, 0x3f, 0xfc, 0x0,
    0x0, 0x3, 0xff, 0xc0, 0x0, 0x0, 0x3f, 0xfe,
    0x0, 0x0, 0x3, 0xff, 0xe0, 0x0, 0x0, 0x1f,
    0xfe, 0x0, 0x0, 0x1, 0xff, 0xf0, 0x0, 0x0,
    0x1f, 0xff, 0x0, 0x0, 0x1, 0xff, 0xf8, 0x0,
    0x0, 0xf, 0xff, 0x80, 0x0, 0x0, 0xff, 0xf8,
    0x0, 0x0, 0xf, 0xff, 0xc0, 0x0, 0x0, 0xff,
    0xfc, 0x0, 0x0, 0xf, 0xff, 0xc0, 0x0, 0x0,
    0x0,

    /* U+00FE "þ" */
    0x0, 0x1, 0xf8, 0x0, 0x0, 0x0, 0x7, 0xf0,
    0x0, 0x0, 0x0, 0xf, 0xc0, 0x0, 0x0, 0x0,
    0x1f, 0x80, 0x0, 0x0, 0x0, 0x7f, 0x0, 0x0,
    0x0, 0x0, 0xfe, 0x0, 0x0, 0x0, 0x1, 0xfc,
    0x0, 0x0, 0x0, 0x7, 0xf8, 0x0, 0x0, 0x0,
    0xf, 0xe1, 0xfc, 0x0, 0x0, 0x1f, 0xdf, 0xff,
    0x0, 0x0, 0x7f, 0xff, 0xff, 0x0, 0x0, 0xff,
    0xff, 0xff, 0x0, 0x1, 0xff, 0xff, 0xff, 0x0,
    0x3, 0xff, 0x7, 0xff, 0x0, 0xf, 0xf8, 0x3,
    0xfe, 0x0, 0x1f, 0xf0, 0x7, 0xfe, 0x0, 0x3f,
    0xc0, 0x7, 0xfc, 0x0, 0xff, 0x80, 0xf, 0xf8,
    0x1, 0xff, 0x0, 0x1f, 0xf0, 0x3, 0xfe, 0x0,
    0x3f, 0xe0, 0xf, 0xfc, 0x0, 0xff, 0xc0, 0x1f,
    0xfc, 0x3, 0xff, 0x80, 0x3f, 0xfc, 0xf, 0xfe,
    0x0, 0xff, 0xff, 0xff, 0xfc, 0x1, 0xff, 0xff,
    0xff, 0xf0, 0x3, 0xff, 0xff, 0xff, 0xc0, 0x7,
    0xff, 0xff, 0xff, 0x80, 0x1f, 0xfb, 0xff, 0xfc,
    0x0, 0x3f, 0xf1, 0xff, 0xf0, 0x0, 0x7f, 0xc0,
    0xff, 0x0, 0x1, 0xff, 0x80, 0x0, 0x0, 0x3,
    0xff, 0x0, 0x0, 0x0, 0x7, 0xfe, 0x0, 0x0,
    0x0, 0x1f, 0xfc, 0x0, 0x0, 0x0, 0x3f, 0xf8,
    0x0, 0x0, 0x0, 0x7f, 0xe0, 0x0, 0x0, 0x1,
    0xff, 0xc0, 0x0, 0x0, 0x3, 0xff, 0x80, 0x0,
    0x0, 0x7, 0xff, 0x0, 0x0, 0x0, 0x1f, 0xfe,
    0x0, 0x0, 0x0, 0x3f, 0xf8, 0x0, 0x0, 0x0,
    0x7f, 0xf0, 0x0, 0x0, 0x0, 0xff, 0xe0, 0x0,
    0x0, 0x3, 0xff, 0xc0, 0x0, 0x0, 0x7, 0xff,
    0x80, 0x0, 0x0, 0xf, 0xff, 0x0, 0x0, 0x0,
    0x3f, 0xfc, 0x0, 0x0, 0x0, 0x0,

    /* U+00FF "ÿ" */
    0x0, 0x0, 0x3c, 0x1e, 0x0, 0x0, 0x7, 0xf3,
    0xf8, 0x0, 0x0, 0x3f, 0x9f, 0xc0, 0x0, 0x1,
    0xf8, 0xfe, 0x0, 0x0, 0x7, 0x83, 0xe0, 0x0,
    0x0, 0x0, 0x0, 0x0, 0x0, 0x0, 0x0, 0x0,
    0x0, 0x0, 0x0, 0x0, 0x0, 0x0, 0x3f, 0xc0,
    0x7, 0xf8, 0x1, 0xff, 0x0, 0x7f, 0xc0, 0x7,
    0xf8, 0x7, 0xfc, 0x0, 0x3f, 0xe0, 0x7f, 0xc0,
    0x1, 0xff, 0x3, 0xfe, 0x0, 0x7, 0xfc, 0x3f,
    0xe0, 0x0, 0x3f, 0xf3, 0xfe, 0x0, 0x0, 0xff,
    0x9f, 0xf0, 0x0, 0x7, 0xff, 0xff, 0x0, 0x0,
    0x1f, 0xff, 0xf0, 0x0, 0x0, 0xff, 0xff, 0x80,
    0x0, 0x7, 0xff, 0xf8, 0x0, 0x0, 0x1f, 0xff,
    0xc0, 0x0, 0x0, 0xff, 0xfc, 0x0, 0x0, 0x3,
    0xff, 0xc0, 0x0, 0x0, 0x1f, 0xfe, 0x0, 0x0,
    0x0, 0xff, 0xe0, 0x0, 0x0, 0xf, 0xfe, 0x0,
    0x0, 0x0, 0x7f, 0xf0, 0x0, 0x0, 0x7, 0xff,
    0x0, 0x0, 0x0, 0x7f, 0xf8, 0x0, 0x0, 0x7,
    0xff, 0x80, 0x0, 0x0, 0x7f, 0xf8, 0x0, 0x0,
    0x3, 0xff, 0xc0, 0x0, 0x0, 0x3f, 0xfc, 0x0,
    0x0, 0x3, 0xff, 0xc0, 0x0, 0x0, 0x3f, 0xfe,
    0x0, 0x0, 0x1, 0xff, 0xe0, 0x0, 0x0, 0x1f,
    0xfe, 0x0, 0x0, 0x1, 0xff, 0xf0, 0x0, 0x0,
    0x1f, 0xff, 0x0, 0x0, 0x1, 0xff, 0xf8, 0x0,
    0x0, 0xf, 0xff, 0x80, 0x0, 0x0, 0xff, 0xf8,
    0x0, 0x0, 0xf, 0xff, 0xc0, 0x0, 0x0, 0xff,
    0xfc, 0x0, 0x0, 0x7, 0xff, 0xc0, 0x0, 0x0,
    0x0
};


/*---------------------
 *  GLYPH DESCRIPTION
 *--------------------*/

static const lv_font_fmt_txt_glyph_dsc_t glyph_dsc[] = {
    {.bitmap_index = 0, .adv_w = 0, .box_w = 0, .box_h = 0, .ofs_x = 0, .ofs_y = 0} /* id = 0 reserved */,
    {.bitmap_index = 0, .adv_w = 0, .box_w = 1, .box_h = 1, .ofs_x = 0, .ofs_y = 0},
    {.bitmap_index = 1, .adv_w = 192, .box_w = 1, .box_h = 1, .ofs_x = 0, .ofs_y = 0},
    {.bitmap_index = 2, .adv_w = 210, .box_w = 1, .box_h = 1, .ofs_x = 0, .ofs_y = 0},
    {.bitmap_index = 3, .adv_w = 243, .box_w = 14, .box_h = 28, .ofs_x = 1, .ofs_y = 1},
    {.bitmap_index = 52, .adv_w = 343, .box_w = 12, .box_h = 7, .ofs_x = 8, .ofs_y = 22},
    {.bitmap_index = 63, .adv_w = 640, .box_w = 31, .box_h = 29, .ofs_x = 2, .ofs_y = 0},
    {.bitmap_index = 176, .adv_w = 554, .box_w = 33, .box_h = 37, .ofs_x = 0, .ofs_y = -7},
    {.bitmap_index = 329, .adv_w = 753, .box_w = 44, .box_h = 29, .ofs_x = 5, .ofs_y = 0},
    {.bitmap_index = 489, .adv_w = 747, .box_w = 46, .box_h = 30, .ofs_x = 1, .ofs_y = -1},
    {.bitmap_index = 662, .adv_w = 212, .box_w = 5, .box_h = 7, .ofs_x = 8, .ofs_y = 22},
    {.bitmap_index = 667, .adv_w = 310, .box_w = 17, .box_h = 47, .ofs_x = 2, .ofs_y = -17},
    {.bitmap_index = 767, .adv_w = 310, .box_w = 22, .box_h = 47, .ofs_x = -5, .ofs_y = -17},
    {.bitmap_index = 897, .adv_w = 375, .box_w = 14, .box_h = 9, .ofs_x = 7, .ofs_y = 20},
    {.bitmap_index = 913, .adv_w = 486, .box_w = 23, .box_h = 17, .ofs_x = 4, .ofs_y = 8},
    {.bitmap_index = 962, .adv_w = 241, .box_w = 12, .box_h = 16, .ofs_x = -1, .ofs_y = -8},
    {.bitmap_index = 986, .adv_w = 339, .box_w = 17, .box_h = 6, .ofs_x = 2, .ofs_y = 10},
    {.bitmap_index = 999, .adv_w = 241, .box_w = 10, .box_h = 7, .ofs_x = 1, .ofs_y = 0},
    {.bitmap_index = 1008, .adv_w = 469, .box_w = 32, .box_h = 37, .ofs_x = -5, .ofs_y = -7},
    {.bitmap_index = 1156, .adv_w = 624, .box_w = 32, .box_h = 29, .ofs_x = 3, .ofs_y = 0},
    {.bitmap_index = 1272, .adv_w = 317, .box_w = 15, .box_h = 28, .ofs_x = 4, .ofs_y = 1},
    {.bitmap_index = 1325, .adv_w = 578, .box_w = 36, .box_h = 28, .ofs_x = -1, .ofs_y = 1},
    {.bitmap_index = 1451, .adv_w = 511, .box_w = 31, .box_h = 29, .ofs_x = 0, .ofs_y = 0},
    {.bitmap_index = 1564, .adv_w = 624, .box_w = 34, .box_h = 29, .ofs_x = 2, .ofs_y = 0},
    {.bitmap_index = 1688, .adv_w = 492, .box_w = 30, .box_h = 29, .ofs_x = 0, .ofs_y = 0},
    {.bitmap_index = 1797, .adv_w = 529, .box_w = 32, .box_h = 29, .ofs_x = 0, .ofs_y = 0},
    {.bitmap_index = 1913, .adv_w = 588, .box_w = 33, .box_h = 29, .ofs_x = -1, .ofs_y = 0},
    {.bitmap_index = 2033, .adv_w = 528, .box_w = 32, .box_h = 29, .ofs_x = -1, .ofs_y = 0},
    {.bitmap_index = 2149, .adv_w = 529, .box_w = 29, .box_h = 28, .ofs_x = 2, .ofs_y = 1},
    {.bitmap_index = 2251, .adv_w = 241, .box_w = 12, .box_h = 19, .ofs_x = 1, .ofs_y = 0},
    {.bitmap_index = 2280, .adv_w = 241, .box_w = 14, .box_h = 28, .ofs_x = -1, .ofs_y = -9},
    {.bitmap_index = 2329, .adv_w = 508, .box_w = 26, .box_h = 19, .ofs_x = 4, .ofs_y = 7},
    {.bitmap_index = 2391, .adv_w = 486, .box_w = 25, .box_h = 13, .ofs_x = 3, .ofs_y = 10},
    {.bitmap_index = 2432, .adv_w = 508, .box_w = 28, .box_h = 19, .ofs_x = 1, .ofs_y = 7},
    {.bitmap_index = 2499, .adv_w = 515, .box_w = 22, .box_h = 27, .ofs_x = 6, .ofs_y = 1},
    {.bitmap_index = 2574, .adv_w = 707, .box_w = 41, .box_h = 30, .ofs_x = 1, .ofs_y = -1},
    {.bitmap_index = 2728, .adv_w = 602, .box_w = 48, .box_h = 29, .ofs_x = -6, .ofs_y = 0},
    {.bitmap_index = 2902, .adv_w = 511, .box_w = 32, .box_h = 28, .ofs_x = 0, .ofs_y = 1},
    {.bitmap_index = 3014, .adv_w = 578, .box_w = 35, .box_h = 30, .ofs_x = 2, .ofs_y = -1},
    {.bitmap_index = 3146, .adv_w = 576, .box_w = 34, .box_h = 28, .ofs_x = -1, .ofs_y = 1},
    {.bitmap_index = 3265, .adv_w = 445, .box_w = 27, .box_h = 28, .ofs_x = -1, .ofs_y = 1},
    {.bitmap_index = 3360, .adv_w = 435, .box_w = 26, .box_h = 29, .ofs_x = 0, .ofs_y = 0},
    {.bitmap_index = 3455, .adv_w = 711, .box_w = 37, .box_h = 28, .ofs_x = 5, .ofs_y = 1},
    {.bitmap_index = 3585, .adv_w = 585, .box_w = 36, .box_h = 29, .ofs_x = -1, .ofs_y = 0},
    {.bitmap_index = 3716, .adv_w = 237, .box_w = 16, .box_h = 28, .ofs_x = -1, .ofs_y = 1},
    {.bitmap_index = 3772, .adv_w = 360, .box_w = 26, .box_h = 29, .ofs_x = -5, .ofs_y = 0},
    {.bitmap_index = 3867, .adv_w = 604, .box_w = 43, .box_h = 28, .ofs_x = -1, .ofs_y = 1},
    {.bitmap_index = 4018, .adv_w = 434, .box_w = 26, .box_h = 28, .ofs_x = 0, .ofs_y = 1},
    {.bitmap_index = 4109, .adv_w = 805, .box_w = 51, .box_h = 28, .ofs_x = 0, .ofs_y = 1},
    {.bitmap_index = 4288, .adv_w = 634, .box_w = 40, .box_h = 28, .ofs_x = -1, .ofs_y = 1},
    {.bitmap_index = 4428, .adv_w = 674, .box_w = 38, .box_h = 30, .ofs_x = 2, .ofs_y = -1},
    {.bitmap_index = 4571, .adv_w = 511, .box_w = 30, .box_h = 28, .ofs_x = 0, .ofs_y = 1},
    {.bitmap_index = 4676, .adv_w = 748, .box_w = 43, .box_h = 31, .ofs_x = 3, .ofs_y = -2},
    {.bitmap_index = 4843, .adv_w = 550, .box_w = 39, .box_h = 28, .ofs_x = -1, .ofs_y = 1},
    {.bitmap_index = 4980, .adv_w = 516, .box_w = 32, .box_h = 28, .ofs_x = -1, .ofs_y = 1},
    {.bitmap_index = 5092, .adv_w = 458, .box_w = 22, .box_h = 29, .ofs_x = 5, .ofs_y = 0},
    {.bitmap_index = 5172, .adv_w = 609, .box_w = 33, .box_h = 29, .ofs_x = 2, .ofs_y = 0},
    {.bitmap_index = 5292, .adv_w = 602, .box_w = 30, .box_h = 29, .ofs_x = 5, .ofs_y = 0},
    {.bitmap_index = 5401, .adv_w = 861, .box_w = 41, .box_h = 28, .ofs_x = 6, .ofs_y = 1},
    {.bitmap_index = 5545, .adv_w = 613, .box_w = 49, .box_h = 28, .ofs_x = -6, .ofs_y = 1},
    {.bitmap_index = 5717, .adv_w = 565, .box_w = 28, .box_h = 28, .ofs_x = 5, .ofs_y = 1},
    {.bitmap_index = 5815, .adv_w = 644, .box_w = 40, .box_h = 28, .ofs_x = -1, .ofs_y = 1},
    {.bitmap_index = 5955, .adv_w = 339, .box_w = 26, .box_h = 46, .ofs_x = -6, .ofs_y = -17},
    {.bitmap_index = 6105, .adv_w = 511, .box_w = 23, .box_h = 37, .ofs_x = 8, .ofs_y = -7},
    {.bitmap_index = 6212, .adv_w = 339, .box_w = 26, .box_h = 46, .ofs_x = -6, .ofs_y = -17},
    {.bitmap_index = 6362, .adv_w = 381, .box_w = 20, .box_h = 6, .ofs_x = 4, .ofs_y = 23},
    {.bitmap_index = 6377, .adv_w = 394, .box_w = 31, .box_h = 5, .ofs_x = -6, .ofs_y = -6},
    {.bitmap_index = 6397, .adv_w = 298, .box_w = 11, .box_h = 6, .ofs_x = 7, .ofs_y = 23},
    {.bitmap_index = 6406, .adv_w = 571, .box_w = 32, .box_h = 21, .ofs_x = 2, .ofs_y = 0},
    {.bitmap_index = 6490, .adv_w = 525, .box_w = 33, .box_h = 30, .ofs_x = 0, .ofs_y = -1},
    {.bitmap_index = 6614, .adv_w = 377, .box_w = 23, .box_h = 22, .ofs_x = 0, .ofs_y = -1},
    {.bitmap_index = 6678, .adv_w = 525, .box_w = 32, .box_h = 30, .ofs_x = -1, .ofs_y = -1},
    {.bitmap_index = 6798, .adv_w = 463, .box_w = 28, .box_h = 21, .ofs_x = 0, .ofs_y = 0},
    {.bitmap_index = 6872, .adv_w = 402, .box_w = 20, .box_h = 30, .ofs_x = 3, .ofs_y = 0},
    {.bitmap_index = 6947, .adv_w = 525, .box_w = 35, .box_h = 39, .ofs_x = -4, .ofs_y = -18},
    {.bitmap_index = 7118, .adv_w = 508, .box_w = 31, .box_h = 29, .ofs_x = 0, .ofs_y = 0},
    {.bitmap_index = 7231, .adv_w = 252, .box_w = 15, .box_h = 28, .ofs_x = 0, .ofs_y = 0},
    {.bitmap_index = 7284, .adv_w = 328, .box_w = 25, .box_h = 46, .ofs_x = -6, .ofs_y = -18},
    {.bitmap_index = 7428, .adv_w = 496, .box_w = 35, .box_h = 29, .ofs_x = -1, .ofs_y = 1},
    {.bitmap_index = 7555, .adv_w = 338, .box_w = 14, .box_h = 28, .ofs_x = 4, .ofs_y = 1},
    {.bitmap_index = 7604, .adv_w = 756, .box_w = 49, .box_h = 20, .ofs_x = -1, .ofs_y = 1},
    {.bitmap_index = 7727, .adv_w = 508, .box_w = 31, .box_h = 20, .ofs_x = 0, .ofs_y = 1},
    {.bitmap_index = 7805, .adv_w = 508, .box_w = 32, .box_h = 22, .ofs_x = -1, .ofs_y = -1},
    {.bitmap_index = 7893, .adv_w = 525, .box_w = 39, .box_h = 37, .ofs_x = -6, .ofs_y = -16},
    {.bitmap_index = 8074, .adv_w = 525, .box_w = 34, .box_h = 37, .ofs_x = -1, .ofs_y = -16},
    {.bitmap_index = 8232, .adv_w = 382, .box_w = 25, .box_h = 20, .ofs_x = -1, .ofs_y = 1},
    {.bitmap_index = 8295, .adv_w = 378, .box_w = 24, .box_h = 22, .ofs_x = -2, .ofs_y = -1},
    {.bitmap_index = 8361, .adv_w = 303, .box_w = 17, .box_h = 27, .ofs_x = 2, .ofs_y = -1},
    {.bitmap_index = 8419, .adv_w = 504, .box_w = 30, .box_h = 21, .ofs_x = 0, .ofs_y = 0},
    {.bitmap_index = 8498, .adv_w = 484, .box_w = 28, .box_h = 20, .ofs_x = 2, .ofs_y = 1},
    {.bitmap_index = 8568, .adv_w = 757, .box_w = 43, .box_h = 20, .ofs_x = 2, .ofs_y = 1},
    {.bitmap_index = 8676, .adv_w = 502, .box_w = 37, .box_h = 20, .ofs_x = -4, .ofs_y = 1},
    {.bitmap_index = 8769, .adv_w = 486, .box_w = 37, .box_h = 37, .ofs_x = -7, .ofs_y = -16},
    {.bitmap_index = 8941, .adv_w = 431, .box_w = 30, .box_h = 21, .ofs_x = -4, .ofs_y = 0},
    {.bitmap_index = 9020, .adv_w = 343, .box_w = 19, .box_h = 47, .ofs_x = 1, .ofs_y = -17},
    {.bitmap_index = 9132, .adv_w = 210, .box_w = 15, .box_h = 30, .ofs_x = -1, .ofs_y = 0},
    {.bitmap_index = 9189, .adv_w = 343, .box_w = 25, .box_h = 47, .ofs_x = -6, .ofs_y = -17},
    {.bitmap_index = 9336, .adv_w = 533, .box_w = 26, .box_h = 8, .ofs_x = 4, .ofs_y = 14},
    {.bitmap_index = 9362, .adv_w = 243, .box_w = 18, .box_h = 39, .ofs_x = -5, .ofs_y = -17},
    {.bitmap_index = 9450, .adv_w = 377, .box_w = 23, .box_h = 31, .ofs_x = 0, .ofs_y = -7},
    {.bitmap_index = 9540, .adv_w = 575, .box_w = 35, .box_h = 29, .ofs_x = 0, .ofs_y = 0},
    {.bitmap_index = 9667, .adv_w = 687, .box_w = 40, .box_h = 28, .ofs_x = 2, .ofs_y = 1},
    {.bitmap_index = 9807, .adv_w = 587, .box_w = 32, .box_h = 29, .ofs_x = 2, .ofs_y = 0},
    {.bitmap_index = 9923, .adv_w = 210, .box_w = 15, .box_h = 29, .ofs_x = -1, .ofs_y = 0},
    {.bitmap_index = 9978, .adv_w = 492, .box_w = 34, .box_h = 47, .ofs_x = -5, .ofs_y = -18},
    {.bitmap_index = 10178, .adv_w = 433, .box_w = 17, .box_h = 5, .ofs_x = 7, .ofs_y = 23},
    {.bitmap_index = 10189, .adv_w = 692, .box_w = 40, .box_h = 29, .ofs_x = 2, .ofs_y = -1},
    {.bitmap_index = 10334, .adv_w = 393, .box_w = 15, .box_h = 8, .ofs_x = 7, .ofs_y = 20},
    {.bitmap_index = 10349, .adv_w = 480, .box_w = 26, .box_h = 20, .ofs_x = 2, .ofs_y = 1},
    {.bitmap_index = 10414, .adv_w = 508, .box_w = 25, .box_h = 7, .ofs_x = 4, .ofs_y = 9},
    {.bitmap_index = 10436, .adv_w = 313, .box_w = 14, .box_h = 5, .ofs_x = 3, .ofs_y = 11},
    {.bitmap_index = 10445, .adv_w = 379, .box_w = 18, .box_h = 12, .ofs_x = 4, .ofs_y = 17},
    {.bitmap_index = 10472, .adv_w = 421, .box_w = 16, .box_h = 3, .ofs_x = 7, .ofs_y = 24},
    {.bitmap_index = 10478, .adv_w = 286, .box_w = 9, .box_h = 5, .ofs_x = 8, .ofs_y = 25},
    {.bitmap_index = 10484, .adv_w = 486, .box_w = 29, .box_h = 24, .ofs_x = -1, .ofs_y = 1},
    {.bitmap_index = 10571, .adv_w = 205, .box_w = 11, .box_h = 8, .ofs_x = 5, .ofs_y = 20},
    {.bitmap_index = 10582, .adv_w = 194, .box_w = 10, .box_h = 8, .ofs_x = 4, .ofs_y = 20},
    {.bitmap_index = 10592, .adv_w = 435, .box_w = 11, .box_h = 6, .ofs_x = 10, .ofs_y = 23},
    {.bitmap_index = 10601, .adv_w = 541, .box_w = 33, .box_h = 29, .ofs_x = -2, .ofs_y = -8},
    {.bitmap_index = 10721, .adv_w = 544, .box_w = 29, .box_h = 28, .ofs_x = 3, .ofs_y = 1},
    {.bitmap_index = 10823, .adv_w = 241, .box_w = 8, .box_h = 6, .ofs_x = 4, .ofs_y = 12},
    {.bitmap_index = 10829, .adv_w = 343, .box_w = 20, .box_h = 21, .ofs_x = -4, .ofs_y = -20},
    {.bitmap_index = 10882, .adv_w = 108, .box_w = 6, .box_h = 8, .ofs_x = 5, .ofs_y = 20},
    {.bitmap_index = 10888, .adv_w = 400, .box_w = 15, .box_h = 8, .ofs_x = 7, .ofs_y = 20},
    {.bitmap_index = 10903, .adv_w = 480, .box_w = 27, .box_h = 20, .ofs_x = 1, .ofs_y = 1},
    {.bitmap_index = 10971, .adv_w = 673, .box_w = 41, .box_h = 29, .ofs_x = 1, .ofs_y = 0},
    {.bitmap_index = 11120, .adv_w = 726, .box_w = 45, .box_h = 29, .ofs_x = 2, .ofs_y = 0},
    {.bitmap_index = 11284, .adv_w = 750, .box_w = 43, .box_h = 28, .ofs_x = 4, .ofs_y = 0},
    {.bitmap_index = 11435, .adv_w = 516, .box_w = 34, .box_h = 38, .ofs_x = -3, .ofs_y = -17},
    {.bitmap_index = 11597, .adv_w = 602, .box_w = 48, .box_h = 35, .ofs_x = -6, .ofs_y = 0},
    {.bitmap_index = 11807, .adv_w = 602, .box_w = 48, .box_h = 35, .ofs_x = -6, .ofs_y = 0},
    {.bitmap_index = 12017, .adv_w = 602, .box_w = 48, .box_h = 35, .ofs_x = -6, .ofs_y = 0},
    {.bitmap_index = 12227, .adv_w = 602, .box_w = 48, .box_h = 34, .ofs_x = -6, .ofs_y = 0},
    {.bitmap_index = 12431, .adv_w = 602, .box_w = 47, .box_h = 34, .ofs_x = -6, .ofs_y = 0},
    {.bitmap_index = 12631, .adv_w = 602, .box_w = 47, .box_h = 36, .ofs_x = -6, .ofs_y = 0},
    {.bitmap_index = 12843, .adv_w = 995, .box_w = 66, .box_h = 28, .ofs_x = -1, .ofs_y = 1},
    {.bitmap_index = 13074, .adv_w = 578, .box_w = 36, .box_h = 49, .ofs_x = 1, .ofs_y = -20},
    {.bitmap_index = 13295, .adv_w = 445, .box_w = 27, .box_h = 34, .ofs_x = -1, .ofs_y = 1},
    {.bitmap_index = 13410, .adv_w = 445, .box_w = 27, .box_h = 34, .ofs_x = -1, .ofs_y = 1},
    {.bitmap_index = 13525, .adv_w = 445, .box_w = 27, .box_h = 34, .ofs_x = -1, .ofs_y = 1},
    {.bitmap_index = 13640, .adv_w = 445, .box_w = 27, .box_h = 33, .ofs_x = -1, .ofs_y = 1},
    {.bitmap_index = 13752, .adv_w = 237, .box_w = 16, .box_h = 34, .ofs_x = -1, .ofs_y = 1},
    {.bitmap_index = 13820, .adv_w = 237, .box_w = 20, .box_h = 34, .ofs_x = -1, .ofs_y = 1},
    {.bitmap_index = 13905, .adv_w = 237, .box_w = 21, .box_h = 34, .ofs_x = -1, .ofs_y = 1},
    {.bitmap_index = 13995, .adv_w = 237, .box_w = 20, .box_h = 34, .ofs_x = -1, .ofs_y = 1},
    {.bitmap_index = 14080, .adv_w = 673, .box_w = 33, .box_h = 28, .ofs_x = 5, .ofs_y = 1},
    {.bitmap_index = 14196, .adv_w = 634, .box_w = 40, .box_h = 34, .ofs_x = -1, .ofs_y = 1},
    {.bitmap_index = 14366, .adv_w = 674, .box_w = 38, .box_h = 36, .ofs_x = 2, .ofs_y = -1},
    {.bitmap_index = 14537, .adv_w = 674, .box_w = 38, .box_h = 36, .ofs_x = 2, .ofs_y = -1},
    {.bitmap_index = 14708, .adv_w = 674, .box_w = 38, .box_h = 36, .ofs_x = 2, .ofs_y = -1},
    {.bitmap_index = 14879, .adv_w = 674, .box_w = 38, .box_h = 35, .ofs_x = 2, .ofs_y = -1},
    {.bitmap_index = 15046, .adv_w = 674, .box_w = 38, .box_h = 34, .ofs_x = 2, .ofs_y = -1},
    {.bitmap_index = 15208, .adv_w = 486, .box_w = 25, .box_h = 17, .ofs_x = 3, .ofs_y = 8},
    {.bitmap_index = 15262, .adv_w = 674, .box_w = 39, .box_h = 31, .ofs_x = 1, .ofs_y = -2},
    {.bitmap_index = 15414, .adv_w = 571, .box_w = 33, .box_h = 35, .ofs_x = 1, .ofs_y = 0},
    {.bitmap_index = 15559, .adv_w = 571, .box_w = 33, .box_h = 35, .ofs_x = 1, .ofs_y = 0},
    {.bitmap_index = 15704, .adv_w = 571, .box_w = 33, .box_h = 35, .ofs_x = 1, .ofs_y = 0},
    {.bitmap_index = 15849, .adv_w = 571, .box_w = 33, .box_h = 35, .ofs_x = 0, .ofs_y = 0},
    {.bitmap_index = 15994, .adv_w = 565, .box_w = 28, .box_h = 34, .ofs_x = 5, .ofs_y = 1},
    {.bitmap_index = 16113, .adv_w = 511, .box_w = 31, .box_h = 29, .ofs_x = -1, .ofs_y = 0},
    {.bitmap_index = 16226, .adv_w = 504, .box_w = 30, .box_h = 30, .ofs_x = 1, .ofs_y = 0},
    {.bitmap_index = 16339, .adv_w = 525, .box_w = 32, .box_h = 29, .ofs_x = -1, .ofs_y = 0},
    {.bitmap_index = 16455, .adv_w = 525, .box_w = 32, .box_h = 29, .ofs_x = -1, .ofs_y = 0},
    {.bitmap_index = 16571, .adv_w = 525, .box_w = 32, .box_h = 29, .ofs_x = -1, .ofs_y = 0},
    {.bitmap_index = 16687, .adv_w = 525, .box_w = 32, .box_h = 29, .ofs_x = -1, .ofs_y = 0},
    {.bitmap_index = 16803, .adv_w = 525, .box_w = 31, .box_h = 29, .ofs_x = 0, .ofs_y = 0},
    {.bitmap_index = 16916, .adv_w = 525, .box_w = 32, .box_h = 31, .ofs_x = -1, .ofs_y = 0},
    {.bitmap_index = 17040, .adv_w = 778, .box_w = 47, .box_h = 22, .ofs_x = 0, .ofs_y = -1},
    {.bitmap_index = 17170, .adv_w = 377, .box_w = 25, .box_h = 41, .ofs_x = -2, .ofs_y = -20},
    {.bitmap_index = 17299, .adv_w = 463, .box_w = 28, .box_h = 29, .ofs_x = 0, .ofs_y = 0},
    {.bitmap_index = 17401, .adv_w = 463, .box_w = 28, .box_h = 29, .ofs_x = 0, .ofs_y = 0},
    {.bitmap_index = 17503, .adv_w = 463, .box_w = 28, .box_h = 29, .ofs_x = 0, .ofs_y = 0},
    {.bitmap_index = 17605, .adv_w = 463, .box_w = 28, .box_h = 29, .ofs_x = 0, .ofs_y = 0},
    {.bitmap_index = 17707, .adv_w = 228, .box_w = 14, .box_h = 28, .ofs_x = -1, .ofs_y = 1},
    {.bitmap_index = 17756, .adv_w = 228, .box_w = 21, .box_h = 28, .ofs_x = -1, .ofs_y = 1},
    {.bitmap_index = 17830, .adv_w = 228, .box_w = 20, .box_h = 28, .ofs_x = -1, .ofs_y = 1},
    {.bitmap_index = 17900, .adv_w = 228, .box_w = 19, .box_h = 28, .ofs_x = 0, .ofs_y = 1},
    {.bitmap_index = 17967, .adv_w = 525, .box_w = 32, .box_h = 31, .ofs_x = 0, .ofs_y = -1},
    {.bitmap_index = 18091, .adv_w = 508, .box_w = 31, .box_h = 28, .ofs_x = 0, .ofs_y = 1},
    {.bitmap_index = 18200, .adv_w = 508, .box_w = 32, .box_h = 30, .ofs_x = -1, .ofs_y = -1},
    {.bitmap_index = 18320, .adv_w = 508, .box_w = 32, .box_h = 30, .ofs_x = -1, .ofs_y = -1},
    {.bitmap_index = 18440, .adv_w = 508, .box_w = 32, .box_h = 30, .ofs_x = -1, .ofs_y = -1},
    {.bitmap_index = 18560, .adv_w = 508, .box_w = 32, .box_h = 29, .ofs_x = -1, .ofs_y = -1},
    {.bitmap_index = 18676, .adv_w = 508, .box_w = 32, .box_h = 29, .ofs_x = -1, .ofs_y = -1},
    {.bitmap_index = 18792, .adv_w = 486, .box_w = 24, .box_h = 20, .ofs_x = 4, .ofs_y = 5},
    {.bitmap_index = 18852, .adv_w = 508, .box_w = 35, .box_h = 23, .ofs_x = -3, .ofs_y = -2},
    {.bitmap_index = 18953, .adv_w = 504, .box_w = 30, .box_h = 29, .ofs_x = 0, .ofs_y = 0},
    {.bitmap_index = 19062, .adv_w = 504, .box_w = 30, .box_h = 29, .ofs_x = 0, .ofs_y = 0},
    {.bitmap_index = 19171, .adv_w = 504, .box_w = 30, .box_h = 29, .ofs_x = 0, .ofs_y = 0},
    {.bitmap_index = 19280, .adv_w = 504, .box_w = 29, .box_h = 28, .ofs_x = 0, .ofs_y = 0},
    {.bitmap_index = 19382, .adv_w = 486, .box_w = 37, .box_h = 45, .ofs_x = -7, .ofs_y = -16},
    {.bitmap_index = 19591, .adv_w = 525, .box_w = 39, .box_h = 47, .ofs_x = -6, .ofs_y = -18},
    {.bitmap_index = 19821, .adv_w = 486, .box_w = 37, .box_h = 45, .ofs_x = -7, .ofs_y = -16}
};

/*---------------------
 *  CHARACTER MAPPING
 *--------------------*/

static const uint16_t unicode_list_0[] = {
    0x0, 0xd
};

/*Collect the unicode lists and glyph_id offsets*/
static const lv_font_fmt_txt_cmap_t cmaps[] =
{
    {
        .range_start = 0, .range_length = 14, .glyph_id_start = 1,
        .unicode_list = unicode_list_0, .glyph_id_ofs_list = NULL, .list_length = 2, .type = LV_FONT_FMT_TXT_CMAP_SPARSE_TINY
    },
    {
        .range_start = 32, .range_length = 95, .glyph_id_start = 3,
        .unicode_list = NULL, .glyph_id_ofs_list = NULL, .list_length = 0, .type = LV_FONT_FMT_TXT_CMAP_FORMAT0_TINY
    },
    {
        .range_start = 161, .range_length = 95, .glyph_id_start = 98,
        .unicode_list = NULL, .glyph_id_ofs_list = NULL, .list_length = 0, .type = LV_FONT_FMT_TXT_CMAP_FORMAT0_TINY
    }
};

/*-----------------
 *    KERNING
 *----------------*/


/*Pair left and right glyphs for kerning*/
static const uint8_t kern_pair_glyph_ids[] =
{
    16, 26,
    22, 26,
    23, 22,
    23, 27,
    23, 28,
    26, 20,
    26, 21,
    26, 23,
    27, 21,
    37, 36,
    37, 60,
    37, 129,
    37, 130,
    37, 131,
    37, 132,
    37, 133,
    37, 134,
    37, 158,
    41, 15,
    41, 17,
    41, 36,
    41, 68,
    41, 70,
    41, 72,
    41, 82,
    41, 99,
    41, 129,
    41, 130,
    41, 131,
    41, 132,
    41, 133,
    41, 134,
    41, 161,
    41, 162,
    41, 163,
    41, 164,
    41, 165,
    41, 166,
    41, 168,
    41, 169,
    41, 170,
    41, 171,
    41, 172,
    41, 179,
    41, 180,
    41, 181,
    41, 182,
    41, 183,
    41, 185,
    46, 68,
    46, 70,
    46, 72,
    46, 82,
    46, 89,
    46, 90,
    46, 92,
    46, 99,
    46, 161,
    46, 162,
    46, 163,
    46, 164,
    46, 165,
    46, 166,
    46, 168,
    46, 169,
    46, 170,
    46, 171,
    46, 172,
    46, 179,
    46, 180,
    46, 181,
    46, 182,
    46, 183,
    46, 185,
    46, 190,
    46, 192,
    51, 36,
    51, 68,
    51, 70,
    51, 71,
    51, 72,
    51, 80,
    51, 81,
    51, 82,
    51, 83,
    51, 84,
    51, 85,
    51, 99,
    51, 129,
    51, 130,
    51, 131,
    51, 132,
    51, 133,
    51, 134,
    51, 161,
    51, 162,
    51, 163,
    51, 164,
    51, 165,
    51, 166,
    51, 168,
    51, 169,
    51, 170,
    51, 171,
    51, 172,
    51, 178,
    51, 179,
    51, 180,
    51, 181,
    51, 182,
    51, 183,
    51, 185,
    55, 91,
    60, 16,
    68, 73,
    70, 73,
    72, 73,
    73, 10,
    73, 68,
    73, 73,
    73, 161,
    73, 162,
    73, 163,
    73, 164,
    73, 165,
    73, 166,
    76, 77,
    78, 68,
    78, 70,
    78, 72,
    78, 82,
    78, 99,
    78, 161,
    78, 162,
    78, 163,
    78, 164,
    78, 165,
    78, 166,
    78, 168,
    78, 169,
    78, 170,
    78, 171,
    78, 172,
    78, 179,
    78, 180,
    78, 181,
    78, 182,
    78, 183,
    78, 185,
    79, 68,
    82, 73,
    99, 73,
    158, 16,
    161, 73,
    162, 73,
    163, 73,
    164, 73,
    165, 73,
    166, 73,
    168, 73,
    169, 73,
    170, 73,
    171, 73,
    172, 73,
    179, 73,
    180, 73,
    181, 73,
    182, 73,
    183, 73,
    185, 73
};

/* Kerning between the respective left and right glyphs
 * 4.4 format which needs to scaled with `kern_scale`*/
static const int8_t kern_pair_values[] =
{
    -15, -2, 8, 6, 2, 4, -15, -19,
    -6, -15, -23, -15, -15, -15, -15, -15,
    -15, -23, -38, -38, -27, -25, -25, -25,
    -25, -25, -27, -27, -27, -27, -27, -27,
    -25, -25, -25, -25, -25, -25, -25, -25,
    -25, -25, -25, -25, -25, -25, -25, -25,
    -25, -23, -27, -27, -27, -40, -40, -40,
    -27, -23, -23, -23, -23, -23, -23, -27,
    -27, -27, -27, -27, -27, -27, -27, -27,
    -27, -27, -40, -40, -49, -31, -37, -31,
    -37, -19, -19, -37, -19, -31, -19, -37,
    -49, -49, -49, -49, -49, -49, -31, -31,
    -31, -31, -31, -31, -37, -37, -37, -37,
    -37, -19, -37, -37, -37, -37, -37, -37,
    -50, -37, -4, -4, -4, 50, -2, -5,
    -2, -2, -2, -2, -2, -2, -99, 19,
    19, 19, 19, 19, 19, 19, 19, 19,
    19, 19, 19, 19, 19, 19, 19, 19,
    19, 19, 19, 19, 19, -15, -4, -4,
    -37, -4, -4, -4, -4, -4, -4, -4,
    -4, -4, -4, -4, -4, -4, -4, -4,
    -4, -4
};

/*Collect the kern pair's data in one place*/
static const lv_font_fmt_txt_kern_pair_t kern_pairs =
{
    .glyph_ids = kern_pair_glyph_ids,
    .values = kern_pair_values,
    .pair_cnt = 170,
    .glyph_ids_size = 0
};

/*--------------------
 *  ALL CUSTOM DATA
 *--------------------*/

#if LVGL_VERSION_MAJOR == 8
/*Store all the custom data of the font*/
static  lv_font_fmt_txt_glyph_cache_t cache;
#endif

#if LVGL_VERSION_MAJOR >= 8
static const lv_font_fmt_txt_dsc_t font_dsc = {
#else
static lv_font_fmt_txt_dsc_t font_dsc = {
#endif
    .glyph_bitmap = glyph_bitmap,
    .glyph_dsc = glyph_dsc,
    .cmaps = cmaps,
    .kern_dsc = &kern_pairs,
    .kern_scale = 16,
    .cmap_num = 3,
    .bpp = 1,
    .kern_classes = 0,
    .bitmap_format = 0,
#if LVGL_VERSION_MAJOR == 8
    .cache = &cache
#endif
};



/*-----------------
 *  PUBLIC FONT
 *----------------*/

/*Initialize a public general font descriptor*/
#if LVGL_VERSION_MAJOR >= 8
const lv_font_t hm_bold_48 = {
#else
lv_font_t hm_bold_48 = {
#endif
    .get_glyph_dsc = lv_font_get_glyph_dsc_fmt_txt,    /*Function pointer to get glyph's data*/
    .get_glyph_bitmap = lv_font_get_bitmap_fmt_txt,    /*Function pointer to get glyph's bitmap*/
    .line_height = 56,          /*The maximum line height required by the font*/
    .base_line = 20,             /*Baseline measured from the bottom of the line*/
#if !(LVGL_VERSION_MAJOR == 6 && LVGL_VERSION_MINOR == 0)
    .subpx = LV_FONT_SUBPX_NONE,
#endif
#if LV_VERSION_CHECK(7, 4, 0) || LVGL_VERSION_MAJOR >= 8
    .underline_position = -4,
    .underline_thickness = 2,
#endif
    .dsc = &font_dsc,          /*The custom font data. Will be accessed by `get_glyph_bitmap/dsc` */
#if LV_VERSION_CHECK(8, 2, 0) || LVGL_VERSION_MAJOR >= 9
    .fallback = NULL,
#endif
    .user_data = NULL,
};



#endif /*#if HM_BOLD_48*/

