/*******************************************************************************
 * Size: 128 px
 * Bpp: 1
 * Opts: --bpp 1 --size 128 --no-compress --stride 1 --align 1 --font Nunito-ExtraBold.ttf --range 0-127 --format lvgl -o nunito_128.c
 ******************************************************************************/

#ifdef __has_include
    #if __has_include("lvgl.h")
        #ifndef LV_LVGL_H_INCLUDE_SIMPLE
            #define LV_LVGL_H_INCLUDE_SIMPLE
        #endif
    #endif
#endif

#ifdef LV_LVGL_H_INCLUDE_SIMPLE
    #include "lvgl.h"
#else
    #include "lvgl/lvgl.h"
#endif



#ifndef NUNITO_128
#define NUNITO_128 1
#endif

#if NUNITO_128

/*-----------------
 *    BITMAPS
 *----------------*/

/*Store the image of the glyphs*/
static LV_ATTRIBUTE_LARGE_CONST const uint8_t glyph_bitmap[] = {
    /* U+0000 "\u0000" */
    0x0,

    /* U+000D "\r" */
    0x0,

    /* U+0020 " " */
    0x0,

    /* U+0021 "!" */
    0x0, 0xff, 0x0, 0xf, 0xff, 0x80, 0x3f, 0xff,
    0x80, 0xff, 0xff, 0x83, 0xff, 0xff, 0x87, 0xff,
    0xff, 0xf, 0xff, 0xff, 0x3f, 0xff, 0xfe, 0x7f,
    0xff, 0xfc, 0xff, 0xff, 0xf9, 0xff, 0xff, 0xf3,
    0xff, 0xff, 0xe7, 0xff, 0xff, 0xcf, 0xff, 0xff,
    0x9f, 0xff, 0xff, 0x3f, 0xff, 0xfe, 0x7f, 0xff,
    0xfc, 0xff, 0xff, 0xf8, 0xff, 0xff, 0xf1, 0xff,
    0xff, 0xe3, 0xff, 0xff, 0xc7, 0xff, 0xff, 0xf,
    0xff, 0xfe, 0x1f, 0xff, 0xfc, 0x3f, 0xff, 0xf8,
    0x7f, 0xff, 0xf0, 0xff, 0xff, 0xe1, 0xff, 0xff,
    0xc1, 0xff, 0xff, 0x83, 0xff, 0xff, 0x7, 0xff,
    0xfe, 0xf, 0xff, 0xfc, 0x1f, 0xff, 0xf0, 0x3f,
    0xff, 0xe0, 0x7f, 0xff, 0xc0, 0xff, 0xff, 0x81,
    0xff, 0xff, 0x3, 0xff, 0xfe, 0x7, 0xff, 0xfc,
    0x7, 0xff, 0xf8, 0xf, 0xff, 0xf0, 0x1f, 0xff,
    0xe0, 0x3f, 0xff, 0x80, 0x7f, 0xff, 0x0, 0xff,
    0xfe, 0x1, 0xff, 0xfc, 0x3, 0xff, 0xf8, 0x7,
    0xff, 0xf0, 0xf, 0xff, 0xe0, 0x1f, 0xff, 0xc0,
    0x1f, 0xff, 0x80, 0x3f, 0xff, 0x0, 0x7f, 0xfe,
    0x0, 0xff, 0xf8, 0x1, 0xff, 0xf0, 0x3, 0xff,
    0xe0, 0x7, 0xff, 0xc0, 0xf, 0xff, 0x80, 0xf,
    0xff, 0x0, 0x1f, 0xfc, 0x0, 0x1f, 0xf8, 0x0,
    0x3f, 0xe0, 0x0, 0x1f, 0x0, 0x0, 0x0, 0x0,
    0x0, 0x0, 0x0, 0x0, 0x0, 0x0, 0x0, 0x0,
    0x0, 0x0, 0x0, 0x0, 0x0, 0x0, 0x0, 0x0,
    0x0, 0x0, 0x3f, 0xc0, 0x1, 0xff, 0xe0, 0xf,
    0xff, 0xf0, 0x3f, 0xff, 0xf0, 0x7f, 0xff, 0xe1,
    0xff, 0xff, 0xe3, 0xff, 0xff, 0xcf, 0xff, 0xff,
    0xdf, 0xff, 0xff, 0xbf, 0xff, 0xff, 0x7f, 0xff,
    0xfe, 0xff, 0xff, 0xfd, 0xff, 0xff, 0xfb, 0xff,
    0xff, 0xf3, 0xff, 0xff, 0xc7, 0xff, 0xff, 0x87,
    0xff, 0xfe, 0xf, 0xff, 0xfc, 0xf, 0xff, 0xf0,
    0x7, 0xff, 0x80, 0x3, 0xfc, 0x0,

    /* U+0022 "\"" */
    0x1, 0xfc, 0x0, 0x0, 0xf, 0xc0, 0x3, 0xff,
    0x80, 0x0, 0x1f, 0xfc, 0x3, 0xff, 0xe0, 0x0,
    0x3f, 0xff, 0x3, 0xff, 0xf8, 0x0, 0x3f, 0xff,
    0xc3, 0xff, 0xfe, 0x0, 0x1f, 0xff, 0xf3, 0xff,
    0xff, 0x0, 0x1f, 0xff, 0xf9, 0xff, 0xff, 0xc0,
    0xf, 0xff, 0xfe, 0xff, 0xff, 0xe0, 0xf, 0xff,
    0xff, 0xff, 0xff, 0xf0, 0x7, 0xff, 0xff, 0xff,
    0xff, 0xf8, 0x3, 0xff, 0xff, 0xff, 0xff, 0xfc,
    0x1, 0xff, 0xff, 0xef, 0xff, 0xfe, 0x0, 0xff,
    0xff, 0xf7, 0xff, 0xff, 0x0, 0x7f, 0xff, 0xfb,
    0xff, 0xff, 0x80, 0x1f, 0xff, 0xfd, 0xff, 0xff,
    0xc0, 0xf, 0xff, 0xfe, 0xff, 0xff, 0xe0, 0x7,
    0xff, 0xff, 0x7f, 0xff, 0xf0, 0x3, 0xff, 0xff,
    0x3f, 0xff, 0xf0, 0x1, 0xff, 0xff, 0x9f, 0xff,
    0xf8, 0x0, 0xff, 0xff, 0xc7, 0xff, 0xfc, 0x0,
    0x7f, 0xff, 0xe3, 0xff, 0xfe, 0x0, 0x3f, 0xff,
    0xf1, 0xff, 0xff, 0x0, 0xf, 0xff, 0xf8, 0xff,
    0xff, 0x80, 0x7, 0xff, 0xfc, 0x7f, 0xff, 0xc0,
    0x3, 0xff, 0xfe, 0x3f, 0xff, 0xe0, 0x1, 0xff,
    0xfe, 0x1f, 0xff, 0xf0, 0x0, 0xff, 0xff, 0xf,
    0xff, 0xf0, 0x0, 0x7f, 0xff, 0x87, 0xff, 0xf8,
    0x0, 0x3f, 0xff, 0xc1, 0xff, 0xfc, 0x0, 0x1f,
    0xff, 0xe0, 0xff, 0xfe, 0x0, 0x7, 0xff, 0xf0,
    0x7f, 0xff, 0x0, 0x3, 0xff, 0xf8, 0x3f, 0xff,
    0x80, 0x1, 0xff, 0xfc, 0x1f, 0xff, 0xc0, 0x0,
    0xff, 0xfe, 0xf, 0xff, 0xe0, 0x0, 0x7f, 0xfe,
    0x7, 0xff, 0xe0, 0x0, 0x3f, 0xff, 0x1, 0xff,
    0xf0, 0x0, 0xf, 0xff, 0x80, 0xff, 0xf0, 0x0,
    0x7, 0xff, 0x80, 0x3f, 0xf8, 0x0, 0x1, 0xff,
    0xc0, 0xf, 0xf8, 0x0, 0x0, 0x7f, 0xc0, 0x1,
    0xf0, 0x0, 0x0, 0xf, 0x80,

    /* U+0023 "#" */
    0x0, 0x0, 0x0, 0x7e, 0x0, 0x0, 0xf, 0x80,
    0x0, 0x0, 0x0, 0x3f, 0xe0, 0x0, 0xf, 0xf8,
    0x0, 0x0, 0x0, 0x1f, 0xf8, 0x0, 0x7, 0xff,
    0x0, 0x0, 0x0, 0xf, 0xff, 0x0, 0x3, 0xff,
    0xc0, 0x0, 0x0, 0x7, 0xff, 0xc0, 0x0, 0xff,
    0xf0, 0x0, 0x0, 0x1, 0xff, 0xf0, 0x0, 0x7f,
    0xfc, 0x0, 0x0, 0x0, 0x7f, 0xfc, 0x0, 0x1f,
    0xff, 0x0, 0x0, 0x0, 0x1f, 0xfe, 0x0, 0x7,
    0xff, 0xc0, 0x0, 0x0, 0x7, 0xff, 0x80, 0x1,
    0xff, 0xf0, 0x0, 0x0, 0x3, 0xff, 0xe0, 0x0,
    0x7f, 0xfc, 0x0, 0x0, 0x0, 0xff, 0xf8, 0x0,
    0x3f, 0xfe, 0x0, 0x0, 0x0, 0x3f, 0xfe, 0x0,
    0xf, 0xff, 0x80, 0x0, 0x0, 0xf, 0xff, 0x80,
    0x3, 0xff, 0xe0, 0x0, 0x0, 0x3, 0xff, 0xc0,
    0x0, 0xff, 0xf8, 0x0, 0x0, 0x1, 0xff, 0xf0,
    0x0, 0x3f, 0xfe, 0x0, 0x0, 0x0, 0x7f, 0xfc,
    0x0, 0x1f, 0xff, 0x0, 0x0, 0x0, 0x1f, 0xff,
    0x0, 0x7, 0xff, 0xc0, 0x0, 0x0, 0x7, 0xff,
    0xc0, 0x1, 0xff, 0xf0, 0x0, 0x0, 0x3, 0xff,
    0xe0, 0x0, 0x7f, 0xfc, 0x0, 0x0, 0x0, 0xff,
    0xf8, 0x0, 0x1f, 0xff, 0x0, 0x0, 0x0, 0x3f,
    0xfe, 0x0, 0x7, 0xff, 0x80, 0x0, 0x7f, 0xff,
    0xff, 0xff, 0xff, 0xff, 0xff, 0x80, 0x7f, 0xff,
    0xff, 0xff, 0xff, 0xff, 0xff, 0xf0, 0x3f, 0xff,
    0xff, 0xff, 0xff, 0xff, 0xff, 0xfe, 0x1f, 0xff,
    0xff, 0xff, 0xff, 0xff, 0xff, 0xff, 0xc7, 0xff,
    0xff, 0xff, 0xff, 0xff, 0xff, 0xff, 0xf1, 0xff,
    0xff, 0xff, 0xff, 0xff, 0xff, 0xff, 0xfc, 0x7f,
    0xff, 0xff, 0xff, 0xff, 0xff, 0xff, 0xff, 0x1f,
    0xff, 0xff, 0xff, 0xff, 0xff, 0xff, 0xff, 0xc3,
    0xff, 0xff, 0xff, 0xff, 0xff, 0xff, 0xff, 0xf0,
    0xff, 0xff, 0xff, 0xff, 0xff, 0xff, 0xff, 0xf8,
    0x1f, 0xff, 0xff, 0xff, 0xff, 0xff, 0xff, 0xfc,
    0x1, 0xff, 0xff, 0xff, 0xff, 0xff, 0xff, 0xfc,
    0x0, 0x0, 0x3f, 0xfe, 0x0, 0xf, 0xff, 0x80,
    0x0, 0x0, 0xf, 0xff, 0x0, 0x3, 0xff, 0xe0,
    0x0, 0x0, 0x7, 0xff, 0xc0, 0x0, 0xff, 0xf0,
    0x0, 0x0, 0x1, 0xff, 0xf0, 0x0, 0x7f, 0xfc,
    0x0, 0x0, 0x0, 0x7f, 0xfc, 0x0, 0x1f, 0xff,
    0x0, 0x0, 0x0, 0x1f, 0xff, 0x0, 0x7, 0xff,
    0xc0, 0x0, 0x0, 0x7, 0xff, 0x80, 0x1, 0xff,
    0xf0, 0x0, 0x0, 0x3, 0xff, 0xe0, 0x0, 0x7f,
    0xf8, 0x0, 0x0, 0x0, 0xff, 0xf8, 0x0, 0x3f,
    0xfe, 0x0, 0x0, 0x0, 0x3f, 0xfe, 0x0, 0xf,
    0xff, 0x80, 0x0, 0x0, 0xf, 0xff, 0x80, 0x3,
    0xff, 0xe0, 0x0, 0x0, 0x3, 0xff, 0xc0, 0x0,
    0xff, 0xf8, 0x0, 0x0, 0x1, 0xff, 0xf0, 0x0,
    0x3f, 0xfe, 0x0, 0x0, 0x0, 0x7f, 0xfc, 0x0,
    0xf, 0xff, 0x0, 0x0, 0x0, 0x1f, 0xff, 0x0,
    0x7, 0xff, 0xc0, 0x0, 0x0, 0x7, 0xff, 0xc0,
    0x1, 0xff, 0xf0, 0x0, 0x0, 0x1, 0xff, 0xf0,
    0x0, 0x7f, 0xfc, 0x0, 0x0, 0x0, 0xff, 0xf8,
    0x0, 0x1f, 0xff, 0x0, 0x0, 0x0, 0x3f, 0xfe,
    0x0, 0x7, 0xff, 0x80, 0x0, 0x0, 0xf, 0xff,
    0x80, 0x3, 0xff, 0xe0, 0x0, 0x0, 0x3, 0xff,
    0xe0, 0x0, 0xff, 0xf8, 0x0, 0x0, 0x0, 0xff,
    0xf8, 0x0, 0x3f, 0xfe, 0x0, 0x0, 0x0, 0x7f,
    0xfc, 0x0, 0xf, 0xff, 0x80, 0x0, 0x0, 0x1f,
    0xff, 0x0, 0x3, 0xff, 0xc0, 0x0, 0x0, 0x7,
    0xff, 0xc0, 0x1, 0xff, 0xf0, 0x0, 0x0, 0xff,
    0xff, 0xff, 0xff, 0xff, 0xff, 0xfe, 0x0, 0xff,
    0xff, 0xff, 0xff, 0xff, 0xff, 0xff, 0xe0, 0x7f,
    0xff, 0xff, 0xff, 0xff, 0xff, 0xff, 0xfc, 0x3f,
    0xff, 0xff, 0xff, 0xff, 0xff, 0xff, 0xff, 0x8f,
    0xff, 0xff, 0xff, 0xff, 0xff, 0xff, 0xff, 0xe3,
    0xff, 0xff, 0xff, 0xff, 0xff, 0xff, 0xff, 0xf8,
    0xff, 0xff, 0xff, 0xff, 0xff, 0xff, 0xff, 0xfe,
    0x3f, 0xff, 0xff, 0xff, 0xff, 0xff, 0xff, 0xff,
    0x8f, 0xff, 0xff, 0xff, 0xff, 0xff, 0xff, 0xff,
    0xe1, 0xff, 0xff, 0xff, 0xff, 0xff, 0xff, 0xff,
    0xf0, 0x3f, 0xff, 0xff, 0xff, 0xff, 0xff, 0xff,
    0xf8, 0x3, 0xff, 0xff, 0xff, 0xff, 0xff, 0xff,
    0xf8, 0x0, 0x7, 0xff, 0x80, 0x1, 0xff, 0xf0,
    0x0, 0x0, 0x3, 0xff, 0xe0, 0x0, 0x7f, 0xfc,
    0x0, 0x0, 0x0, 0xff, 0xf8, 0x0, 0x1f, 0xff,
    0x0, 0x0, 0x0, 0x3f, 0xfe, 0x0, 0xf, 0xff,
    0x80, 0x0, 0x0, 0xf, 0xff, 0x80, 0x3, 0xff,
    0xe0, 0x0, 0x0, 0x3, 0xff, 0xe0, 0x0, 0xff,
    0xf8, 0x0, 0x0, 0x0, 0xff, 0xf0, 0x0, 0x3f,
    0xfe, 0x0, 0x0, 0x0, 0x7f, 0xfc, 0x0, 0xf,
    0xff, 0x80, 0x0, 0x0, 0x1f, 0xff, 0x0, 0x7,
    0xff, 0xc0, 0x0, 0x0, 0x7, 0xff, 0xc0, 0x1,
    0xff, 0xf0, 0x0, 0x0, 0x1, 0xff, 0xf0, 0x0,
    0x7f, 0xfc, 0x0, 0x0, 0x0, 0x7f, 0xf8, 0x0,
    0x1f, 0xff, 0x0, 0x0, 0x0, 0x3f, 0xfe, 0x0,
    0x7, 0xff, 0x80, 0x0, 0x0, 0xf, 0xff, 0x80,
    0x3, 0xff, 0xe0, 0x0, 0x0, 0x3, 0xff, 0xe0,
    0x0, 0xff, 0xf8, 0x0, 0x0, 0x0, 0xff, 0xf8,
    0x0, 0x3f, 0xfe, 0x0, 0x0, 0x0, 0x3f, 0xfc,
    0x0, 0xf, 0xff, 0x80, 0x0, 0x0, 0xf, 0xff,
    0x0, 0x3, 0xff, 0xc0, 0x0, 0x0, 0x3, 0xff,
    0xc0, 0x0, 0xff, 0xf0, 0x0, 0x0, 0x0, 0xff,
    0xe0, 0x0, 0x3f, 0xfc, 0x0, 0x0, 0x0, 0x1f,
    0xf8, 0x0, 0x7, 0xfe, 0x0, 0x0, 0x0, 0x3,
    0xf8, 0x0, 0x0, 0xff, 0x0, 0x0, 0x0, 0x0,
    0x10, 0x0, 0x0, 0x4, 0x0, 0x0, 0x0, 0x0,

    /* U+0024 "$" */
    0x0, 0x0, 0x0, 0x0, 0x0, 0x0, 0x0, 0x0,
    0x0, 0x0, 0x0, 0x0, 0x7, 0xf0, 0x0, 0x0,
    0x0, 0x0, 0x0, 0x0, 0x0, 0xff, 0xe0, 0x0,
    0x0, 0x0, 0x0, 0x0, 0x0, 0x7, 0xff, 0x0,
    0x0, 0x0, 0x0, 0x0, 0x0, 0x0, 0x7f, 0xfc,
    0x0, 0x0, 0x0, 0x0, 0x0, 0x0, 0x7, 0xff,
    0xf0, 0x0, 0x0, 0x0, 0x0, 0x0, 0x0, 0x3f,
    0xff, 0x80, 0x0, 0x0, 0x0, 0x0, 0x0, 0x1,
    0xff, 0xfc, 0x0, 0x0, 0x0, 0x0, 0x0, 0x0,
    0xf, 0xff, 0xe0, 0x0, 0x0, 0x0, 0x0, 0x0,
    0x0, 0x7f, 0xff, 0x0, 0x0, 0x0, 0x0, 0x0,
    0x0, 0x3, 0xff, 0xf8, 0x0, 0x0, 0x0, 0x0,
    0x0, 0x0, 0x1f, 0xff, 0xc0, 0x0, 0x0, 0x0,
    0x0, 0x0, 0x0, 0xff, 0xfe, 0x0, 0x0, 0x0,
    0x0, 0x0, 0x0, 0x7, 0xff, 0xf0, 0x0, 0x0,
    0x0, 0x0, 0x0, 0x0, 0x3f, 0xff, 0x80, 0x0,
    0x0, 0x0, 0x0, 0x0, 0x1, 0xff, 0xfc, 0x0,
    0x0, 0x0, 0x0, 0x0, 0x0, 0xf, 0xff, 0xfc,
    0x0, 0x0, 0x0, 0x0, 0x0, 0xf, 0xff, 0xff,
    0xfe, 0x0, 0x0, 0x0, 0x0, 0x3, 0xff, 0xff,
    0xff, 0xff, 0x0, 0x0, 0x0, 0x0, 0xff, 0xff,
    0xff, 0xff, 0xfe, 0x0, 0x0, 0x0, 0x1f, 0xff,
    0xff, 0xff, 0xff, 0xfc, 0x0, 0x0, 0x1, 0xff,
    0xff, 0xff, 0xff, 0xff, 0xf8, 0x0, 0x0, 0x3f,
    0xff, 0xff, 0xff, 0xff, 0xff, 0xf0, 0x0, 0x3,
    0xff, 0xff, 0xff, 0xff, 0xff, 0xff, 0xc0, 0x0,
    0x3f, 0xff, 0xff, 0xff, 0xff, 0xff, 0xff, 0x0,
    0x3, 0xff, 0xff, 0xff, 0xff, 0xff, 0xff, 0xfc,
    0x0, 0x3f, 0xff, 0xff, 0xff, 0xff, 0xff, 0xff,
    0xe0, 0x3, 0xff, 0xff, 0xff, 0xff, 0xff, 0xff,
    0xff, 0x0, 0x3f, 0xff, 0xff, 0xff, 0xff, 0xff,
    0xff, 0xfc, 0x3, 0xff, 0xff, 0xff, 0xff, 0xff,
    0xff, 0xff, 0xe0, 0x1f, 0xff, 0xff, 0xff, 0xff,
    0xff, 0xff, 0xff, 0x1, 0xff, 0xff, 0xff, 0xff,
    0xff, 0xff, 0xff, 0xf8, 0xf, 0xff, 0xff, 0xfe,
    0x0, 0x1f, 0xff, 0xff, 0x80, 0xff, 0xff, 0xff,
    0x0, 0x0, 0xf, 0xff, 0xfc, 0x7, 0xff, 0xff,
    0xe0, 0x0, 0x0, 0xf, 0xff, 0xc0, 0x7f, 0xff,
    0xfe, 0x0, 0x0, 0x0, 0xf, 0xfc, 0x3, 0xff,
    0xff, 0xe0, 0x0, 0x0, 0x0, 0x1f, 0xc0, 0x1f,
    0xff, 0xfe, 0x0, 0x0, 0x0, 0x0, 0x0, 0x1,
    0xff, 0xff, 0xe0, 0x0, 0x0, 0x0, 0x0, 0x0,
    0xf, 0xff, 0xff, 0x0, 0x0, 0x0, 0x0, 0x0,
    0x0, 0x7f, 0xff, 0xf0, 0x0, 0x0, 0x0, 0x0,
    0x0, 0x3, 0xff, 0xff, 0x80, 0x0, 0x0, 0x0,
    0x0, 0x0, 0x1f, 0xff, 0xfc, 0x0, 0x0, 0x0,
    0x0, 0x0, 0x0, 0xff, 0xff, 0xe0, 0x0, 0x0,
    0x0, 0x0, 0x0, 0x7, 0xff, 0xff, 0x0, 0x0,
    0x0, 0x0, 0x0, 0x0, 0x3f, 0xff, 0xf8, 0x0,
    0x0, 0x0, 0x0, 0x0, 0x1, 0xff, 0xff, 0xe0,
    0x0, 0x0, 0x0, 0x0, 0x0, 0xf, 0xff, 0xff,
    0x0, 0x0, 0x0, 0x0, 0x0, 0x0, 0x7f, 0xff,
    0xfc, 0x0, 0x0, 0x0, 0x0, 0x0, 0x3, 0xff,
    0xff, 0xf8, 0x0, 0x0, 0x0, 0x0, 0x0, 0xf,
    0xff, 0xff, 0xf0, 0x0, 0x0, 0x0, 0x0, 0x0,
    0x7f, 0xff, 0xff, 0xe0, 0x0, 0x0, 0x0, 0x0,
    0x3, 0xff, 0xff, 0xff, 0xf0, 0x0, 0x0, 0x0,
    0x0, 0xf, 0xff, 0xff, 0xff, 0xfc, 0x0, 0x0,
    0x0, 0x0, 0x7f, 0xff, 0xff, 0xff, 0xff, 0x0,
    0x0, 0x0, 0x1, 0xff, 0xff, 0xff, 0xff, 0xff,
    0x80, 0x0, 0x0, 0xf, 0xff, 0xff, 0xff, 0xff,
    0xff, 0xc0, 0x0, 0x0, 0x3f, 0xff, 0xff, 0xff,
    0xff, 0xff, 0xc0, 0x0, 0x1, 0xff, 0xff, 0xff,
    0xff, 0xff, 0xff, 0x80, 0x0, 0x7, 0xff, 0xff,
    0xff, 0xff, 0xff, 0xff, 0x0, 0x0, 0x1f, 0xff,
    0xff, 0xff, 0xff, 0xff, 0xfe, 0x0, 0x0, 0x7f,
    0xff, 0xff, 0xff, 0xff, 0xff, 0xf8, 0x0, 0x0,
    0xff, 0xff, 0xff, 0xff, 0xff, 0xff, 0xf0, 0x0,
    0x3, 0xff, 0xff, 0xff, 0xff, 0xff, 0xff, 0xc0,
    0x0, 0x7, 0xff, 0xff, 0xff, 0xff, 0xff, 0xff,
    0x0, 0x0, 0xf, 0xff, 0xff, 0xff, 0xff, 0xff,
    0xf8, 0x0, 0x0, 0x1f, 0xff, 0xff, 0xff, 0xff,
    0xff, 0xe0, 0x0, 0x0, 0x1f, 0xff, 0xff, 0xff,
    0xff, 0xff, 0x80, 0x0, 0x0, 0x1f, 0xff, 0xff,
    0xff, 0xff, 0xfc, 0x0, 0x0, 0x0, 0x7, 0xff,
    0xff, 0xff, 0xff, 0xf0, 0x0, 0x0, 0x0, 0x1,
    0xff, 0xff, 0xff, 0xff, 0x80, 0x0, 0x0, 0x0,
    0x0, 0xff, 0xff, 0xff, 0xfe, 0x0, 0x0, 0x0,
    0x0, 0x0, 0x7f, 0xff, 0xff, 0xf0, 0x0, 0x0,
    0x0, 0x0, 0x0, 0x7f, 0xff, 0xff, 0x80, 0x0,
    0x0, 0x0, 0x0, 0x0, 0xff, 0xff, 0xfe, 0x0,
    0x0, 0x0, 0x0, 0x0, 0x1, 0xff, 0xff, 0xf0,
    0x0, 0x0, 0x0, 0x0, 0x0, 0xf, 0xff, 0xff,
    0x80, 0x0, 0x0, 0x0, 0x0, 0x0, 0x3f, 0xff,
    0xfc, 0x0, 0x0, 0x0, 0x0, 0x0, 0x0, 0xff,
    0xff, 0xe0, 0x0, 0x0, 0x0, 0x0, 0x0, 0x7,
    0xff, 0xff, 0x0, 0x0, 0x0, 0x0, 0x0, 0x0,
    0x3f, 0xff, 0xf8, 0x0, 0x0, 0x0, 0x0, 0x0,
    0x1, 0xff, 0xff, 0xc0, 0x0, 0x0, 0x0, 0x0,
    0x0, 0xf, 0xff, 0xfe, 0x0, 0x0, 0x0, 0x0,
    0x0, 0x0, 0x7f, 0xff, 0xf0, 0x0, 0x0, 0x0,
    0x0, 0x0, 0x7, 0xff, 0xff, 0x83, 0xf0, 0x0,
    0x0, 0x0, 0x0, 0x3f, 0xff, 0xf8, 0x7f, 0xe0,
    0x0, 0x0, 0x0, 0x3, 0xff, 0xff, 0xc7, 0xff,
    0xc0, 0x0, 0x0, 0x0, 0x3f, 0xff, 0xfe, 0x3f,
    0xff, 0xc0, 0x0, 0x0, 0x3, 0xff, 0xff, 0xe3,
    0xff, 0xff, 0xc0, 0x0, 0x0, 0x7f, 0xff, 0xff,
    0x1f, 0xff, 0xff, 0xf0, 0x0, 0x3f, 0xff, 0xff,
    0xf9, 0xff, 0xff, 0xff, 0xff, 0xff, 0xff, 0xff,
    0xff, 0x8f, 0xff, 0xff, 0xff, 0xff, 0xff, 0xff,
    0xff, 0xfc, 0x7f, 0xff, 0xff, 0xff, 0xff, 0xff,
    0xff, 0xff, 0xc3, 0xff, 0xff, 0xff, 0xff, 0xff,
    0xff, 0xff, 0xfc, 0xf, 0xff, 0xff, 0xff, 0xff,
    0xff, 0xff, 0xff, 0xe0, 0x7f, 0xff, 0xff, 0xff,
    0xff, 0xff, 0xff, 0xfe, 0x3, 0xff, 0xff, 0xff,
    0xff, 0xff, 0xff, 0xff, 0xe0, 0xf, 0xff, 0xff,
    0xff, 0xff, 0xff, 0xff, 0xfe, 0x0, 0x3f, 0xff,
    0xff, 0xff, 0xff, 0xff, 0xff, 0xc0, 0x0, 0xff,
    0xff, 0xff, 0xff, 0xff, 0xff, 0xfc, 0x0, 0x1,
    0xff, 0xff, 0xff, 0xff, 0xff, 0xff, 0xc0, 0x0,
    0x1, 0xff, 0xff, 0xff, 0xff, 0xff, 0xf8, 0x0,
    0x0, 0x3, 0xff, 0xff, 0xff, 0xff, 0xff, 0x0,
    0x0, 0x0, 0x3, 0xff, 0xff, 0xff, 0xff, 0xe0,
    0x0, 0x0, 0x0, 0x3, 0xff, 0xff, 0xff, 0xf8,
    0x0, 0x0, 0x0, 0x0, 0x0, 0x7f, 0xff, 0xf8,
    0x0, 0x0, 0x0, 0x0, 0x0, 0x0, 0x1f, 0xff,
    0xc0, 0x0, 0x0, 0x0, 0x0, 0x0, 0x0, 0xff,
    0xfe, 0x0, 0x0, 0x0, 0x0, 0x0, 0x0, 0x7,
    0xff, 0xf0, 0x0, 0x0, 0x0, 0x0, 0x0, 0x0,
    0x3f, 0xff, 0x80, 0x0, 0x0, 0x0, 0x0, 0x0,
    0x1, 0xff, 0xfc, 0x0, 0x0, 0x0, 0x0, 0x0,
    0x0, 0xf, 0xff, 0xe0, 0x0, 0x0, 0x0, 0x0,
    0x0, 0x0, 0x7f, 0xff, 0x0, 0x0, 0x0, 0x0,
    0x0, 0x0, 0x3, 0xff, 0xf8, 0x0, 0x0, 0x0,
    0x0, 0x0, 0x0, 0x1f, 0xff, 0xc0, 0x0, 0x0,
    0x0, 0x0, 0x0, 0x0, 0xff, 0xfe, 0x0, 0x0,
    0x0, 0x0, 0x0, 0x0, 0x3, 0xff, 0xe0, 0x0,
    0x0, 0x0, 0x0, 0x0, 0x0, 0x1f, 0xff, 0x0,
    0x0, 0x0, 0x0, 0x0, 0x0, 0x0, 0x7f, 0xf0,
    0x0, 0x0, 0x0, 0x0, 0x0, 0x0, 0x1, 0xff,
    0x0, 0x0, 0x0, 0x0, 0x0, 0x0, 0x0, 0x3,
    0xe0, 0x0, 0x0, 0x0, 0x0,

    /* U+0025 "%" */
    0x0, 0x0, 0x0, 0x0, 0x0, 0x0, 0x0, 0x0,
    0x0, 0x0, 0x0, 0x0, 0x0, 0x0, 0x0, 0x0,
    0x0, 0x0, 0x0, 0x0, 0x0, 0x0, 0x0, 0x7,
    0xe0, 0x0, 0x0, 0x0, 0x0, 0x0, 0xf, 0xfe,
    0x0, 0x0, 0x0, 0x0, 0x0, 0x7, 0xfc, 0x0,
    0x0, 0x0, 0x0, 0x0, 0x3f, 0xff, 0xe0, 0x0,
    0x0, 0x0, 0x0, 0x7, 0xff, 0x0, 0x0, 0x0,
    0x0, 0x0, 0xff, 0xff, 0xfe, 0x0, 0x0, 0x0,
    0x0, 0x7, 0xff, 0xc0, 0x0, 0x0, 0x0, 0x0,
    0xff, 0xff, 0xff, 0x80, 0x0, 0x0, 0x0, 0x7,
    0xff, 0xe0, 0x0, 0x0, 0x0, 0x1, 0xff, 0xff,
    0xff, 0xf0, 0x0, 0x0, 0x0, 0x3, 0xff, 0xf0,
    0x0, 0x0, 0x0, 0x1, 0xff, 0xff, 0xff, 0xfc,
    0x0, 0x0, 0x0, 0x3, 0xff, 0xf8, 0x0, 0x0,
    0x0, 0x1, 0xff, 0xff, 0xff, 0xff, 0x0, 0x0,
    0x0, 0x1, 0xff, 0xfc, 0x0, 0x0, 0x0, 0x1,
    0xff, 0xff, 0xff, 0xff, 0xc0, 0x0, 0x0, 0x1,
    0xff, 0xfe, 0x0, 0x0, 0x0, 0x1, 0xff, 0xff,
    0xff, 0xff, 0xf0, 0x0, 0x0, 0x1, 0xff, 0xff,
    0x0, 0x0, 0x0, 0x0, 0xff, 0xff, 0xff, 0xff,
    0xf8, 0x0, 0x0, 0x0, 0xff, 0xff, 0x0, 0x0,
    0x0, 0x0, 0xff, 0xff, 0xff, 0xff, 0xfe, 0x0,
    0x0, 0x0, 0xff, 0xff, 0x80, 0x0, 0x0, 0x0,
    0xff, 0xff, 0xff, 0xff, 0xff, 0x0, 0x0, 0x0,
    0x7f, 0xff, 0x80, 0x0, 0x0, 0x0, 0x7f, 0xff,
    0xe0, 0xff, 0xff, 0xc0, 0x0, 0x0, 0x7f, 0xff,
    0xc0, 0x0, 0x0, 0x0, 0x7f, 0xff, 0xc0, 0x1f,
    0xff, 0xe0, 0x0, 0x0, 0x3f, 0xff, 0xc0, 0x0,
    0x0, 0x0, 0x3f, 0xff, 0xc0, 0x7, 0xff, 0xf8,
    0x0, 0x0, 0x3f, 0xff, 0xe0, 0x0, 0x0, 0x0,
    0x1f, 0xff, 0xc0, 0x1, 0xff, 0xfc, 0x0, 0x0,
    0x3f, 0xff, 0xe0, 0x0, 0x0, 0x0, 0x1f, 0xff,
    0xe0, 0x0, 0xff, 0xff, 0x0, 0x0, 0x1f, 0xff,
    0xe0, 0x0, 0x0, 0x0, 0xf, 0xff, 0xe0, 0x0,
    0x3f, 0xff, 0x80, 0x0, 0x1f, 0xff, 0xf0, 0x0,
    0x0, 0x0, 0x7, 0xff, 0xf0, 0x0, 0x1f, 0xff,
    0xc0, 0x0, 0xf, 0xff, 0xf0, 0x0, 0x0, 0x0,
    0x3, 0xff, 0xf8, 0x0, 0xf, 0xff, 0xe0, 0x0,
    0xf, 0xff, 0xf8, 0x0, 0x0, 0x0, 0x3, 0xff,
    0xf8, 0x0, 0x7, 0xff, 0xf0, 0x0, 0x7, 0xff,
    0xf8, 0x0, 0x0, 0x0, 0x1, 0xff, 0xfc, 0x0,
    0x1, 0xff, 0xfc, 0x0, 0x7, 0xff, 0xf8, 0x0,
    0x0, 0x0, 0x0, 0xff, 0xfe, 0x0, 0x0, 0xff,
    0xfe, 0x0, 0x7, 0xff, 0xfc, 0x0, 0x0, 0x0,
    0x0, 0x7f, 0xff, 0x0, 0x0, 0x7f, 0xff, 0x0,
    0x3, 0xff, 0xfc, 0x0, 0x0, 0x0, 0x0, 0x3f,
    0xff, 0x80, 0x0, 0x3f, 0xff, 0x80, 0x3, 0xff,
    0xfe, 0x0, 0x0, 0x0, 0x0, 0x1f, 0xff, 0xc0,
    0x0, 0x1f, 0xff, 0xc0, 0x1, 0xff, 0xfe, 0x0,
    0x0, 0x0, 0x0, 0xf, 0xff, 0xe0, 0x0, 0xf,
    0xff, 0xe0, 0x1, 0xff, 0xff, 0x0, 0x0, 0x0,
    0x0, 0x7, 0xff, 0xf0, 0x0, 0x7, 0xff, 0xf0,
    0x1, 0xff, 0xff, 0x0, 0x0, 0x0, 0x0, 0x3,
    0xff, 0xf8, 0x0, 0x3, 0xff, 0xf8, 0x0, 0xff,
    0xff, 0x0, 0x0, 0x0, 0x0, 0x1, 0xff, 0xfc,
    0x0, 0x1, 0xff, 0xfc, 0x0, 0xff, 0xff, 0x80,
    0x0, 0x0, 0x0, 0x0, 0xff, 0xfe, 0x0, 0x0,
    0xff, 0xfe, 0x0, 0x7f, 0xff, 0x80, 0x0, 0x0,
    0x0, 0x0, 0x7f, 0xff, 0x0, 0x0, 0x7f, 0xff,
    0x0, 0x7f, 0xff, 0xc0, 0x0, 0x0, 0x0, 0x0,
    0x3f, 0xff, 0x80, 0x0, 0x3f, 0xff, 0x80, 0x3f,
    0xff, 0xc0, 0x0, 0x0, 0x0, 0x0, 0x1f, 0xff,
    0xc0, 0x0, 0x1f, 0xff, 0xc0, 0x3f, 0xff, 0xe0,
    0x0, 0x0, 0x0, 0x0, 0x7, 0xff, 0xf0, 0x0,
    0x1f, 0xff, 0xc0, 0x3f, 0xff, 0xe0, 0x0, 0x0,
    0x0, 0x0, 0x3, 0xff, 0xf8, 0x0, 0xf, 0xff,
    0xe0, 0x1f, 0xff, 0xe0, 0x0, 0x0, 0x0, 0x0,
    0x1, 0xff, 0xfc, 0x0, 0x7, 0xff, 0xf0, 0x1f,
    0xff, 0xf0, 0x0, 0x0, 0x0, 0x0, 0x0, 0xff,
    0xfe, 0x0, 0x3, 0xff, 0xf8, 0xf, 0xff, 0xf0,
    0x0, 0x0, 0x0, 0x0, 0x0, 0x7f, 0xff, 0x80,
    0x3, 0xff, 0xfc, 0xf, 0xff, 0xf8, 0x0, 0xf,
    0xfe, 0x0, 0x0, 0x1f, 0xff, 0xc0, 0x1, 0xff,
    0xfc, 0x7, 0xff, 0xf8, 0x0, 0x3f, 0xff, 0xf0,
    0x0, 0xf, 0xff, 0xf0, 0x1, 0xff, 0xfe, 0x7,
    0xff, 0xf8, 0x0, 0xff, 0xff, 0xfe, 0x0, 0x7,
    0xff, 0xfc, 0x1, 0xff, 0xfe, 0x7, 0xff, 0xfc,
    0x0, 0xff, 0xff, 0xff, 0xc0, 0x1, 0xff, 0xff,
    0x83, 0xff, 0xff, 0x3, 0xff, 0xfc, 0x1, 0xff,
    0xff, 0xff, 0xf0, 0x0, 0xff, 0xff, 0xff, 0xff,
    0xff, 0x83, 0xff, 0xfe, 0x1, 0xff, 0xff, 0xff,
    0xfc, 0x0, 0x3f, 0xff, 0xff, 0xff, 0xff, 0x81,
    0xff, 0xfe, 0x1, 0xff, 0xff, 0xff, 0xff, 0x0,
    0xf, 0xff, 0xff, 0xff, 0xff, 0x81, 0xff, 0xff,
    0x1, 0xff, 0xff, 0xff, 0xff, 0xc0, 0x7, 0xff,
    0xff, 0xff, 0xff, 0xc1, 0xff, 0xff, 0x1, 0xff,
    0xff, 0xff, 0xff, 0xf0, 0x1, 0xff, 0xff, 0xff,
    0xff, 0xc0, 0xff, 0xff, 0x1, 0xff, 0xff, 0xff,
    0xff, 0xf8, 0x0, 0x7f, 0xff, 0xff, 0xff, 0xc0,
    0xff, 0xff, 0x80, 0xff, 0xff, 0xff, 0xff, 0xfe,
    0x0, 0x1f, 0xff, 0xff, 0xff, 0xc0, 0x7f, 0xff,
    0x80, 0xff, 0xff, 0xff, 0xff, 0xff, 0x80, 0x7,
    0xff, 0xff, 0xff, 0xc0, 0x7f, 0xff, 0xc0, 0x7f,
    0xff, 0xe0, 0xff, 0xff, 0xc0, 0x0, 0xff, 0xff,
    0xff, 0x80, 0x3f, 0xff, 0xc0, 0x7f, 0xff, 0xc0,
    0x1f, 0xff, 0xf0, 0x0, 0x3f, 0xff, 0xff, 0x80,
    0x3f, 0xff, 0xe0, 0x3f, 0xff, 0xc0, 0x7, 0xff,
    0xf8, 0x0, 0x7, 0xff, 0xff, 0x0, 0x3f, 0xff,
    0xe0, 0x1f, 0xff, 0xc0, 0x1, 0xff, 0xfc, 0x0,
    0x0, 0x3f, 0xf8, 0x0, 0x1f, 0xff, 0xe0, 0x1f,
    0xff, 0xe0, 0x0, 0xff, 0xff, 0x0, 0x0, 0x0,
    0x0, 0x0, 0x1f, 0xff, 0xf0, 0xf, 0xff, 0xe0,
    0x0, 0x3f, 0xff, 0x80, 0x0, 0x0, 0x0, 0x0,
    0xf, 0xff, 0xf0, 0x7, 0xff, 0xf0, 0x0, 0x1f,
    0xff, 0xc0, 0x0, 0x0, 0x0, 0x0, 0xf, 0xff,
    0xf8, 0x3, 0xff, 0xf8, 0x0, 0xf, 0xff, 0xe0,
    0x0, 0x0, 0x0, 0x0, 0x7, 0xff, 0xf8, 0x3,
    0xff, 0xf8, 0x0, 0x7, 0xff, 0xf8, 0x0, 0x0,
    0x0, 0x0, 0x7, 0xff, 0xfc, 0x1, 0xff, 0xfc,
    0x0, 0x1, 0xff, 0xfc, 0x0, 0x0, 0x0, 0x0,
    0x7, 0xff, 0xfc, 0x0, 0xff, 0xfe, 0x0, 0x0,
    0xff, 0xfe, 0x0, 0x0, 0x0, 0x0, 0x3, 0xff,
    0xfc, 0x0, 0x7f, 0xff, 0x0, 0x0, 0x7f, 0xff,
    0x0, 0x0, 0x0, 0x0, 0x3, 0xff, 0xfe, 0x0,
    0x3f, 0xff, 0x80, 0x0, 0x3f, 0xff, 0x80, 0x0,
    0x0, 0x0, 0x1, 0xff, 0xfe, 0x0, 0x1f, 0xff,
    0xc0, 0x0, 0x1f, 0xff, 0xc0, 0x0, 0x0, 0x0,
    0x1, 0xff, 0xff, 0x0, 0xf, 0xff, 0xe0, 0x0,
    0xf, 0xff, 0xe0, 0x0, 0x0, 0x0, 0x0, 0xff,
    0xff, 0x0, 0x7, 0xff, 0xf0, 0x0, 0x7, 0xff,
    0xf0, 0x0, 0x0, 0x0, 0x0, 0xff, 0xff, 0x0,
    0x3, 0xff, 0xf8, 0x0, 0x3, 0xff, 0xf8, 0x0,
    0x0, 0x0, 0x0, 0xff, 0xff, 0x80, 0x1, 0xff,
    0xfc, 0x0, 0x1, 0xff, 0xfc, 0x0, 0x0, 0x0,
    0x0, 0x7f, 0xff, 0x80, 0x0, 0xff, 0xfe, 0x0,
    0x0, 0xff, 0xfe, 0x0, 0x0, 0x0, 0x0, 0x7f,
    0xff, 0xc0, 0x0, 0x7f, 0xff, 0x0, 0x0, 0x7f,
    0xff, 0x0, 0x0, 0x0, 0x0, 0x3f, 0xff, 0xc0,
    0x0, 0x3f, 0xff, 0x80, 0x0, 0x3f, 0xff, 0x80,
    0x0, 0x0, 0x0, 0x3f, 0xff, 0xe0, 0x0, 0x1f,
    0xff, 0xc0, 0x0, 0x3f, 0xff, 0x80, 0x0, 0x0,
    0x0, 0x3f, 0xff, 0xe0, 0x0, 0x7, 0xff, 0xf0,
    0x0, 0x1f, 0xff, 0xc0, 0x0, 0x0, 0x0, 0x1f,
    0xff, 0xe0, 0x0, 0x3, 0xff, 0xf8, 0x0, 0xf,
    0xff, 0xe0, 0x0, 0x0, 0x0, 0x1f, 0xff, 0xf0,
    0x0, 0x1, 0xff, 0xfc, 0x0, 0x7, 0xff, 0xf0,
    0x0, 0x0, 0x0, 0xf, 0xff, 0xf0, 0x0, 0x0,
    0xff, 0xff, 0x0, 0x7, 0xff, 0xf8, 0x0, 0x0,
    0x0, 0xf, 0xff, 0xf8, 0x0, 0x0, 0x3f, 0xff,
    0x80, 0x3, 0xff, 0xf8, 0x0, 0x0, 0x0, 0x7,
    0xff, 0xf8, 0x0, 0x0, 0x1f, 0xff, 0xe0, 0x3,
    0xff, 0xfc, 0x0, 0x0, 0x0, 0x7, 0xff, 0xfc,
    0x0, 0x0, 0xf, 0xff, 0xf8, 0x3, 0xff, 0xfe,
    0x0, 0x0, 0x0, 0x7, 0xff, 0xfc, 0x0, 0x0,
    0x3, 0xff, 0xff, 0x7, 0xff, 0xfe, 0x0, 0x0,
    0x0, 0x3, 0xff, 0xfc, 0x0, 0x0, 0x1, 0xff,
    0xff, 0xff, 0xff, 0xff, 0x0, 0x0, 0x0, 0x3,
    0xff, 0xfe, 0x0, 0x0, 0x0, 0x7f, 0xff, 0xff,
    0xff, 0xff, 0x0, 0x0, 0x0, 0x1, 0xff, 0xfe,
    0x0, 0x0, 0x0, 0x1f, 0xff, 0xff, 0xff, 0xff,
    0x0, 0x0, 0x0, 0x1, 0xff, 0xff, 0x0, 0x0,
    0x0, 0xf, 0xff, 0xff, 0xff, 0xff, 0x80, 0x0,
    0x0, 0x0, 0xff, 0xff, 0x0, 0x0, 0x0, 0x3,
    0xff, 0xff, 0xff, 0xff, 0x80, 0x0, 0x0, 0x0,
    0x7f, 0xff, 0x80, 0x0, 0x0, 0x0, 0xff, 0xff,
    0xff, 0xff, 0x80, 0x0, 0x0, 0x0, 0x3f, 0xff,
    0x80, 0x0, 0x0, 0x0, 0x3f, 0xff, 0xff, 0xff,
    0x80, 0x0, 0x0, 0x0, 0x1f, 0xff, 0x80, 0x0,
    0x0, 0x0, 0xf, 0xff, 0xff, 0xff, 0x80, 0x0,
    0x0, 0x0, 0xf, 0xff, 0xc0, 0x0, 0x0, 0x0,
    0x3, 0xff, 0xff, 0xff, 0x80, 0x0, 0x0, 0x0,
    0x3, 0xff, 0xc0, 0x0, 0x0, 0x0, 0x0, 0x7f,
    0xff, 0xff, 0x0, 0x0, 0x0, 0x0, 0x1, 0xff,
    0xc0, 0x0, 0x0, 0x0, 0x0, 0xf, 0xff, 0xfc,
    0x0, 0x0, 0x0, 0x0, 0x0, 0x7f, 0xe0, 0x0,
    0x0, 0x0, 0x0, 0x0, 0x7f, 0xf0, 0x0, 0x0,
    0x0, 0x0, 0x0, 0xf, 0xc0, 0x0, 0x0, 0x0,
    0x0, 0x0, 0x0, 0x0, 0x0, 0x0, 0x0, 0x0,
    0x0, 0x0, 0x0, 0x0, 0x0, 0x0, 0x0, 0x0,
    0x0, 0x0, 0x0, 0x0,

    /* U+0026 "&" */
    0x0, 0x0, 0x0, 0x7, 0xff, 0x80, 0x0, 0x0,
    0x0, 0x0, 0x0, 0x0, 0x0, 0xf, 0xff, 0xff,
    0x80, 0x0, 0x0, 0x0, 0x0, 0x0, 0x0, 0xf,
    0xff, 0xff, 0xfc, 0x0, 0x0, 0x0, 0x0, 0x0,
    0x0, 0x7, 0xff, 0xff, 0xff, 0xe0, 0x0, 0x0,
    0x0, 0x0, 0x0, 0x3, 0xff, 0xff, 0xff, 0xfe,
    0x0, 0x0, 0x0, 0x0, 0x0, 0x0, 0xff, 0xff,
    0xff, 0xff, 0xf0, 0x0, 0x0, 0x0, 0x0, 0x0,
    0x3f, 0xff, 0xff, 0xff, 0xff, 0x0, 0x0, 0x0,
    0x0, 0x0, 0xf, 0xff, 0xff, 0xff, 0xff, 0xf0,
    0x0, 0x0, 0x0, 0x0, 0x3, 0xff, 0xff, 0xff,
    0xff, 0xfe, 0x0, 0x0, 0x0, 0x0, 0x0, 0xff,
    0xff, 0xff, 0xff, 0xff, 0xe0, 0x0, 0x0, 0x0,
    0x0, 0x3f, 0xff, 0xff, 0xff, 0xff, 0xfe, 0x0,
    0x0, 0x0, 0x0, 0x7, 0xff, 0xff, 0xff, 0xff,
    0xff, 0xc0, 0x0, 0x0, 0x0, 0x1, 0xff, 0xff,
    0xff, 0xff, 0xff, 0xfc, 0x0, 0x0, 0x0, 0x0,
    0x3f, 0xff, 0xff, 0x3, 0xff, 0xff, 0x80, 0x0,
    0x0, 0x0, 0xf, 0xff, 0xff, 0x0, 0x1f, 0xff,
    0xf0, 0x0, 0x0, 0x0, 0x1, 0xff, 0xff, 0xc0,
    0x1, 0xff, 0xfe, 0x0, 0x0, 0x0, 0x0, 0x3f,
    0xff, 0xf0, 0x0, 0x1f, 0xff, 0xe0, 0x0, 0x0,
    0x0, 0xf, 0xff, 0xfe, 0x0, 0x3, 0xff, 0xfc,
    0x0, 0x0, 0x0, 0x1, 0xff, 0xff, 0x80, 0x0,
    0x3f, 0xff, 0x80, 0x0, 0x0, 0x0, 0x3f, 0xff,
    0xf0, 0x0, 0x7, 0xff, 0xf0, 0x0, 0x0, 0x0,
    0x7, 0xff, 0xfe, 0x0, 0x0, 0xff, 0xfe, 0x0,
    0x0, 0x0, 0x0, 0xff, 0xff, 0xc0, 0x0, 0x1f,
    0xff, 0xc0, 0x0, 0x0, 0x0, 0x1f, 0xff, 0xf8,
    0x0, 0x3, 0xff, 0xf8, 0x0, 0x0, 0x0, 0x3,
    0xff, 0xff, 0x0, 0x0, 0x7f, 0xff, 0x0, 0x0,
    0x0, 0x0, 0x7f, 0xff, 0xe0, 0x0, 0x1f, 0xff,
    0xe0, 0x0, 0x0, 0x0, 0xf, 0xff, 0xfe, 0x0,
    0x3, 0xff, 0xf8, 0x0, 0x0, 0x0, 0x1, 0xff,
    0xff, 0xc0, 0x0, 0xff, 0xff, 0x0, 0x0, 0x0,
    0x0, 0x1f, 0xff, 0xfc, 0x0, 0x1f, 0xff, 0xe0,
    0x0, 0x0, 0x0, 0x3, 0xff, 0xff, 0x80, 0x7,
    0xff, 0xfc, 0x0, 0x0, 0x0, 0x0, 0x7f, 0xff,
    0xf8, 0x1, 0xff, 0xff, 0x0, 0x0, 0x0, 0x0,
    0x7, 0xff, 0xff, 0x80, 0x7f, 0xff, 0xe0, 0x0,
    0x0, 0x0, 0x0, 0xff, 0xff, 0xf8, 0x3f, 0xff,
    0xf8, 0x0, 0x0, 0x0, 0x0, 0x1f, 0xff, 0xff,
    0xf, 0xff, 0xff, 0x0, 0x0, 0x0, 0x0, 0x1,
    0xff, 0xff, 0xf7, 0xff, 0xff, 0xc0, 0x0, 0x0,
    0x0, 0x0, 0x3f, 0xff, 0xff, 0xff, 0xff, 0xf0,
    0x0, 0x0, 0x0, 0x0, 0x3, 0xff, 0xff, 0xff,
    0xff, 0xfe, 0x0, 0x3, 0xf0, 0x0, 0x0, 0x3f,
    0xff, 0xff, 0xff, 0xff, 0x80, 0x1, 0xff, 0x80,
    0x0, 0x3, 0xff, 0xff, 0xff, 0xff, 0xe0, 0x0,
    0x7f, 0xf8, 0x0, 0x0, 0x7f, 0xff, 0xff, 0xff,
    0xf8, 0x0, 0x1f, 0xff, 0x80, 0x0, 0x7, 0xff,
    0xff, 0xff, 0xfe, 0x0, 0x3, 0xff, 0xf0, 0x0,
    0x0, 0x7f, 0xff, 0xff, 0xff, 0x0, 0x0, 0xff,
    0xff, 0x0, 0x0, 0x7, 0xff, 0xff, 0xff, 0xc0,
    0x0, 0x1f, 0xff, 0xe0, 0x0, 0x3, 0xff, 0xff,
    0xff, 0xe0, 0x0, 0x3, 0xff, 0xfc, 0x0, 0x1,
    0xff, 0xff, 0xff, 0xf8, 0x0, 0x0, 0xff, 0xff,
    0x80, 0x0, 0x7f, 0xff, 0xff, 0xff, 0x0, 0x0,
    0x1f, 0xff, 0xf0, 0x0, 0x1f, 0xff, 0xff, 0xff,
    0xf0, 0x0, 0x3, 0xff, 0xfc, 0x0, 0xf, 0xff,
    0xff, 0xff, 0xff, 0x0, 0x0, 0x7f, 0xff, 0x80,
    0x3, 0xff, 0xff, 0xff, 0xff, 0xf0, 0x0, 0xf,
    0xff, 0xf0, 0x0, 0xff, 0xff, 0xff, 0xff, 0xff,
    0x0, 0x3, 0xff, 0xfe, 0x0, 0x3f, 0xff, 0xff,
    0xff, 0xff, 0xf0, 0x0, 0x7f, 0xff, 0xc0, 0xf,
    0xff, 0xff, 0xff, 0xff, 0xff, 0x0, 0xf, 0xff,
    0xf0, 0x3, 0xff, 0xff, 0xff, 0xff, 0xff, 0xf0,
    0x1, 0xff, 0xfe, 0x0, 0x7f, 0xff, 0xfe, 0x7f,
    0xff, 0xff, 0x0, 0x7f, 0xff, 0xc0, 0x1f, 0xff,
    0xff, 0x7, 0xff, 0xff, 0xf0, 0xf, 0xff, 0xf8,
    0x7, 0xff, 0xff, 0xc0, 0x7f, 0xff, 0xff, 0x1,
    0xff, 0xfe, 0x0, 0xff, 0xff, 0xf0, 0x7, 0xff,
    0xff, 0xf0, 0x7f, 0xff, 0xc0, 0x3f, 0xff, 0xfc,
    0x0, 0x7f, 0xff, 0xff, 0xf, 0xff, 0xf8, 0x7,
    0xff, 0xff, 0x0, 0x7, 0xff, 0xff, 0xf3, 0xff,
    0xfe, 0x1, 0xff, 0xff, 0xe0, 0x0, 0x7f, 0xff,
    0xff, 0x7f, 0xff, 0xc0, 0x3f, 0xff, 0xf8, 0x0,
    0x7, 0xff, 0xff, 0xff, 0xff, 0xf8, 0x7, 0xff,
    0xff, 0x0, 0x0, 0x7f, 0xff, 0xff, 0xff, 0xfe,
    0x0, 0xff, 0xff, 0xe0, 0x0, 0x7, 0xff, 0xff,
    0xff, 0xff, 0xc0, 0x3f, 0xff, 0xf8, 0x0, 0x0,
    0x7f, 0xff, 0xff, 0xff, 0xf8, 0x7, 0xff, 0xff,
    0x0, 0x0, 0x7, 0xff, 0xff, 0xff, 0xfe, 0x0,
    0xff, 0xff, 0xe0, 0x0, 0x0, 0x7f, 0xff, 0xff,
    0xff, 0xc0, 0x1f, 0xff, 0xfc, 0x0, 0x0, 0x7,
    0xff, 0xff, 0xff, 0xf0, 0x3, 0xff, 0xff, 0x80,
    0x0, 0x0, 0x7f, 0xff, 0xff, 0xfe, 0x0, 0x7f,
    0xff, 0xf0, 0x0, 0x0, 0x7, 0xff, 0xff, 0xff,
    0x80, 0xf, 0xff, 0xfe, 0x0, 0x0, 0x0, 0x7f,
    0xff, 0xff, 0xf0, 0x1, 0xff, 0xff, 0xc0, 0x0,
    0x0, 0x7, 0xff, 0xff, 0xfc, 0x0, 0x3f, 0xff,
    0xfc, 0x0, 0x0, 0x0, 0x7f, 0xff, 0xff, 0x0,
    0x7, 0xff, 0xff, 0x80, 0x0, 0x0, 0x7, 0xff,
    0xff, 0xf0, 0x0, 0xff, 0xff, 0xf8, 0x0, 0x0,
    0x0, 0xff, 0xff, 0xff, 0x80, 0xf, 0xff, 0xff,
    0x80, 0x0, 0x0, 0x3f, 0xff, 0xff, 0xf8, 0x1,
    0xff, 0xff, 0xf0, 0x0, 0x0, 0xf, 0xff, 0xff,
    0xff, 0x80, 0x3f, 0xff, 0xff, 0x80, 0x0, 0x7,
    0xff, 0xff, 0xff, 0xf8, 0x3, 0xff, 0xff, 0xfc,
    0x0, 0x3, 0xff, 0xff, 0xff, 0xff, 0x80, 0x7f,
    0xff, 0xff, 0xf0, 0x3, 0xff, 0xff, 0xff, 0xff,
    0xf8, 0xf, 0xff, 0xff, 0xff, 0xff, 0xff, 0xff,
    0xff, 0xff, 0xff, 0x80, 0xff, 0xff, 0xff, 0xff,
    0xff, 0xff, 0xff, 0xff, 0xff, 0xf8, 0xf, 0xff,
    0xff, 0xff, 0xff, 0xff, 0xff, 0xff, 0xff, 0xff,
    0x81, 0xff, 0xff, 0xff, 0xff, 0xff, 0xff, 0xff,
    0xff, 0xff, 0xf8, 0x1f, 0xff, 0xff, 0xff, 0xff,
    0xff, 0xff, 0xff, 0xff, 0xff, 0x1, 0xff, 0xff,
    0xff, 0xff, 0xff, 0xff, 0xe7, 0xff, 0xff, 0xf0,
    0x1f, 0xff, 0xff, 0xff, 0xff, 0xff, 0xf8, 0x7f,
    0xff, 0xfe, 0x1, 0xff, 0xff, 0xff, 0xff, 0xff,
    0xfe, 0x7, 0xff, 0xff, 0xc0, 0x1f, 0xff, 0xff,
    0xff, 0xff, 0xff, 0x0, 0x7f, 0xff, 0xf8, 0x0,
    0xff, 0xff, 0xff, 0xff, 0xff, 0xc0, 0x7, 0xff,
    0xff, 0x0, 0x7, 0xff, 0xff, 0xff, 0xff, 0xe0,
    0x0, 0x3f, 0xff, 0xc0, 0x0, 0x3f, 0xff, 0xff,
    0xff, 0xf0, 0x0, 0x3, 0xff, 0xf0, 0x0, 0x1,
    0xff, 0xff, 0xff, 0xf0, 0x0, 0x0, 0x3f, 0xfc,
    0x0, 0x0, 0x7, 0xff, 0xff, 0xf0, 0x0, 0x0,
    0x0, 0xfe, 0x0, 0x0, 0x0, 0x7, 0xff, 0xe0,
    0x0, 0x0, 0x0, 0x0, 0x0,

    /* U+0027 "'" */
    0x1, 0xfc, 0x0, 0x3f, 0xf8, 0x3, 0xff, 0xe0,
    0x3f, 0xff, 0x83, 0xff, 0xfe, 0x3f, 0xff, 0xf1,
    0xff, 0xff, 0xcf, 0xff, 0xfe, 0xff, 0xff, 0xf7,
    0xff, 0xff, 0xbf, 0xff, 0xfc, 0xff, 0xff, 0xe7,
    0xff, 0xff, 0x3f, 0xff, 0xf9, 0xff, 0xff, 0xcf,
    0xff, 0xfe, 0x7f, 0xff, 0xf3, 0xff, 0xff, 0x1f,
    0xff, 0xf8, 0x7f, 0xff, 0xc3, 0xff, 0xfe, 0x1f,
    0xff, 0xf0, 0xff, 0xff, 0x87, 0xff, 0xfc, 0x3f,
    0xff, 0xe1, 0xff, 0xff, 0xf, 0xff, 0xf0, 0x7f,
    0xff, 0x81, 0xff, 0xfc, 0xf, 0xff, 0xe0, 0x7f,
    0xff, 0x3, 0xff, 0xf8, 0x1f, 0xff, 0xc0, 0xff,
    0xfe, 0x7, 0xff, 0xe0, 0x1f, 0xff, 0x0, 0xff,
    0xf0, 0x3, 0xff, 0x80, 0xf, 0xf8, 0x0, 0x1f,
    0x0,

    /* U+0028 "(" */
    0x0, 0x0, 0x0, 0x0, 0x0, 0x0, 0x3f, 0x80,
    0x0, 0x1, 0xff, 0x80, 0x0, 0x7, 0xff, 0x80,
    0x0, 0xf, 0xff, 0x80, 0x0, 0x3f, 0xff, 0x0,
    0x0, 0xff, 0xff, 0x0, 0x1, 0xff, 0xfe, 0x0,
    0x7, 0xff, 0xfc, 0x0, 0xf, 0xff, 0xf8, 0x0,
    0x3f, 0xff, 0xf0, 0x0, 0xff, 0xff, 0xe0, 0x1,
    0xff, 0xff, 0x80, 0x7, 0xff, 0xff, 0x0, 0xf,
    0xff, 0xfc, 0x0, 0x3f, 0xff, 0xf8, 0x0, 0x7f,
    0xff, 0xf0, 0x1, 0xff, 0xff, 0xc0, 0x3, 0xff,
    0xff, 0x80, 0xf, 0xff, 0xff, 0x0, 0x1f, 0xff,
    0xfe, 0x0, 0x3f, 0xff, 0xf8, 0x0, 0xff, 0xff,
    0xf0, 0x1, 0xff, 0xff, 0xe0, 0x3, 0xff, 0xff,
    0x80, 0xf, 0xff, 0xff, 0x0, 0x1f, 0xff, 0xfe,
    0x0, 0x3f, 0xff, 0xfc, 0x0, 0xff, 0xff, 0xf0,
    0x1, 0xff, 0xff, 0xe0, 0x3, 0xff, 0xff, 0xc0,
    0xf, 0xff, 0xff, 0x80, 0x1f, 0xff, 0xff, 0x0,
    0x3f, 0xff, 0xfc, 0x0, 0x7f, 0xff, 0xf8, 0x1,
    0xff, 0xff, 0xf0, 0x3, 0xff, 0xff, 0xe0, 0x7,
    0xff, 0xff, 0xc0, 0xf, 0xff, 0xff, 0x0, 0x1f,
    0xff, 0xfe, 0x0, 0x7f, 0xff, 0xfc, 0x0, 0xff,
    0xff, 0xf8, 0x1, 0xff, 0xff, 0xf0, 0x3, 0xff,
    0xff, 0xe0, 0x7, 0xff, 0xff, 0xc0, 0xf, 0xff,
    0xff, 0x80, 0x1f, 0xff, 0xfe, 0x0, 0x7f, 0xff,
    0xfc, 0x0, 0xff, 0xff, 0xf8, 0x1, 0xff, 0xff,
    0xf0, 0x3, 0xff, 0xff, 0xe0, 0x7, 0xff, 0xff,
    0xc0, 0xf, 0xff, 0xff, 0x80, 0x1f, 0xff, 0xff,
    0x0, 0x3f, 0xff, 0xfe, 0x0, 0x7f, 0xff, 0xfc,
    0x0, 0xff, 0xff, 0xf8, 0x1, 0xff, 0xff, 0xf0,
    0x3, 0xff, 0xff, 0xe0, 0x7, 0xff, 0xff, 0xc0,
    0xf, 0xff, 0xff, 0x80, 0x1f, 0xff, 0xff, 0x0,
    0x3f, 0xff, 0xfe, 0x0, 0x7f, 0xff, 0xfc, 0x0,
    0xff, 0xff, 0xf8, 0x1, 0xff, 0xff, 0xf0, 0x3,
    0xff, 0xff, 0xe0, 0x7, 0xff, 0xff, 0xc0, 0xf,
    0xff, 0xff, 0x80, 0xf, 0xff, 0xff, 0x0, 0x1f,
    0xff, 0xff, 0x0, 0x3f, 0xff, 0xfe, 0x0, 0x7f,
    0xff, 0xfc, 0x0, 0xff, 0xff, 0xf8, 0x1, 0xff,
    0xff, 0xf0, 0x3, 0xff, 0xff, 0xe0, 0x3, 0xff,
    0xff, 0xc0, 0x7, 0xff, 0xff, 0x80, 0xf, 0xff,
    0xff, 0x80, 0x1f, 0xff, 0xff, 0x0, 0x3f, 0xff,
    0xfe, 0x0, 0x7f, 0xff, 0xfc, 0x0, 0x7f, 0xff,
    0xf8, 0x0, 0xff, 0xff, 0xf0, 0x1, 0xff, 0xff,
    0xf0, 0x3, 0xff, 0xff, 0xe0, 0x3, 0xff, 0xff,
    0xc0, 0x7, 0xff, 0xff, 0x80, 0xf, 0xff, 0xff,
    0x80, 0xf, 0xff, 0xff, 0x0, 0x1f, 0xff, 0xfe,
    0x0, 0x3f, 0xff, 0xfc, 0x0, 0x3f, 0xff, 0xfc,
    0x0, 0x7f, 0xff, 0xf8, 0x0, 0xff, 0xff, 0xf0,
    0x0, 0xff, 0xff, 0xe0, 0x1, 0xff, 0xff, 0xe0,
    0x1, 0xff, 0xff, 0xc0, 0x3, 0xff, 0xff, 0x80,
    0x7, 0xff, 0xff, 0x80, 0x7, 0xff, 0xff, 0x0,
    0xf, 0xff, 0xfe, 0x0, 0xf, 0xff, 0xfe, 0x0,
    0x1f, 0xff, 0xfc, 0x0, 0x1f, 0xff, 0xf8, 0x0,
    0x3f, 0xff, 0xf8, 0x0, 0x3f, 0xff, 0xf0, 0x0,
    0x3f, 0xff, 0xe0, 0x0, 0x7f, 0xff, 0xc0, 0x0,
    0x7f, 0xff, 0x80, 0x0, 0xff, 0xff, 0x0, 0x0,
    0xff, 0xfc, 0x0, 0x0, 0xff, 0xf8, 0x0, 0x0,
    0xff, 0xe0, 0x0, 0x0, 0xff, 0x80, 0x0, 0x0,
    0x7c, 0x0,

    /* U+0029 ")" */
    0x0, 0x0, 0x0, 0x0, 0xf, 0xe0, 0x0, 0x0,
    0x3f, 0xf0, 0x0, 0x0, 0xff, 0xf0, 0x0, 0x3,
    0xff, 0xe0, 0x0, 0xf, 0xff, 0xe0, 0x0, 0x1f,
    0xff, 0xe0, 0x0, 0x3f, 0xff, 0xc0, 0x0, 0x7f,
    0xff, 0xc0, 0x0, 0xff, 0xff, 0x80, 0x1, 0xff,
    0xff, 0x80, 0x3, 0xff, 0xff, 0x80, 0x3, 0xff,
    0xff, 0x0, 0x7, 0xff, 0xff, 0x0, 0xf, 0xff,
    0xfe, 0x0, 0xf, 0xff, 0xfe, 0x0, 0x1f, 0xff,
    0xfc, 0x0, 0x3f, 0xff, 0xfc, 0x0, 0x3f, 0xff,
    0xf8, 0x0, 0x7f, 0xff, 0xf0, 0x0, 0xff, 0xff,
    0xf0, 0x0, 0xff, 0xff, 0xe0, 0x1, 0xff, 0xff,
    0xe0, 0x3, 0xff, 0xff, 0xc0, 0x3, 0xff, 0xff,
    0x80, 0x7, 0xff, 0xff, 0x80, 0xf, 0xff, 0xff,
    0x0, 0x1f, 0xff, 0xfe, 0x0, 0x1f, 0xff, 0xfe,
    0x0, 0x3f, 0xff, 0xfc, 0x0, 0x7f, 0xff, 0xf8,
    0x0, 0xff, 0xff, 0xf8, 0x1, 0xff, 0xff, 0xf0,
    0x1, 0xff, 0xff, 0xe0, 0x3, 0xff, 0xff, 0xc0,
    0x7, 0xff, 0xff, 0x80, 0xf, 0xff, 0xff, 0x80,
    0x1f, 0xff, 0xff, 0x0, 0x3f, 0xff, 0xfe, 0x0,
    0x3f, 0xff, 0xfc, 0x0, 0x7f, 0xff, 0xf8, 0x0,
    0xff, 0xff, 0xf8, 0x1, 0xff, 0xff, 0xf0, 0x3,
    0xff, 0xff, 0xe0, 0x7, 0xff, 0xff, 0xc0, 0xf,
    0xff, 0xff, 0x80, 0x1f, 0xff, 0xff, 0x0, 0x1f,
    0xff, 0xfe, 0x0, 0x3f, 0xff, 0xfe, 0x0, 0x7f,
    0xff, 0xfc, 0x0, 0xff, 0xff, 0xf8, 0x1, 0xff,
    0xff, 0xf0, 0x3, 0xff, 0xff, 0xe0, 0x7, 0xff,
    0xff, 0xc0, 0xf, 0xff, 0xff, 0x80, 0x1f, 0xff,
    0xff, 0x0, 0x3f, 0xff, 0xfe, 0x0, 0x7f, 0xff,
    0xfc, 0x0, 0xff, 0xff, 0xf8, 0x1, 0xff, 0xff,
    0xf0, 0x3, 0xff, 0xff, 0xe0, 0x7, 0xff, 0xff,
    0xc0, 0xf, 0xff, 0xff, 0x80, 0x1f, 0xff, 0xff,
    0x0, 0x3f, 0xff, 0xfe, 0x0, 0x7f, 0xff, 0xfc,
    0x0, 0xff, 0xff, 0xf8, 0x1, 0xff, 0xff, 0xf0,
    0x3, 0xff, 0xff, 0xe0, 0x7, 0xff, 0xff, 0x80,
    0x1f, 0xff, 0xff, 0x0, 0x3f, 0xff, 0xfe, 0x0,
    0x7f, 0xff, 0xfc, 0x0, 0xff, 0xff, 0xf8, 0x1,
    0xff, 0xff, 0xf0, 0x3, 0xff, 0xff, 0xe0, 0x7,
    0xff, 0xff, 0x80, 0xf, 0xff, 0xff, 0x0, 0x1f,
    0xff, 0xfe, 0x0, 0x7f, 0xff, 0xfc, 0x0, 0xff,
    0xff, 0xf8, 0x1, 0xff, 0xff, 0xe0, 0x3, 0xff,
    0xff, 0xc0, 0x7, 0xff, 0xff, 0x80, 0x1f, 0xff,
    0xff, 0x0, 0x3f, 0xff, 0xfc, 0x0, 0x7f, 0xff,
    0xf8, 0x0, 0xff, 0xff, 0xf0, 0x1, 0xff, 0xff,
    0xe0, 0x7, 0xff, 0xff, 0x80, 0xf, 0xff, 0xff,
    0x0, 0x1f, 0xff, 0xfe, 0x0, 0x3f, 0xff, 0xf8,
    0x0, 0xff, 0xff, 0xf0, 0x1, 0xff, 0xff, 0xe0,
    0x3, 0xff, 0xff, 0x80, 0xf, 0xff, 0xff, 0x0,
    0x1f, 0xff, 0xfc, 0x0, 0x3f, 0xff, 0xf8, 0x0,
    0xff, 0xff, 0xf0, 0x1, 0xff, 0xff, 0xc0, 0x3,
    0xff, 0xff, 0x80, 0xf, 0xff, 0xfe, 0x0, 0x1f,
    0xff, 0xfc, 0x0, 0x3f, 0xff, 0xf0, 0x0, 0xff,
    0xff, 0xe0, 0x1, 0xff, 0xff, 0x80, 0x3, 0xff,
    0xfe, 0x0, 0x7, 0xff, 0xfc, 0x0, 0xf, 0xff,
    0xf0, 0x0, 0x1f, 0xff, 0xc0, 0x0, 0x1f, 0xff,
    0x80, 0x0, 0x3f, 0xfe, 0x0, 0x0, 0x3f, 0xf8,
    0x0, 0x0, 0x3f, 0xe0, 0x0, 0x0, 0x1f, 0x0,
    0x0, 0x0,

    /* U+002A "*" */
    0x0, 0x0, 0x0, 0x0, 0x0, 0x0, 0x0, 0x0,
    0x78, 0x0, 0xf, 0x0, 0x0, 0x0, 0x3f, 0x80,
    0x3, 0xf8, 0x0, 0x0, 0xf, 0xf8, 0x0, 0xff,
    0x80, 0x0, 0x3, 0xff, 0x80, 0x3f, 0xf8, 0x0,
    0x0, 0x7f, 0xf0, 0x7, 0xff, 0x80, 0x0, 0x1f,
    0xff, 0x1, 0xff, 0xf0, 0x0, 0x3, 0xff, 0xe0,
    0x3f, 0xfe, 0x0, 0x0, 0x3f, 0xfe, 0xf, 0xff,
    0xc0, 0x0, 0x7, 0xff, 0xc1, 0xff, 0xf0, 0x0,
    0x0, 0xff, 0xfc, 0x7f, 0xfe, 0x0, 0x0, 0xf,
    0xff, 0x8f, 0xff, 0x80, 0x0, 0x0, 0xff, 0xfb,
    0xff, 0xe0, 0x0, 0x0, 0x1f, 0xff, 0x7f, 0xfc,
    0x0, 0x0, 0x1, 0xff, 0xff, 0xff, 0x0, 0x0,
    0x0, 0x1f, 0xff, 0xff, 0xc0, 0x0, 0x0, 0x3,
    0xff, 0xff, 0xf8, 0x0, 0x0, 0x0, 0x3f, 0xff,
    0xfe, 0x0, 0x0, 0x7f, 0xf3, 0xff, 0xff, 0x9f,
    0xfc, 0x1f, 0xff, 0xff, 0xff, 0xff, 0xff, 0xc7,
    0xff, 0xff, 0xff, 0xff, 0xff, 0xfd, 0xff, 0xff,
    0xff, 0xff, 0xff, 0xff, 0xff, 0xff, 0xff, 0xff,
    0xff, 0xff, 0xff, 0xff, 0xff, 0xff, 0xff, 0xff,
    0xff, 0xff, 0xff, 0xff, 0xff, 0xff, 0xff, 0xff,
    0xff, 0xff, 0xff, 0xff, 0xff, 0xfd, 0xff, 0xff,
    0xff, 0xff, 0xff, 0xff, 0x3f, 0xff, 0xff, 0xff,
    0xff, 0xff, 0xe3, 0xff, 0xff, 0xff, 0xff, 0xff,
    0xf8, 0x7, 0xff, 0xff, 0xff, 0xff, 0xf8, 0x0,
    0x0, 0x7f, 0xff, 0xfc, 0x0, 0x0, 0x0, 0x1f,
    0xff, 0xff, 0xc0, 0x0, 0x0, 0x3, 0xff, 0xff,
    0xf8, 0x0, 0x0, 0x0, 0xff, 0xff, 0xff, 0x80,
    0x0, 0x0, 0x3f, 0xfe, 0xff, 0xf8, 0x0, 0x0,
    0x7, 0xff, 0xdf, 0xff, 0x0, 0x0, 0x1, 0xff,
    0xf1, 0xff, 0xf0, 0x0, 0x0, 0x7f, 0xfe, 0x3f,
    0xff, 0x0, 0x0, 0xf, 0xff, 0x83, 0xff, 0xe0,
    0x0, 0x3, 0xff, 0xf0, 0x7f, 0xfe, 0x0, 0x0,
    0x7f, 0xfc, 0x7, 0xff, 0xc0, 0x0, 0xf, 0xff,
    0x80, 0xff, 0xf8, 0x0, 0x1, 0xff, 0xe0, 0xf,
    0xff, 0x0, 0x0, 0x1f, 0xfc, 0x1, 0xff, 0xc0,
    0x0, 0x3, 0xff, 0x0, 0x1f, 0xf8, 0x0, 0x0,
    0x3f, 0xc0, 0x1, 0xfc, 0x0, 0x0, 0x1, 0xf0,
    0x0, 0x1f, 0x0, 0x0, 0x0, 0x0, 0x0, 0x0,
    0x0, 0x0,

    /* U+002B "+" */
    0x0, 0x0, 0x0, 0x7, 0xe0, 0x0, 0x0, 0x0,
    0x0, 0x0, 0x0, 0xf, 0xfc, 0x0, 0x0, 0x0,
    0x0, 0x0, 0x0, 0xf, 0xff, 0x0, 0x0, 0x0,
    0x0, 0x0, 0x0, 0x7, 0xff, 0x80, 0x0, 0x0,
    0x0, 0x0, 0x0, 0x7, 0xff, 0xe0, 0x0, 0x0,
    0x0, 0x0, 0x0, 0x3, 0xff, 0xf0, 0x0, 0x0,
    0x0, 0x0, 0x0, 0x1, 0xff, 0xf8, 0x0, 0x0,
    0x0, 0x0, 0x0, 0x0, 0xff, 0xfc, 0x0, 0x0,
    0x0, 0x0, 0x0, 0x0, 0x7f, 0xfe, 0x0, 0x0,
    0x0, 0x0, 0x0, 0x0, 0x3f, 0xff, 0x0, 0x0,
    0x0, 0x0, 0x0, 0x0, 0x1f, 0xff, 0x80, 0x0,
    0x0, 0x0, 0x0, 0x0, 0xf, 0xff, 0xc0, 0x0,
    0x0, 0x0, 0x0, 0x0, 0x7, 0xff, 0xe0, 0x0,
    0x0, 0x0, 0x0, 0x0, 0x3, 0xff, 0xf0, 0x0,
    0x0, 0x0, 0x0, 0x0, 0x1, 0xff, 0xf8, 0x0,
    0x0, 0x0, 0x0, 0x0, 0x0, 0xff, 0xfc, 0x0,
    0x0, 0x0, 0x0, 0x0, 0x0, 0x7f, 0xfe, 0x0,
    0x0, 0x0, 0x0, 0x0, 0x0, 0x3f, 0xff, 0x0,
    0x0, 0x0, 0x0, 0x0, 0x0, 0x1f, 0xff, 0x80,
    0x0, 0x0, 0x0, 0x0, 0x0, 0xf, 0xff, 0xc0,
    0x0, 0x0, 0x0, 0x0, 0x0, 0x7, 0xff, 0xe0,
    0x0, 0x0, 0x0, 0x0, 0x0, 0x3, 0xff, 0xf0,
    0x0, 0x0, 0x0, 0x0, 0x0, 0x1, 0xff, 0xf8,
    0x0, 0x0, 0x0, 0x0, 0x0, 0x0, 0xff, 0xfc,
    0x0, 0x0, 0x0, 0xf, 0xff, 0xff, 0xff, 0xff,
    0xff, 0xff, 0xf8, 0x1f, 0xff, 0xff, 0xff, 0xff,
    0xff, 0xff, 0xff, 0x1f, 0xff, 0xff, 0xff, 0xff,
    0xff, 0xff, 0xff, 0xcf, 0xff, 0xff, 0xff, 0xff,
    0xff, 0xff, 0xff, 0xef, 0xff, 0xff, 0xff, 0xff,
    0xff, 0xff, 0xff, 0xff, 0xff, 0xff, 0xff, 0xff,
    0xff, 0xff, 0xff, 0xff, 0xff, 0xff, 0xff, 0xff,
    0xff, 0xff, 0xff, 0xff, 0xff, 0xff, 0xff, 0xff,
    0xff, 0xff, 0xff, 0xff, 0xff, 0xff, 0xff, 0xff,
    0xff, 0xff, 0xff, 0xff, 0xff, 0xff, 0xff, 0xff,
    0xff, 0xff, 0xff, 0xff, 0xdf, 0xff, 0xff, 0xff,
    0xff, 0xff, 0xff, 0xff, 0xcf, 0xff, 0xff, 0xff,
    0xff, 0xff, 0xff, 0xff, 0xe3, 0xff, 0xff, 0xff,
    0xff, 0xff, 0xff, 0xff, 0xe0, 0x7f, 0xff, 0xff,
    0xff, 0xff, 0xff, 0xff, 0xc0, 0x0, 0x0, 0x1,
    0xff, 0xf8, 0x0, 0x0, 0x0, 0x0, 0x0, 0x0,
    0xff, 0xfc, 0x0, 0x0, 0x0, 0x0, 0x0, 0x0,
    0x7f, 0xfe, 0x0, 0x0, 0x0, 0x0, 0x0, 0x0,
    0x3f, 0xff, 0x0, 0x0, 0x0, 0x0, 0x0, 0x0,
    0x1f, 0xff, 0x80, 0x0, 0x0, 0x0, 0x0, 0x0,
    0xf, 0xff, 0xc0, 0x0, 0x0, 0x0, 0x0, 0x0,
    0x7, 0xff, 0xe0, 0x0, 0x0, 0x0, 0x0, 0x0,
    0x3, 0xff, 0xf0, 0x0, 0x0, 0x0, 0x0, 0x0,
    0x1, 0xff, 0xf8, 0x0, 0x0, 0x0, 0x0, 0x0,
    0x0, 0xff, 0xfc, 0x0, 0x0, 0x0, 0x0, 0x0,
    0x0, 0x7f, 0xfe, 0x0, 0x0, 0x0, 0x0, 0x0,
    0x0, 0x3f, 0xff, 0x0, 0x0, 0x0, 0x0, 0x0,
    0x0, 0x1f, 0xff, 0x80, 0x0, 0x0, 0x0, 0x0,
    0x0, 0xf, 0xff, 0xc0, 0x0, 0x0, 0x0, 0x0,
    0x0, 0x7, 0xff, 0xe0, 0x0, 0x0, 0x0, 0x0,
    0x0, 0x3, 0xff, 0xf0, 0x0, 0x0, 0x0, 0x0,
    0x0, 0x1, 0xff, 0xf8, 0x0, 0x0, 0x0, 0x0,
    0x0, 0x0, 0xff, 0xfc, 0x0, 0x0, 0x0, 0x0,
    0x0, 0x0, 0x7f, 0xfe, 0x0, 0x0, 0x0, 0x0,
    0x0, 0x0, 0x3f, 0xff, 0x0, 0x0, 0x0, 0x0,
    0x0, 0x0, 0x1f, 0xff, 0x80, 0x0, 0x0, 0x0,
    0x0, 0x0, 0xf, 0xff, 0xc0, 0x0, 0x0, 0x0,
    0x0, 0x0, 0x3, 0xff, 0xc0, 0x0, 0x0, 0x0,
    0x0, 0x0, 0x1, 0xff, 0xe0, 0x0, 0x0, 0x0,
    0x0, 0x0, 0x0, 0x7f, 0xe0, 0x0, 0x0, 0x0,
    0x0, 0x0, 0x0, 0xf, 0xc0, 0x0, 0x0, 0x0,

    /* U+002C "," */
    0x1, 0xfe, 0x0, 0x1f, 0xfe, 0x1, 0xff, 0xfc,
    0xf, 0xff, 0xf8, 0x3f, 0xff, 0xf1, 0xff, 0xff,
    0xc7, 0xff, 0xff, 0xbf, 0xff, 0xfe, 0xff, 0xff,
    0xff, 0xff, 0xff, 0xff, 0xff, 0xff, 0xff, 0xff,
    0xff, 0xff, 0xff, 0xff, 0xff, 0xff, 0xf7, 0xff,
    0xff, 0xdf, 0xff, 0xff, 0x3f, 0xff, 0xfc, 0xff,
    0xff, 0xf0, 0xff, 0xff, 0xc1, 0xff, 0xfe, 0x0,
    0xff, 0xf8, 0x0, 0xff, 0xe0, 0x3, 0xff, 0x80,
    0x1f, 0xfc, 0x0, 0x7f, 0xf0, 0x3, 0xff, 0xc0,
    0xf, 0xfe, 0x0, 0x7f, 0xf8, 0x3, 0xff, 0xc0,
    0xf, 0xff, 0x0, 0x7f, 0xf8, 0x3, 0xff, 0xc0,
    0xf, 0xff, 0x0, 0x3f, 0xf8, 0x0, 0xff, 0xc0,
    0x1, 0xfe, 0x0, 0x7, 0xf0, 0x0, 0x7, 0x0,
    0x0,

    /* U+002D "-" */
    0x7, 0xff, 0xff, 0xff, 0xf8, 0x7, 0xff, 0xff,
    0xff, 0xff, 0x83, 0xff, 0xff, 0xff, 0xff, 0xf1,
    0xff, 0xff, 0xff, 0xff, 0xfe, 0x7f, 0xff, 0xff,
    0xff, 0xff, 0xbf, 0xff, 0xff, 0xff, 0xff, 0xff,
    0xff, 0xff, 0xff, 0xff, 0xff, 0xff, 0xff, 0xff,
    0xff, 0xff, 0xff, 0xff, 0xff, 0xff, 0xff, 0xff,
    0xff, 0xff, 0xff, 0xff, 0xf7, 0xff, 0xff, 0xff,
    0xff, 0xf9, 0xff, 0xff, 0xff, 0xff, 0xfe, 0x3f,
    0xff, 0xff, 0xff, 0xff, 0x7, 0xff, 0xff, 0xff,
    0xff, 0x80, 0x7f, 0xff, 0xff, 0xff, 0x80,

    /* U+002E "." */
    0x1, 0xfe, 0x0, 0x1f, 0xfe, 0x1, 0xff, 0xfe,
    0xf, 0xff, 0xfc, 0x3f, 0xff, 0xf1, 0xff, 0xff,
    0xe7, 0xff, 0xff, 0xbf, 0xff, 0xff, 0xff, 0xff,
    0xff, 0xff, 0xff, 0xff, 0xff, 0xff, 0xff, 0xff,
    0xff, 0xff, 0xff, 0xff, 0xff, 0xff, 0xf7, 0xff,
    0xff, 0x9f, 0xff, 0xfe, 0x3f, 0xff, 0xf0, 0xff,
    0xff, 0xc1, 0xff, 0xfe, 0x1, 0xff, 0xe0, 0x1,
    0xfe, 0x0,

    /* U+002F "/" */
    0x0, 0x0, 0x0, 0x0, 0x0, 0x0, 0x0, 0x0,
    0x0, 0x3, 0xfc, 0x0, 0x0, 0x0, 0x0, 0x3f,
    0xf0, 0x0, 0x0, 0x0, 0x3, 0xff, 0xc0, 0x0,
    0x0, 0x0, 0x3f, 0xff, 0x0, 0x0, 0x0, 0x1,
    0xff, 0xf8, 0x0, 0x0, 0x0, 0x1f, 0xff, 0xc0,
    0x0, 0x0, 0x0, 0xff, 0xfe, 0x0, 0x0, 0x0,
    0x7, 0xff, 0xf0, 0x0, 0x0, 0x0, 0x7f, 0xff,
    0x80, 0x0, 0x0, 0x3, 0xff, 0xfc, 0x0, 0x0,
    0x0, 0x1f, 0xff, 0xc0, 0x0, 0x0, 0x1, 0xff,
    0xfe, 0x0, 0x0, 0x0, 0xf, 0xff, 0xf0, 0x0,
    0x0, 0x0, 0x7f, 0xff, 0x0, 0x0, 0x0, 0x7,
    0xff, 0xf8, 0x0, 0x0, 0x0, 0x3f, 0xff, 0xc0,
    0x0, 0x0, 0x1, 0xff, 0xfc, 0x0, 0x0, 0x0,
    0xf, 0xff, 0xe0, 0x0, 0x0, 0x0, 0xff, 0xff,
    0x0, 0x0, 0x0, 0x7, 0xff, 0xf0, 0x0, 0x0,
    0x0, 0x3f, 0xff, 0x80, 0x0, 0x0, 0x3, 0xff,
    0xfc, 0x0, 0x0, 0x0, 0x1f, 0xff, 0xe0, 0x0,
    0x0, 0x0, 0xff, 0xfe, 0x0, 0x0, 0x0, 0xf,
    0xff, 0xf0, 0x0, 0x0, 0x0, 0x7f, 0xff, 0x80,
    0x0, 0x0, 0x3, 0xff, 0xf8, 0x0, 0x0, 0x0,
    0x3f, 0xff, 0xc0, 0x0, 0x0, 0x1, 0xff, 0xfe,
    0x0, 0x0, 0x0, 0xf, 0xff, 0xe0, 0x0, 0x0,
    0x0, 0xff, 0xff, 0x0, 0x0, 0x0, 0x7, 0xff,
    0xf8, 0x0, 0x0, 0x0, 0x3f, 0xff, 0x80, 0x0,
    0x0, 0x3, 0xff, 0xfc, 0x0, 0x0, 0x0, 0x1f,
    0xff, 0xe0, 0x0, 0x0, 0x0, 0xff, 0xfe, 0x0,
    0x0, 0x0, 0xf, 0xff, 0xf0, 0x0, 0x0, 0x0,
    0x7f, 0xff, 0x80, 0x0, 0x0, 0x3, 0xff, 0xf8,
    0x0, 0x0, 0x0, 0x3f, 0xff, 0xc0, 0x0, 0x0,
    0x1, 0xff, 0xfe, 0x0, 0x0, 0x0, 0xf, 0xff,
    0xe0, 0x0, 0x0, 0x0, 0xff, 0xff, 0x0, 0x0,
    0x0, 0x7, 0xff, 0xf8, 0x0, 0x0, 0x0, 0x3f,
    0xff, 0x80, 0x0, 0x0, 0x1, 0xff, 0xfc, 0x0,
    0x0, 0x0, 0x1f, 0xff, 0xe0, 0x0, 0x0, 0x0,
    0xff, 0xff, 0x0, 0x0, 0x0, 0x7, 0xff, 0xf0,
    0x0, 0x0, 0x0, 0x7f, 0xff, 0x80, 0x0, 0x0,
    0x3, 0xff, 0xfc, 0x0, 0x0, 0x0, 0x1f, 0xff,
    0xc0, 0x0, 0x0, 0x1, 0xff, 0xfe, 0x0, 0x0,
    0x0, 0xf, 0xff, 0xf0, 0x0, 0x0, 0x0, 0x7f,
    0xff, 0x0, 0x0, 0x0, 0x7, 0xff, 0xf8, 0x0,
    0x0, 0x0, 0x3f, 0xff, 0xc0, 0x0, 0x0, 0x1,
    0xff, 0xfc, 0x0, 0x0, 0x0, 0x1f, 0xff, 0xe0,
    0x0, 0x0, 0x0, 0xff, 0xff, 0x0, 0x0, 0x0,
    0x7, 0xff, 0xf0, 0x0, 0x0, 0x0, 0x7f, 0xff,
    0x80, 0x0, 0x0, 0x3, 0xff, 0xfc, 0x0, 0x0,
    0x0, 0x1f, 0xff, 0xc0, 0x0, 0x0, 0x1, 0xff,
    0xfe, 0x0, 0x0, 0x0, 0xf, 0xff, 0xf0, 0x0,
    0x0, 0x0, 0x7f, 0xff, 0x0, 0x0, 0x0, 0x7,
    0xff, 0xf8, 0x0, 0x0, 0x0, 0x3f, 0xff, 0xc0,
    0x0, 0x0, 0x1, 0xff, 0xfc, 0x0, 0x0, 0x0,
    0xf, 0xff, 0xe0, 0x0, 0x0, 0x0, 0xff, 0xff,
    0x0, 0x0, 0x0, 0x7, 0xff, 0xf8, 0x0, 0x0,
    0x0, 0x3f, 0xff, 0x80, 0x0, 0x0, 0x3, 0xff,
    0xfc, 0x0, 0x0, 0x0, 0x1f, 0xff, 0xe0, 0x0,
    0x0, 0x0, 0xff, 0xfe, 0x0, 0x0, 0x0, 0xf,
    0xff, 0xf0, 0x0, 0x0, 0x0, 0x7f, 0xff, 0x80,
    0x0, 0x0, 0x3, 0xff, 0xf8, 0x0, 0x0, 0x0,
    0x3f, 0xff, 0xc0, 0x0, 0x0, 0x1, 0xff, 0xfe,
    0x0, 0x0, 0x0, 0xf, 0xff, 0xe0, 0x0, 0x0,
    0x0, 0xff, 0xff, 0x0, 0x0, 0x0, 0x7, 0xff,
    0xf8, 0x0, 0x0, 0x0, 0x3f, 0xff, 0x80, 0x0,
    0x0, 0x3, 0xff, 0xfc, 0x0, 0x0, 0x0, 0x1f,
    0xff, 0xe0, 0x0, 0x0, 0x0, 0xff, 0xfe, 0x0,
    0x0, 0x0, 0xf, 0xff, 0xf0, 0x0, 0x0, 0x0,
    0x7f, 0xff, 0x80, 0x0, 0x0, 0x3, 0xff, 0xf8,
    0x0, 0x0, 0x0, 0x3f, 0xff, 0xc0, 0x0, 0x0,
    0x1, 0xff, 0xfe, 0x0, 0x0, 0x0, 0xf, 0xff,
    0xe0, 0x0, 0x0, 0x0, 0xff, 0xff, 0x0, 0x0,
    0x0, 0x7, 0xff, 0xf8, 0x0, 0x0, 0x0, 0x3f,
    0xff, 0xc0, 0x0, 0x0, 0x1, 0xff, 0xfc, 0x0,
    0x0, 0x0, 0xf, 0xff, 0xe0, 0x0, 0x0, 0x0,
    0x3f, 0xff, 0x0, 0x0, 0x0, 0x1, 0xff, 0xf0,
    0x0, 0x0, 0x0, 0x7, 0xff, 0x0, 0x0, 0x0,
    0x0, 0x1f, 0xf0, 0x0, 0x0, 0x0, 0x0, 0x3e,
    0x0, 0x0, 0x0, 0x0, 0x0,

    /* U+0030 "0" */
    0x0, 0x0, 0x0, 0x1f, 0xff, 0x0, 0x0, 0x0,
    0x0, 0x0, 0x0, 0x3f, 0xff, 0xfe, 0x0, 0x0,
    0x0, 0x0, 0x0, 0x3f, 0xff, 0xff, 0xf8, 0x0,
    0x0, 0x0, 0x0, 0x1f, 0xff, 0xff, 0xff, 0xc0,
    0x0, 0x0, 0x0, 0xf, 0xff, 0xff, 0xff, 0xfe,
    0x0, 0x0, 0x0, 0x3, 0xff, 0xff, 0xff, 0xff,
    0xe0, 0x0, 0x0, 0x0, 0xff, 0xff, 0xff, 0xff,
    0xfe, 0x0, 0x0, 0x0, 0x3f, 0xff, 0xff, 0xff,
    0xff, 0xf0, 0x0, 0x0, 0x1f, 0xff, 0xff, 0xff,
    0xff, 0xff, 0x0, 0x0, 0x3, 0xff, 0xff, 0xff,
    0xff, 0xff, 0xf0, 0x0, 0x0, 0xff, 0xff, 0xff,
    0xff, 0xff, 0xfe, 0x0, 0x0, 0x3f, 0xff, 0xff,
    0xff, 0xff, 0xff, 0xe0, 0x0, 0xf, 0xff, 0xff,
    0xff, 0xff, 0xff, 0xfe, 0x0, 0x1, 0xff, 0xff,
    0xff, 0xff, 0xff, 0xff, 0xe0, 0x0, 0x7f, 0xff,
    0xff, 0xff, 0xff, 0xff, 0xfc, 0x0, 0x1f, 0xff,
    0xff, 0xff, 0xff, 0xff, 0xff, 0xc0, 0x3, 0xff,
    0xff, 0xfc, 0x7, 0xff, 0xff, 0xf8, 0x0, 0xff,
    0xff, 0xfe, 0x0, 0x3f, 0xff, 0xff, 0x80, 0x1f,
    0xff, 0xff, 0x0, 0x1, 0xff, 0xff, 0xf0, 0x7,
    0xff, 0xff, 0xc0, 0x0, 0x1f, 0xff, 0xff, 0x0,
    0xff, 0xff, 0xf0, 0x0, 0x1, 0xff, 0xff, 0xe0,
    0x1f, 0xff, 0xfc, 0x0, 0x0, 0x1f, 0xff, 0xfc,
    0x7, 0xff, 0xff, 0x80, 0x0, 0x3, 0xff, 0xff,
    0xc0, 0xff, 0xff, 0xe0, 0x0, 0x0, 0x3f, 0xff,
    0xf8, 0x1f, 0xff, 0xfc, 0x0, 0x0, 0x7, 0xff,
    0xff, 0x7, 0xff, 0xff, 0x80, 0x0, 0x0, 0xff,
    0xff, 0xf0, 0xff, 0xff, 0xe0, 0x0, 0x0, 0xf,
    0xff, 0xfe, 0x1f, 0xff, 0xfc, 0x0, 0x0, 0x1,
    0xff, 0xff, 0xc3, 0xff, 0xff, 0x80, 0x0, 0x0,
    0x3f, 0xff, 0xf8, 0xff, 0xff, 0xe0, 0x0, 0x0,
    0x3, 0xff, 0xff, 0x9f, 0xff, 0xfc, 0x0, 0x0,
    0x0, 0x7f, 0xff, 0xf3, 0xff, 0xff, 0x80, 0x0,
    0x0, 0xf, 0xff, 0xfe, 0x7f, 0xff, 0xf0, 0x0,
    0x0, 0x1, 0xff, 0xff, 0xcf, 0xff, 0xfe, 0x0,
    0x0, 0x0, 0x3f, 0xff, 0xf9, 0xff, 0xff, 0xc0,
    0x0, 0x0, 0x7, 0xff, 0xff, 0x3f, 0xff, 0xf0,
    0x0, 0x0, 0x0, 0xff, 0xff, 0xef, 0xff, 0xfe,
    0x0, 0x0, 0x0, 0xf, 0xff, 0xff, 0xff, 0xff,
    0xc0, 0x0, 0x0, 0x1, 0xff, 0xff, 0xff, 0xff,
    0xf8, 0x0, 0x0, 0x0, 0x3f, 0xff, 0xff, 0xff,
    0xff, 0x0, 0x0, 0x0, 0x7, 0xff, 0xff, 0xff,
    0xff, 0xe0, 0x0, 0x0, 0x0, 0xff, 0xff, 0xff,
    0xff, 0xfc, 0x0, 0x0, 0x0, 0x1f, 0xff, 0xff,
    0xff, 0xff, 0x80, 0x0, 0x0, 0x3, 0xff, 0xff,
    0xff, 0xff, 0xf0, 0x0, 0x0, 0x0, 0x7f, 0xff,
    0xff, 0xff, 0xfe, 0x0, 0x0, 0x0, 0xf, 0xff,
    0xff, 0xff, 0xff, 0xc0, 0x0, 0x0, 0x1, 0xff,
    0xff, 0xff, 0xff, 0xf8, 0x0, 0x0, 0x0, 0x3f,
    0xff, 0xff, 0xff, 0xff, 0x0, 0x0, 0x0, 0x7,
    0xff, 0xff, 0xff, 0xff, 0xe0, 0x0, 0x0, 0x0,
    0xff, 0xff, 0xff, 0xff, 0xfc, 0x0, 0x0, 0x0,
    0x1f, 0xff, 0xff, 0xff, 0xff, 0x80, 0x0, 0x0,
    0x3, 0xff, 0xff, 0xff, 0xff, 0xf0, 0x0, 0x0,
    0x0, 0x7f, 0xff, 0xff, 0xff, 0xfe, 0x0, 0x0,
    0x0, 0xf, 0xff, 0xff, 0xff, 0xff, 0xc0, 0x0,
    0x0, 0x1, 0xff, 0xff, 0xff, 0xff, 0xf8, 0x0,
    0x0, 0x0, 0x3f, 0xff, 0xff, 0xff, 0xff, 0x0,
    0x0, 0x0, 0x7, 0xff, 0xff, 0xff, 0xff, 0xe0,
    0x0, 0x0, 0x0, 0xff, 0xff, 0xcf, 0xff, 0xfe,
    0x0, 0x0, 0x0, 0x3f, 0xff, 0xf9, 0xff, 0xff,
    0xc0, 0x0, 0x0, 0x7, 0xff, 0xff, 0x3f, 0xff,
    0xf8, 0x0, 0x0, 0x0, 0xff, 0xff, 0xe7, 0xff,
    0xff, 0x0, 0x0, 0x0, 0x1f, 0xff, 0xfc, 0xff,
    0xff, 0xe0, 0x0, 0x0, 0x3, 0xff, 0xff, 0x9f,
    0xff, 0xfc, 0x0, 0x0, 0x0, 0x7f, 0xff, 0xf1,
    0xff, 0xff, 0xc0, 0x0, 0x0, 0x1f, 0xff, 0xfc,
    0x3f, 0xff, 0xf8, 0x0, 0x0, 0x3, 0xff, 0xff,
    0x87, 0xff, 0xff, 0x0, 0x0, 0x0, 0x7f, 0xff,
    0xf0, 0xff, 0xff, 0xe0, 0x0, 0x0, 0xf, 0xff,
    0xfe, 0xf, 0xff, 0xfe, 0x0, 0x0, 0x3, 0xff,
    0xff, 0x81, 0xff, 0xff, 0xc0, 0x0, 0x0, 0x7f,
    0xff, 0xf0, 0x3f, 0xff, 0xf8, 0x0, 0x0, 0x1f,
    0xff, 0xfe, 0x7, 0xff, 0xff, 0x80, 0x0, 0x3,
    0xff, 0xff, 0x80, 0x7f, 0xff, 0xf8, 0x0, 0x0,
    0xff, 0xff, 0xf0, 0xf, 0xff, 0xff, 0x0, 0x0,
    0x1f, 0xff, 0xfe, 0x0, 0xff, 0xff, 0xf0, 0x0,
    0x7, 0xff, 0xff, 0x80, 0x1f, 0xff, 0xff, 0x0,
    0x1, 0xff, 0xff, 0xf0, 0x3, 0xff, 0xff, 0xf8,
    0x0, 0xff, 0xff, 0xfc, 0x0, 0x3f, 0xff, 0xff,
    0xc0, 0x7f, 0xff, 0xff, 0x80, 0x3, 0xff, 0xff,
    0xff, 0xff, 0xff, 0xff, 0xe0, 0x0, 0x7f, 0xff,
    0xff, 0xff, 0xff, 0xff, 0xfc, 0x0, 0x7, 0xff,
    0xff, 0xff, 0xff, 0xff, 0xff, 0x0, 0x0, 0xff,
    0xff, 0xff, 0xff, 0xff, 0xff, 0xe0, 0x0, 0xf,
    0xff, 0xff, 0xff, 0xff, 0xff, 0xf8, 0x0, 0x0,
    0xff, 0xff, 0xff, 0xff, 0xff, 0xfe, 0x0, 0x0,
    0xf, 0xff, 0xff, 0xff, 0xff, 0xff, 0x80, 0x0,
    0x0, 0xff, 0xff, 0xff, 0xff, 0xff, 0xe0, 0x0,
    0x0, 0xf, 0xff, 0xff, 0xff, 0xff, 0xf8, 0x0,
    0x0, 0x0, 0xff, 0xff, 0xff, 0xff, 0xfe, 0x0,
    0x0, 0x0, 0xf, 0xff, 0xff, 0xff, 0xff, 0x80,
    0x0, 0x0, 0x0, 0x7f, 0xff, 0xff, 0xff, 0xc0,
    0x0, 0x0, 0x0, 0x7, 0xff, 0xff, 0xff, 0xf0,
    0x0, 0x0, 0x0, 0x0, 0x3f, 0xff, 0xff, 0xf8,
    0x0, 0x0, 0x0, 0x0, 0x0, 0xff, 0xff, 0xf8,
    0x0, 0x0, 0x0, 0x0, 0x0, 0x1, 0xff, 0xf0,
    0x0, 0x0, 0x0,

    /* U+0031 "1" */
    0x0, 0x0, 0x0, 0x3, 0xf8, 0x0, 0x0, 0x0,
    0x0, 0x0, 0x0, 0x7f, 0xf8, 0x0, 0x0, 0x0,
    0x0, 0x0, 0x7, 0xff, 0xf0, 0x0, 0x0, 0x0,
    0x0, 0x0, 0x7f, 0xff, 0xe0, 0x0, 0x0, 0x0,
    0x0, 0x7, 0xff, 0xff, 0x80, 0x0, 0x0, 0x0,
    0x0, 0x3f, 0xff, 0xff, 0x0, 0x0, 0x0, 0x0,
    0x3, 0xff, 0xff, 0xfc, 0x0, 0x0, 0x0, 0x0,
    0x3f, 0xff, 0xff, 0xf0, 0x0, 0x0, 0x0, 0x1,
    0xff, 0xff, 0xff, 0xc0, 0x0, 0x0, 0x0, 0x1f,
    0xff, 0xff, 0xff, 0x0, 0x0, 0x0, 0x1, 0xff,
    0xff, 0xff, 0xfc, 0x0, 0x0, 0x0, 0xf, 0xff,
    0xff, 0xff, 0xf0, 0x0, 0x0, 0x0, 0xff, 0xff,
    0xff, 0xff, 0xc0, 0x0, 0x0, 0xf, 0xff, 0xff,
    0xff, 0xff, 0x0, 0x0, 0x0, 0x7f, 0xff, 0xff,
    0xff, 0xfc, 0x0, 0x0, 0x7, 0xff, 0xff, 0xff,
    0xff, 0xf0, 0x0, 0x0, 0x3f, 0xff, 0xff, 0xff,
    0xff, 0xc0, 0x0, 0x0, 0xff, 0xff, 0xff, 0xff,
    0xff, 0x0, 0x0, 0x7, 0xff, 0xff, 0xff, 0xff,
    0xfc, 0x0, 0x0, 0x1f, 0xff, 0xff, 0xff, 0xff,
    0xf0, 0x0, 0x0, 0x7f, 0xff, 0xff, 0xff, 0xff,
    0xc0, 0x0, 0x3, 0xff, 0xff, 0xff, 0xff, 0xff,
    0x0, 0x0, 0xf, 0xff, 0xff, 0xff, 0xff, 0xfc,
    0x0, 0x0, 0x1f, 0xff, 0xfe, 0xff, 0xff, 0xf0,
    0x0, 0x0, 0x7f, 0xff, 0xf3, 0xff, 0xff, 0xc0,
    0x0, 0x1, 0xff, 0xff, 0xf, 0xff, 0xff, 0x0,
    0x0, 0x3, 0xff, 0xf0, 0x3f, 0xff, 0xfc, 0x0,
    0x0, 0x7, 0xff, 0x80, 0xff, 0xff, 0xf0, 0x0,
    0x0, 0xf, 0xf8, 0x3, 0xff, 0xff, 0xc0, 0x0,
    0x0, 0x1f, 0x80, 0xf, 0xff, 0xff, 0x0, 0x0,
    0x0, 0x0, 0x0, 0x3f, 0xff, 0xfc, 0x0, 0x0,
    0x0, 0x0, 0x0, 0xff, 0xff, 0xf0, 0x0, 0x0,
    0x0, 0x0, 0x3, 0xff, 0xff, 0xc0, 0x0, 0x0,
    0x0, 0x0, 0xf, 0xff, 0xff, 0x0, 0x0, 0x0,
    0x0, 0x0, 0x3f, 0xff, 0xfc, 0x0, 0x0, 0x0,
    0x0, 0x0, 0xff, 0xff, 0xf0, 0x0, 0x0, 0x0,
    0x0, 0x3, 0xff, 0xff, 0xc0, 0x0, 0x0, 0x0,
    0x0, 0xf, 0xff, 0xff, 0x0, 0x0, 0x0, 0x0,
    0x0, 0x3f, 0xff, 0xfc, 0x0, 0x0, 0x0, 0x0,
    0x0, 0xff, 0xff, 0xf0, 0x0, 0x0, 0x0, 0x0,
    0x3, 0xff, 0xff, 0xc0, 0x0, 0x0, 0x0, 0x0,
    0xf, 0xff, 0xff, 0x0, 0x0, 0x0, 0x0, 0x0,
    0x3f, 0xff, 0xfc, 0x0, 0x0, 0x0, 0x0, 0x0,
    0xff, 0xff, 0xf0, 0x0, 0x0, 0x0, 0x0, 0x3,
    0xff, 0xff, 0xc0, 0x0, 0x0, 0x0, 0x0, 0xf,
    0xff, 0xff, 0x0, 0x0, 0x0, 0x0, 0x0, 0x3f,
    0xff, 0xfc, 0x0, 0x0, 0x0, 0x0, 0x0, 0xff,
    0xff, 0xf0, 0x0, 0x0, 0x0, 0x0, 0x3, 0xff,
    0xff, 0xc0, 0x0, 0x0, 0x0, 0x0, 0xf, 0xff,
    0xff, 0x0, 0x0, 0x0, 0x0, 0x0, 0x3f, 0xff,
    0xfc, 0x0, 0x0, 0x0, 0x0, 0x0, 0xff, 0xff,
    0xf0, 0x0, 0x0, 0x0, 0x0, 0x3, 0xff, 0xff,
    0xc0, 0x0, 0x0, 0x0, 0x0, 0xf, 0xff, 0xff,
    0x0, 0x0, 0x0, 0x0, 0x0, 0x3f, 0xff, 0xfc,
    0x0, 0x0, 0x0, 0x0, 0x0, 0xff, 0xff, 0xf0,
    0x0, 0x0, 0x0, 0x0, 0x3, 0xff, 0xff, 0xc0,
    0x0, 0x0, 0x0, 0x0, 0xf, 0xff, 0xff, 0x0,
    0x0, 0x0, 0x0, 0x0, 0x3f, 0xff, 0xfc, 0x0,
    0x0, 0x0, 0x0, 0x0, 0xff, 0xff, 0xf0, 0x0,
    0x0, 0x0, 0x0, 0x3, 0xff, 0xff, 0xc0, 0x0,
    0x0, 0x0, 0x0, 0xf, 0xff, 0xff, 0x0, 0x0,
    0x0, 0x0, 0x0, 0x3f, 0xff, 0xfc, 0x0, 0x0,
    0x0, 0x0, 0x0, 0xff, 0xff, 0xf0, 0x0, 0x0,
    0x0, 0x0, 0x3, 0xff, 0xff, 0xc0, 0x0, 0x0,
    0x0, 0x0, 0xf, 0xff, 0xff, 0x0, 0x0, 0x0,
    0x0, 0x0, 0x3f, 0xff, 0xfc, 0x0, 0x0, 0x0,
    0x0, 0x0, 0xff, 0xff, 0xf0, 0x0, 0x0, 0x0,
    0x0, 0x3, 0xff, 0xff, 0xc0, 0x0, 0x0, 0x0,
    0x0, 0xf, 0xff, 0xff, 0x0, 0x0, 0x0, 0x0,
    0x0, 0x3f, 0xff, 0xfc, 0x0, 0x0, 0x0, 0x0,
    0x0, 0xff, 0xff, 0xf0, 0x0, 0x0, 0x0, 0x0,
    0x3, 0xff, 0xff, 0xc0, 0x0, 0x0, 0x0, 0x0,
    0xf, 0xff, 0xff, 0x0, 0x0, 0x0, 0x0, 0x0,
    0x3f, 0xff, 0xfc, 0x0, 0x0, 0x0, 0xff, 0xff,
    0xff, 0xff, 0xff, 0xff, 0xe0, 0xf, 0xff, 0xff,
    0xff, 0xff, 0xff, 0xff, 0xe0, 0x7f, 0xff, 0xff,
    0xff, 0xff, 0xff, 0xff, 0xc3, 0xff, 0xff, 0xff,
    0xff, 0xff, 0xff, 0xff, 0x8f, 0xff, 0xff, 0xff,
    0xff, 0xff, 0xff, 0xfe, 0x7f, 0xff, 0xff, 0xff,
    0xff, 0xff, 0xff, 0xfd, 0xff, 0xff, 0xff, 0xff,
    0xff, 0xff, 0xff, 0xf7, 0xff, 0xff, 0xff, 0xff,
    0xff, 0xff, 0xff, 0xdf, 0xff, 0xff, 0xff, 0xff,
    0xff, 0xff, 0xff, 0x7f, 0xff, 0xff, 0xff, 0xff,
    0xff, 0xff, 0xfd, 0xff, 0xff, 0xff, 0xff, 0xff,
    0xff, 0xff, 0xf3, 0xff, 0xff, 0xff, 0xff, 0xff,
    0xff, 0xff, 0x8f, 0xff, 0xff, 0xff, 0xff, 0xff,
    0xff, 0xfe, 0x1f, 0xff, 0xff, 0xff, 0xff, 0xff,
    0xff, 0xf0, 0x3f, 0xff, 0xff, 0xff, 0xff, 0xff,
    0xff, 0x80, 0x3f, 0xff, 0xff, 0xff, 0xff, 0xff,
    0xf8, 0x0,

    /* U+0032 "2" */
    0x0, 0x0, 0x1, 0xff, 0xfc, 0x0, 0x0, 0x0,
    0x0, 0x0, 0xf, 0xff, 0xff, 0xf8, 0x0, 0x0,
    0x0, 0x0, 0x3f, 0xff, 0xff, 0xff, 0xc0, 0x0,
    0x0, 0x0, 0x3f, 0xff, 0xff, 0xff, 0xfc, 0x0,
    0x0, 0x0, 0x7f, 0xff, 0xff, 0xff, 0xff, 0xc0,
    0x0, 0x0, 0x7f, 0xff, 0xff, 0xff, 0xff, 0xfc,
    0x0, 0x0, 0x7f, 0xff, 0xff, 0xff, 0xff, 0xff,
    0x80, 0x0, 0x3f, 0xff, 0xff, 0xff, 0xff, 0xff,
    0xf0, 0x0, 0x1f, 0xff, 0xff, 0xff, 0xff, 0xff,
    0xfe, 0x0, 0xf, 0xff, 0xff, 0xff, 0xff, 0xff,
    0xff, 0xc0, 0x7, 0xff, 0xff, 0xff, 0xff, 0xff,
    0xff, 0xf8, 0x1, 0xff, 0xff, 0xff, 0xff, 0xff,
    0xff, 0xfe, 0x0, 0x7f, 0xff, 0xff, 0xff, 0xff,
    0xff, 0xff, 0xc0, 0x3f, 0xff, 0xff, 0xff, 0xff,
    0xff, 0xff, 0xf0, 0xf, 0xff, 0xff, 0xff, 0xff,
    0xff, 0xff, 0xfe, 0x1, 0xff, 0xff, 0xff, 0xff,
    0xff, 0xff, 0xff, 0x80, 0x7f, 0xff, 0xfe, 0x0,
    0x7f, 0xff, 0xff, 0xf0, 0x1f, 0xff, 0xf8, 0x0,
    0x3, 0xff, 0xff, 0xfc, 0x3, 0xff, 0xf0, 0x0,
    0x0, 0x3f, 0xff, 0xff, 0x0, 0x7f, 0xf0, 0x0,
    0x0, 0x7, 0xff, 0xff, 0xc0, 0xf, 0xf0, 0x0,
    0x0, 0x0, 0xff, 0xff, 0xf8, 0x0, 0xf0, 0x0,
    0x0, 0x0, 0x1f, 0xff, 0xfe, 0x0, 0x0, 0x0,
    0x0, 0x0, 0x7, 0xff, 0xff, 0x80, 0x0, 0x0,
    0x0, 0x0, 0x1, 0xff, 0xff, 0xe0, 0x0, 0x0,
    0x0, 0x0, 0x0, 0x3f, 0xff, 0xf8, 0x0, 0x0,
    0x0, 0x0, 0x0, 0xf, 0xff, 0xfe, 0x0, 0x0,
    0x0, 0x0, 0x0, 0x3, 0xff, 0xff, 0x80, 0x0,
    0x0, 0x0, 0x0, 0x0, 0xff, 0xff, 0xe0, 0x0,
    0x0, 0x0, 0x0, 0x0, 0x3f, 0xff, 0xf8, 0x0,
    0x0, 0x0, 0x0, 0x0, 0xf, 0xff, 0xfe, 0x0,
    0x0, 0x0, 0x0, 0x0, 0x3, 0xff, 0xff, 0x80,
    0x0, 0x0, 0x0, 0x0, 0x1, 0xff, 0xff, 0xc0,
    0x0, 0x0, 0x0, 0x0, 0x0, 0x7f, 0xff, 0xf0,
    0x0, 0x0, 0x0, 0x0, 0x0, 0x1f, 0xff, 0xfc,
    0x0, 0x0, 0x0, 0x0, 0x0, 0x7, 0xff, 0xff,
    0x0, 0x0, 0x0, 0x0, 0x0, 0x3, 0xff, 0xff,
    0xc0, 0x0, 0x0, 0x0, 0x0, 0x0, 0xff, 0xff,
    0xe0, 0x0, 0x0, 0x0, 0x0, 0x0, 0x7f, 0xff,
    0xf8, 0x0, 0x0, 0x0, 0x0, 0x0, 0x3f, 0xff,
    0xfc, 0x0, 0x0, 0x0, 0x0, 0x0, 0xf, 0xff,
    0xff, 0x0, 0x0, 0x0, 0x0, 0x0, 0x7, 0xff,
    0xff, 0xc0, 0x0, 0x0, 0x0, 0x0, 0x3, 0xff,
    0xff, 0xe0, 0x0, 0x0, 0x0, 0x0, 0x0, 0xff,
    0xff, 0xf8, 0x0, 0x0, 0x0, 0x0, 0x0, 0x7f,
    0xff, 0xfc, 0x0, 0x0, 0x0, 0x0, 0x0, 0x3f,
    0xff, 0xfe, 0x0, 0x0, 0x0, 0x0, 0x0, 0x1f,
    0xff, 0xff, 0x80, 0x0, 0x0, 0x0, 0x0, 0xf,
    0xff, 0xff, 0xc0, 0x0, 0x0, 0x0, 0x0, 0x7,
    0xff, 0xff, 0xf0, 0x0, 0x0, 0x0, 0x0, 0x3,
    0xff, 0xff, 0xf8, 0x0, 0x0, 0x0, 0x0, 0x1,
    0xff, 0xff, 0xfc, 0x0, 0x0, 0x0, 0x0, 0x0,
    0xff, 0xff, 0xfe, 0x0, 0x0, 0x0, 0x0, 0x0,
    0x7f, 0xff, 0xff, 0x0, 0x0, 0x0, 0x0, 0x0,
    0x3f, 0xff, 0xff, 0xc0, 0x0, 0x0, 0x0, 0x0,
    0x1f, 0xff, 0xff, 0xe0, 0x0, 0x0, 0x0, 0x0,
    0xf, 0xff, 0xff, 0xf0, 0x0, 0x0, 0x0, 0x0,
    0x7, 0xff, 0xff, 0xf8, 0x0, 0x0, 0x0, 0x0,
    0x3, 0xff, 0xff, 0xfc, 0x0, 0x0, 0x0, 0x0,
    0x0, 0xff, 0xff, 0xfe, 0x0, 0x0, 0x0, 0x0,
    0x0, 0x7f, 0xff, 0xff, 0x0, 0x0, 0x0, 0x0,
    0x0, 0x3f, 0xff, 0xff, 0x80, 0x0, 0x0, 0x0,
    0x0, 0x1f, 0xff, 0xff, 0xc0, 0x0, 0x0, 0x0,
    0x0, 0xf, 0xff, 0xff, 0xe0, 0x0, 0x0, 0x0,
    0x0, 0x7, 0xff, 0xff, 0xf0, 0x0, 0x0, 0x0,
    0x0, 0x3, 0xff, 0xff, 0xf8, 0x0, 0x0, 0x0,
    0x0, 0x1, 0xff, 0xff, 0xfc, 0x0, 0x0, 0x0,
    0x0, 0x0, 0xff, 0xff, 0xfe, 0x0, 0x0, 0x0,
    0x0, 0x0, 0x7f, 0xff, 0xff, 0x0, 0x0, 0x0,
    0x0, 0x0, 0x3f, 0xff, 0xff, 0x80, 0x0, 0x0,
    0x0, 0x0, 0x1f, 0xff, 0xff, 0xc0, 0x0, 0x0,
    0x0, 0x0, 0xf, 0xff, 0xff, 0xe0, 0x0, 0x0,
    0x0, 0x0, 0x7, 0xff, 0xff, 0xf0, 0x0, 0x0,
    0x0, 0x0, 0x3, 0xff, 0xff, 0xf8, 0x0, 0x0,
    0x0, 0x0, 0x1, 0xff, 0xff, 0xfc, 0x0, 0x0,
    0x0, 0x0, 0x0, 0xff, 0xff, 0xfe, 0x0, 0x0,
    0x0, 0x0, 0x0, 0x3f, 0xff, 0xff, 0x0, 0x0,
    0x0, 0x0, 0x0, 0x1f, 0xff, 0xff, 0xff, 0xff,
    0xff, 0xff, 0xe0, 0xf, 0xff, 0xff, 0xff, 0xff,
    0xff, 0xff, 0xfe, 0x3, 0xff, 0xff, 0xff, 0xff,
    0xff, 0xff, 0xff, 0xc1, 0xff, 0xff, 0xff, 0xff,
    0xff, 0xff, 0xff, 0xf8, 0x7f, 0xff, 0xff, 0xff,
    0xff, 0xff, 0xff, 0xfe, 0x1f, 0xff, 0xff, 0xff,
    0xff, 0xff, 0xff, 0xff, 0xc7, 0xff, 0xff, 0xff,
    0xff, 0xff, 0xff, 0xff, 0xf3, 0xff, 0xff, 0xff,
    0xff, 0xff, 0xff, 0xff, 0xfc, 0x7f, 0xff, 0xff,
    0xff, 0xff, 0xff, 0xff, 0xff, 0x1f, 0xff, 0xff,
    0xff, 0xff, 0xff, 0xff, 0xff, 0xc7, 0xff, 0xff,
    0xff, 0xff, 0xff, 0xff, 0xff, 0xf1, 0xff, 0xff,
    0xff, 0xff, 0xff, 0xff, 0xff, 0xf8, 0x3f, 0xff,
    0xff, 0xff, 0xff, 0xff, 0xff, 0xfe, 0xf, 0xff,
    0xff, 0xff, 0xff, 0xff, 0xff, 0xff, 0x0, 0xff,
    0xff, 0xff, 0xff, 0xff, 0xff, 0xff, 0x80, 0xf,
    0xff, 0xff, 0xff, 0xff, 0xff, 0xff, 0x80,

    /* U+0033 "3" */
    0x0, 0x0, 0x0, 0xff, 0xfe, 0x0, 0x0, 0x0,
    0x0, 0x0, 0x1f, 0xff, 0xff, 0xf8, 0x0, 0x0,
    0x0, 0x0, 0x7f, 0xff, 0xff, 0xff, 0x80, 0x0,
    0x0, 0x1, 0xff, 0xff, 0xff, 0xff, 0xf0, 0x0,
    0x0, 0x3, 0xff, 0xff, 0xff, 0xff, 0xfe, 0x0,
    0x0, 0x7, 0xff, 0xff, 0xff, 0xff, 0xff, 0x80,
    0x0, 0xf, 0xff, 0xff, 0xff, 0xff, 0xff, 0xf0,
    0x0, 0x1f, 0xff, 0xff, 0xff, 0xff, 0xff, 0xfc,
    0x0, 0x1f, 0xff, 0xff, 0xff, 0xff, 0xff, 0xff,
    0x0, 0x1f, 0xff, 0xff, 0xff, 0xff, 0xff, 0xff,
    0xc0, 0xf, 0xff, 0xff, 0xff, 0xff, 0xff, 0xff,
    0xf0, 0xf, 0xff, 0xff, 0xff, 0xff, 0xff, 0xff,
    0xf8, 0x7, 0xff, 0xff, 0xff, 0xff, 0xff, 0xff,
    0xfe, 0x3, 0xff, 0xff, 0xff, 0xff, 0xff, 0xff,
    0xff, 0x81, 0xff, 0xff, 0xff, 0xff, 0xff, 0xff,
    0xff, 0xc0, 0xff, 0xff, 0xff, 0xff, 0xff, 0xff,
    0xff, 0xe0, 0x3f, 0xff, 0xff, 0x0, 0x3f, 0xff,
    0xff, 0xf8, 0x1f, 0xff, 0xf0, 0x0, 0x3, 0xff,
    0xff, 0xfc, 0x7, 0xff, 0xe0, 0x0, 0x0, 0x7f,
    0xff, 0xfe, 0x1, 0xff, 0x80, 0x0, 0x0, 0x1f,
    0xff, 0xff, 0x80, 0x7f, 0x0, 0x0, 0x0, 0x7,
    0xff, 0xff, 0xc0, 0x0, 0x0, 0x0, 0x0, 0x1,
    0xff, 0xff, 0xe0, 0x0, 0x0, 0x0, 0x0, 0x0,
    0xff, 0xff, 0xf0, 0x0, 0x0, 0x0, 0x0, 0x0,
    0x3f, 0xff, 0xf8, 0x0, 0x0, 0x0, 0x0, 0x0,
    0x1f, 0xff, 0xfc, 0x0, 0x0, 0x0, 0x0, 0x0,
    0xf, 0xff, 0xfe, 0x0, 0x0, 0x0, 0x0, 0x0,
    0x7, 0xff, 0xff, 0x0, 0x0, 0x0, 0x0, 0x0,
    0x3, 0xff, 0xff, 0x80, 0x0, 0x0, 0x0, 0x0,
    0x1, 0xff, 0xff, 0xc0, 0x0, 0x0, 0x0, 0x0,
    0x0, 0xff, 0xff, 0xc0, 0x0, 0x0, 0x0, 0x0,
    0x0, 0xff, 0xff, 0xe0, 0x0, 0x0, 0x0, 0x0,
    0x0, 0x7f, 0xff, 0xf0, 0x0, 0x0, 0x0, 0x0,
    0x0, 0x7f, 0xff, 0xf8, 0x0, 0x0, 0x0, 0x0,
    0x0, 0x3f, 0xff, 0xf8, 0x0, 0x0, 0x0, 0x0,
    0x0, 0x3f, 0xff, 0xfc, 0x0, 0x0, 0x0, 0x0,
    0x0, 0x3f, 0xff, 0xfc, 0x0, 0x0, 0x0, 0x0,
    0x0, 0x7f, 0xff, 0xfe, 0x0, 0x0, 0x0, 0x0,
    0x1, 0xff, 0xff, 0xfe, 0x0, 0x0, 0x0, 0x3f,
    0xff, 0xff, 0xff, 0xfe, 0x0, 0x0, 0x0, 0x7f,
    0xff, 0xff, 0xff, 0xfe, 0x0, 0x0, 0x0, 0x7f,
    0xff, 0xff, 0xff, 0xfe, 0x0, 0x0, 0x0, 0x7f,
    0xff, 0xff, 0xff, 0xfe, 0x0, 0x0, 0x0, 0x3f,
    0xff, 0xff, 0xff, 0xfe, 0x0, 0x0, 0x0, 0x3f,
    0xff, 0xff, 0xff, 0xfc, 0x0, 0x0, 0x0, 0x1f,
    0xff, 0xff, 0xff, 0xf8, 0x0, 0x0, 0x0, 0xf,
    0xff, 0xff, 0xff, 0xff, 0x80, 0x0, 0x0, 0x7,
    0xff, 0xff, 0xff, 0xff, 0xf0, 0x0, 0x0, 0x3,
    0xff, 0xff, 0xff, 0xff, 0xfe, 0x0, 0x0, 0x1,
    0xff, 0xff, 0xff, 0xff, 0xff, 0x80, 0x0, 0x0,
    0x7f, 0xff, 0xff, 0xff, 0xff, 0xe0, 0x0, 0x0,
    0x3f, 0xff, 0xff, 0xff, 0xff, 0xf8, 0x0, 0x0,
    0xf, 0xff, 0xff, 0xff, 0xff, 0xfe, 0x0, 0x0,
    0x3, 0xff, 0xff, 0xff, 0xff, 0xff, 0x80, 0x0,
    0x0, 0x7f, 0xff, 0xff, 0xff, 0xff, 0xe0, 0x0,
    0x0, 0x0, 0x0, 0x1f, 0xff, 0xff, 0xf0, 0x0,
    0x0, 0x0, 0x0, 0x1, 0xff, 0xff, 0xfc, 0x0,
    0x0, 0x0, 0x0, 0x0, 0x3f, 0xff, 0xfe, 0x0,
    0x0, 0x0, 0x0, 0x0, 0xf, 0xff, 0xff, 0x80,
    0x0, 0x0, 0x0, 0x0, 0x3, 0xff, 0xff, 0xc0,
    0x0, 0x0, 0x0, 0x0, 0x0, 0xff, 0xff, 0xe0,
    0x0, 0x0, 0x0, 0x0, 0x0, 0x7f, 0xff, 0xf0,
    0x0, 0x0, 0x0, 0x0, 0x0, 0x1f, 0xff, 0xfc,
    0x0, 0x0, 0x0, 0x0, 0x0, 0xf, 0xff, 0xfe,
    0x0, 0x0, 0x0, 0x0, 0x0, 0x7, 0xff, 0xff,
    0x0, 0x0, 0x0, 0x0, 0x0, 0x3, 0xff, 0xff,
    0x80, 0x0, 0x0, 0x0, 0x0, 0x1, 0xff, 0xff,
    0xc0, 0x0, 0x0, 0x0, 0x0, 0x0, 0xff, 0xff,
    0xe0, 0x0, 0x0, 0x0, 0x0, 0x0, 0x7f, 0xff,
    0xf0, 0x0, 0x0, 0x0, 0x0, 0x0, 0x7f, 0xff,
    0xf8, 0x0, 0x0, 0x0, 0x0, 0x0, 0x3f, 0xff,
    0xfc, 0xe, 0x0, 0x0, 0x0, 0x0, 0x3f, 0xff,
    0xfe, 0x3f, 0xe0, 0x0, 0x0, 0x0, 0x1f, 0xff,
    0xfe, 0x3f, 0xfc, 0x0, 0x0, 0x0, 0x1f, 0xff,
    0xff, 0x3f, 0xff, 0xc0, 0x0, 0x0, 0x3f, 0xff,
    0xff, 0x9f, 0xff, 0xfc, 0x0, 0x0, 0x7f, 0xff,
    0xff, 0xdf, 0xff, 0xff, 0xe0, 0x1, 0xff, 0xff,
    0xff, 0xcf, 0xff, 0xff, 0xff, 0xff, 0xff, 0xff,
    0xff, 0xe7, 0xff, 0xff, 0xff, 0xff, 0xff, 0xff,
    0xff, 0xe3, 0xff, 0xff, 0xff, 0xff, 0xff, 0xff,
    0xff, 0xf1, 0xff, 0xff, 0xff, 0xff, 0xff, 0xff,
    0xff, 0xf0, 0xff, 0xff, 0xff, 0xff, 0xff, 0xff,
    0xff, 0xf0, 0x3f, 0xff, 0xff, 0xff, 0xff, 0xff,
    0xff, 0xf8, 0x1f, 0xff, 0xff, 0xff, 0xff, 0xff,
    0xff, 0xf8, 0x7, 0xff, 0xff, 0xff, 0xff, 0xff,
    0xff, 0xf8, 0x1, 0xff, 0xff, 0xff, 0xff, 0xff,
    0xff, 0xf8, 0x0, 0x7f, 0xff, 0xff, 0xff, 0xff,
    0xff, 0xf0, 0x0, 0xf, 0xff, 0xff, 0xff, 0xff,
    0xff, 0xf0, 0x0, 0x1, 0xff, 0xff, 0xff, 0xff,
    0xff, 0xe0, 0x0, 0x0, 0x1f, 0xff, 0xff, 0xff,
    0xff, 0xc0, 0x0, 0x0, 0x1, 0xff, 0xff, 0xff,
    0xff, 0x80, 0x0, 0x0, 0x0, 0xf, 0xff, 0xff,
    0xfc, 0x0, 0x0, 0x0, 0x0, 0x0, 0x3f, 0xff,
    0xc0, 0x0, 0x0, 0x0,

    /* U+0034 "4" */
    0x0, 0x0, 0x0, 0x0, 0x0, 0x3, 0xf8, 0x0,
    0x0, 0x0, 0x0, 0x0, 0x0, 0x0, 0xf, 0xfe,
    0x0, 0x0, 0x0, 0x0, 0x0, 0x0, 0x0, 0x1f,
    0xff, 0x80, 0x0, 0x0, 0x0, 0x0, 0x0, 0x0,
    0x7f, 0xff, 0x80, 0x0, 0x0, 0x0, 0x0, 0x0,
    0x0, 0xff, 0xff, 0xc0, 0x0, 0x0, 0x0, 0x0,
    0x0, 0x0, 0xff, 0xff, 0xc0, 0x0, 0x0, 0x0,
    0x0, 0x0, 0x1, 0xff, 0xff, 0xe0, 0x0, 0x0,
    0x0, 0x0, 0x0, 0x3, 0xff, 0xff, 0xe0, 0x0,
    0x0, 0x0, 0x0, 0x0, 0x7, 0xff, 0xff, 0xe0,
    0x0, 0x0, 0x0, 0x0, 0x0, 0x7, 0xff, 0xff,
    0xe0, 0x0, 0x0, 0x0, 0x0, 0x0, 0xf, 0xff,
    0xff, 0xe0, 0x0, 0x0, 0x0, 0x0, 0x0, 0x1f,
    0xff, 0xff, 0xe0, 0x0, 0x0, 0x0, 0x0, 0x0,
    0x1f, 0xff, 0xff, 0xe0, 0x0, 0x0, 0x0, 0x0,
    0x0, 0x3f, 0xff, 0xff, 0xe0, 0x0, 0x0, 0x0,
    0x0, 0x0, 0x7f, 0xff, 0xff, 0xe0, 0x0, 0x0,
    0x0, 0x0, 0x0, 0x7f, 0xff, 0xff, 0xe0, 0x0,
    0x0, 0x0, 0x0, 0x0, 0xff, 0xff, 0xff, 0xe0,
    0x0, 0x0, 0x0, 0x0, 0x1, 0xff, 0xff, 0xff,
    0xe0, 0x0, 0x0, 0x0, 0x0, 0x3, 0xff, 0xff,
    0xff, 0xe0, 0x0, 0x0, 0x0, 0x0, 0x3, 0xff,
    0xff, 0xff, 0xe0, 0x0, 0x0, 0x0, 0x0, 0x7,
    0xff, 0xff, 0xff, 0xe0, 0x0, 0x0, 0x0, 0x0,
    0xf, 0xff, 0xff, 0xff, 0xe0, 0x0, 0x0, 0x0,
    0x0, 0xf, 0xff, 0xff, 0xff, 0xe0, 0x0, 0x0,
    0x0, 0x0, 0x1f, 0xff, 0xff, 0xff, 0xe0, 0x0,
    0x0, 0x0, 0x0, 0x3f, 0xff, 0xff, 0xff, 0xe0,
    0x0, 0x0, 0x0, 0x0, 0x3f, 0xff, 0xff, 0xff,
    0xe0, 0x0, 0x0, 0x0, 0x0, 0x7f, 0xff, 0xff,
    0xff, 0xe0, 0x0, 0x0, 0x0, 0x0, 0xff, 0xff,
    0xff, 0xff, 0xe0, 0x0, 0x0, 0x0, 0x1, 0xff,
    0xff, 0xff, 0xff, 0xe0, 0x0, 0x0, 0x0, 0x1,
    0xff, 0xff, 0xff, 0xff, 0xe0, 0x0, 0x0, 0x0,
    0x3, 0xff, 0xfe, 0xff, 0xff, 0xe0, 0x0, 0x0,
    0x0, 0x7, 0xff, 0xfe, 0xff, 0xff, 0xe0, 0x0,
    0x0, 0x0, 0x7, 0xff, 0xfc, 0xff, 0xff, 0xe0,
    0x0, 0x0, 0x0, 0xf, 0xff, 0xf8, 0xff, 0xff,
    0xe0, 0x0, 0x0, 0x0, 0x1f, 0xff, 0xf0, 0xff,
    0xff, 0xe0, 0x0, 0x0, 0x0, 0x1f, 0xff, 0xf0,
    0xff, 0xff, 0xe0, 0x0, 0x0, 0x0, 0x3f, 0xff,
    0xe0, 0xff, 0xff, 0xe0, 0x0, 0x0, 0x0, 0x7f,
    0xff, 0xc0, 0xff, 0xff, 0xe0, 0x0, 0x0, 0x0,
    0xff, 0xff, 0xc0, 0xff, 0xff, 0xe0, 0x0, 0x0,
    0x0, 0xff, 0xff, 0x80, 0xff, 0xff, 0xe0, 0x0,
    0x0, 0x1, 0xff, 0xff, 0x0, 0xff, 0xff, 0xe0,
    0x0, 0x0, 0x3, 0xff, 0xff, 0x0, 0xff, 0xff,
    0xe0, 0x0, 0x0, 0x3, 0xff, 0xfe, 0x0, 0xff,
    0xff, 0xe0, 0x0, 0x0, 0x7, 0xff, 0xfc, 0x0,
    0xff, 0xff, 0xe0, 0x0, 0x0, 0xf, 0xff, 0xf8,
    0x0, 0xff, 0xff, 0xe0, 0x0, 0x0, 0xf, 0xff,
    0xf8, 0x0, 0xff, 0xff, 0xe0, 0x0, 0x0, 0x1f,
    0xff, 0xf0, 0x0, 0xff, 0xff, 0xe0, 0x0, 0x0,
    0x3f, 0xff, 0xe0, 0x0, 0xff, 0xff, 0xe0, 0x0,
    0x0, 0x7f, 0xff, 0xe0, 0x0, 0xff, 0xff, 0xe0,
    0x0, 0x0, 0x7f, 0xff, 0xc0, 0x0, 0xff, 0xff,
    0xe0, 0x0, 0x0, 0xff, 0xff, 0x80, 0x0, 0xff,
    0xff, 0xe0, 0x0, 0x1, 0xff, 0xff, 0x80, 0x0,
    0xff, 0xff, 0xe0, 0x0, 0x1, 0xff, 0xff, 0x0,
    0x0, 0xff, 0xff, 0xe0, 0x0, 0x3, 0xff, 0xfe,
    0x0, 0x0, 0xff, 0xff, 0xe0, 0x0, 0x7, 0xff,
    0xfc, 0x0, 0x0, 0xff, 0xff, 0xe0, 0x0, 0x7,
    0xff, 0xfc, 0x0, 0x0, 0xff, 0xff, 0xe0, 0x0,
    0xf, 0xff, 0xf8, 0x0, 0x0, 0xff, 0xff, 0xe0,
    0x0, 0x1f, 0xff, 0xf0, 0x0, 0x0, 0xff, 0xff,
    0xe0, 0x0, 0x1f, 0xff, 0xf0, 0x0, 0x0, 0xff,
    0xff, 0xe0, 0x0, 0x3f, 0xff, 0xff, 0xff, 0xff,
    0xff, 0xff, 0xff, 0xe0, 0x3f, 0xff, 0xff, 0xff,
    0xff, 0xff, 0xff, 0xff, 0xf8, 0x7f, 0xff, 0xff,
    0xff, 0xff, 0xff, 0xff, 0xff, 0xfc, 0x7f, 0xff,
    0xff, 0xff, 0xff, 0xff, 0xff, 0xff, 0xfe, 0x7f,
    0xff, 0xff, 0xff, 0xff, 0xff, 0xff, 0xff, 0xff,
    0x7f, 0xff, 0xff, 0xff, 0xff, 0xff, 0xff, 0xff,
    0xff, 0xff, 0xff, 0xff, 0xff, 0xff, 0xff, 0xff,
    0xff, 0xff, 0x7f, 0xff, 0xff, 0xff, 0xff, 0xff,
    0xff, 0xff, 0xff, 0x7f, 0xff, 0xff, 0xff, 0xff,
    0xff, 0xff, 0xff, 0xff, 0x7f, 0xff, 0xff, 0xff,
    0xff, 0xff, 0xff, 0xff, 0xff, 0x7f, 0xff, 0xff,
    0xff, 0xff, 0xff, 0xff, 0xff, 0xff, 0x3f, 0xff,
    0xff, 0xff, 0xff, 0xff, 0xff, 0xff, 0xfe, 0x1f,
    0xff, 0xff, 0xff, 0xff, 0xff, 0xff, 0xff, 0xfc,
    0xf, 0xff, 0xff, 0xff, 0xff, 0xff, 0xff, 0xff,
    0xf8, 0x1, 0xff, 0xff, 0xff, 0xff, 0xff, 0xff,
    0xff, 0xe0, 0x0, 0x0, 0x0, 0x0, 0x0, 0xff,
    0xff, 0xe0, 0x0, 0x0, 0x0, 0x0, 0x0, 0x0,
    0xff, 0xff, 0xe0, 0x0, 0x0, 0x0, 0x0, 0x0,
    0x0, 0xff, 0xff, 0xe0, 0x0, 0x0, 0x0, 0x0,
    0x0, 0x0, 0xff, 0xff, 0xe0, 0x0, 0x0, 0x0,
    0x0, 0x0, 0x0, 0xff, 0xff, 0xe0, 0x0, 0x0,
    0x0, 0x0, 0x0, 0x0, 0xff, 0xff, 0xe0, 0x0,
    0x0, 0x0, 0x0, 0x0, 0x0, 0xff, 0xff, 0xe0,
    0x0, 0x0, 0x0, 0x0, 0x0, 0x0, 0xff, 0xff,
    0xe0, 0x0, 0x0, 0x0, 0x0, 0x0, 0x0, 0xff,
    0xff, 0xe0, 0x0, 0x0, 0x0, 0x0, 0x0, 0x0,
    0xff, 0xff, 0xe0, 0x0, 0x0, 0x0, 0x0, 0x0,
    0x0, 0xff, 0xff, 0xe0, 0x0, 0x0, 0x0, 0x0,
    0x0, 0x0, 0xff, 0xff, 0xe0, 0x0, 0x0, 0x0,
    0x0, 0x0, 0x0, 0x7f, 0xff, 0xc0, 0x0, 0x0,
    0x0, 0x0, 0x0, 0x0, 0x7f, 0xff, 0xc0, 0x0,
    0x0, 0x0, 0x0, 0x0, 0x0, 0x3f, 0xff, 0x80,
    0x0, 0x0, 0x0, 0x0, 0x0, 0x0, 0x1f, 0xff,
    0x0, 0x0, 0x0, 0x0, 0x0, 0x0, 0x0, 0xf,
    0xfe, 0x0, 0x0, 0x0, 0x0, 0x0, 0x0, 0x0,
    0x3, 0xf8, 0x0, 0x0,

    /* U+0035 "5" */
    0x1, 0xff, 0xff, 0xff, 0xff, 0xff, 0xff, 0x0,
    0x3, 0xff, 0xff, 0xff, 0xff, 0xff, 0xff, 0xe0,
    0x3, 0xff, 0xff, 0xff, 0xff, 0xff, 0xff, 0xf8,
    0x3, 0xff, 0xff, 0xff, 0xff, 0xff, 0xff, 0xfc,
    0x1, 0xff, 0xff, 0xff, 0xff, 0xff, 0xff, 0xff,
    0x1, 0xff, 0xff, 0xff, 0xff, 0xff, 0xff, 0xff,
    0x80, 0xff, 0xff, 0xff, 0xff, 0xff, 0xff, 0xff,
    0xc0, 0x7f, 0xff, 0xff, 0xff, 0xff, 0xff, 0xff,
    0xf0, 0x3f, 0xff, 0xff, 0xff, 0xff, 0xff, 0xff,
    0xf8, 0x1f, 0xff, 0xff, 0xff, 0xff, 0xff, 0xff,
    0xf8, 0xf, 0xff, 0xff, 0xff, 0xff, 0xff, 0xff,
    0xfc, 0x7, 0xff, 0xff, 0xff, 0xff, 0xff, 0xff,
    0xfe, 0x3, 0xff, 0xff, 0xff, 0xff, 0xff, 0xff,
    0xfe, 0x1, 0xff, 0xff, 0xff, 0xff, 0xff, 0xff,
    0xff, 0x0, 0xff, 0xff, 0xff, 0xff, 0xff, 0xff,
    0xff, 0x0, 0x7f, 0xff, 0xff, 0xff, 0xff, 0xff,
    0xfc, 0x0, 0x3f, 0xff, 0xf8, 0x0, 0x0, 0x0,
    0x0, 0x0, 0x1f, 0xff, 0xfc, 0x0, 0x0, 0x0,
    0x0, 0x0, 0xf, 0xff, 0xfe, 0x0, 0x0, 0x0,
    0x0, 0x0, 0x7, 0xff, 0xff, 0x0, 0x0, 0x0,
    0x0, 0x0, 0x3, 0xff, 0xff, 0x80, 0x0, 0x0,
    0x0, 0x0, 0x1, 0xff, 0xff, 0xc0, 0x0, 0x0,
    0x0, 0x0, 0x0, 0xff, 0xff, 0xe0, 0x0, 0x0,
    0x0, 0x0, 0x0, 0x7f, 0xff, 0xf0, 0x0, 0x0,
    0x0, 0x0, 0x0, 0x3f, 0xff, 0xf8, 0x0, 0x0,
    0x0, 0x0, 0x0, 0x1f, 0xff, 0xfc, 0x0, 0x0,
    0x0, 0x0, 0x0, 0xf, 0xff, 0xfe, 0x0, 0x0,
    0x0, 0x0, 0x0, 0x7, 0xff, 0xff, 0x0, 0x0,
    0x0, 0x0, 0x0, 0x3, 0xff, 0xff, 0x80, 0x0,
    0x0, 0x0, 0x0, 0x1, 0xff, 0xff, 0xc0, 0x0,
    0x0, 0x0, 0x0, 0x0, 0xff, 0xff, 0xe0, 0x0,
    0x0, 0x0, 0x0, 0x0, 0x7f, 0xff, 0xf0, 0x0,
    0x0, 0x0, 0x0, 0x0, 0x3f, 0xff, 0xf8, 0x1,
    0xff, 0xc0, 0x0, 0x0, 0x1f, 0xff, 0xfc, 0xf,
    0xff, 0xfe, 0x0, 0x0, 0xf, 0xff, 0xfe, 0x3f,
    0xff, 0xff, 0xe0, 0x0, 0x7, 0xff, 0xff, 0x7f,
    0xff, 0xff, 0xfc, 0x0, 0x3, 0xff, 0xff, 0xff,
    0xff, 0xff, 0xff, 0x80, 0x1, 0xff, 0xff, 0xff,
    0xff, 0xff, 0xff, 0xe0, 0x0, 0xff, 0xff, 0xff,
    0xff, 0xff, 0xff, 0xf8, 0x0, 0x7f, 0xff, 0xff,
    0xff, 0xff, 0xff, 0xff, 0x0, 0x3f, 0xff, 0xff,
    0xff, 0xff, 0xff, 0xff, 0xc0, 0x1f, 0xff, 0xff,
    0xff, 0xff, 0xff, 0xff, 0xe0, 0xf, 0xff, 0xff,
    0xff, 0xff, 0xff, 0xff, 0xf8, 0x7, 0xff, 0xff,
    0xff, 0xff, 0xff, 0xff, 0xfe, 0x3, 0xff, 0xff,
    0xff, 0xff, 0xff, 0xff, 0xff, 0x81, 0xff, 0xff,
    0xff, 0xff, 0xff, 0xff, 0xff, 0xc0, 0xff, 0xff,
    0xff, 0xff, 0xff, 0xff, 0xff, 0xf0, 0x7f, 0xff,
    0xff, 0xff, 0xff, 0xff, 0xff, 0xf8, 0x3f, 0xff,
    0xff, 0xe0, 0xf, 0xff, 0xff, 0xfe, 0x1f, 0xff,
    0xff, 0x0, 0x0, 0xff, 0xff, 0xff, 0xf, 0xff,
    0xfe, 0x0, 0x0, 0x1f, 0xff, 0xff, 0x87, 0xff,
    0xfe, 0x0, 0x0, 0x7, 0xff, 0xff, 0xe1, 0xff,
    0xfc, 0x0, 0x0, 0x1, 0xff, 0xff, 0xf0, 0x7f,
    0xfc, 0x0, 0x0, 0x0, 0x7f, 0xff, 0xf8, 0x1f,
    0xf8, 0x0, 0x0, 0x0, 0x3f, 0xff, 0xfc, 0x1,
    0xe0, 0x0, 0x0, 0x0, 0xf, 0xff, 0xff, 0x0,
    0x0, 0x0, 0x0, 0x0, 0x7, 0xff, 0xff, 0x80,
    0x0, 0x0, 0x0, 0x0, 0x3, 0xff, 0xff, 0xc0,
    0x0, 0x0, 0x0, 0x0, 0x0, 0xff, 0xff, 0xe0,
    0x0, 0x0, 0x0, 0x0, 0x0, 0x7f, 0xff, 0xf0,
    0x0, 0x0, 0x0, 0x0, 0x0, 0x3f, 0xff, 0xf8,
    0x0, 0x0, 0x0, 0x0, 0x0, 0x1f, 0xff, 0xfc,
    0x0, 0x0, 0x0, 0x0, 0x0, 0xf, 0xff, 0xfe,
    0x0, 0x0, 0x0, 0x0, 0x0, 0x7, 0xff, 0xff,
    0x0, 0x0, 0x0, 0x0, 0x0, 0x3, 0xff, 0xff,
    0x80, 0x0, 0x0, 0x0, 0x0, 0x1, 0xff, 0xff,
    0xc0, 0x0, 0x0, 0x0, 0x0, 0x1, 0xff, 0xff,
    0xe0, 0x0, 0x0, 0x0, 0x0, 0x0, 0xff, 0xff,
    0xe0, 0x0, 0x0, 0x0, 0x0, 0x0, 0xff, 0xff,
    0xf0, 0x3f, 0x0, 0x0, 0x0, 0x0, 0x7f, 0xff,
    0xf8, 0x7f, 0xe0, 0x0, 0x0, 0x0, 0x7f, 0xff,
    0xfc, 0x7f, 0xfc, 0x0, 0x0, 0x0, 0x7f, 0xff,
    0xfc, 0x7f, 0xff, 0x80, 0x0, 0x0, 0xff, 0xff,
    0xfe, 0x3f, 0xff, 0xf8, 0x0, 0x0, 0xff, 0xff,
    0xfe, 0x1f, 0xff, 0xff, 0xe0, 0x3, 0xff, 0xff,
    0xff, 0x1f, 0xff, 0xff, 0xff, 0xff, 0xff, 0xff,
    0xff, 0x8f, 0xff, 0xff, 0xff, 0xff, 0xff, 0xff,
    0xff, 0x87, 0xff, 0xff, 0xff, 0xff, 0xff, 0xff,
    0xff, 0x83, 0xff, 0xff, 0xff, 0xff, 0xff, 0xff,
    0xff, 0xc1, 0xff, 0xff, 0xff, 0xff, 0xff, 0xff,
    0xff, 0xc0, 0x7f, 0xff, 0xff, 0xff, 0xff, 0xff,
    0xff, 0xc0, 0x3f, 0xff, 0xff, 0xff, 0xff, 0xff,
    0xff, 0xc0, 0xf, 0xff, 0xff, 0xff, 0xff, 0xff,
    0xff, 0xc0, 0x3, 0xff, 0xff, 0xff, 0xff, 0xff,
    0xff, 0xc0, 0x0, 0x7f, 0xff, 0xff, 0xff, 0xff,
    0xff, 0xc0, 0x0, 0xf, 0xff, 0xff, 0xff, 0xff,
    0xff, 0x80, 0x0, 0x1, 0xff, 0xff, 0xff, 0xff,
    0xff, 0x0, 0x0, 0x0, 0x3f, 0xff, 0xff, 0xff,
    0xfe, 0x0, 0x0, 0x0, 0x3, 0xff, 0xff, 0xff,
    0xfc, 0x0, 0x0, 0x0, 0x0, 0x1f, 0xff, 0xff,
    0xf0, 0x0, 0x0, 0x0, 0x0, 0x0, 0x3f, 0xff,
    0x0, 0x0, 0x0, 0x0,

    /* U+0036 "6" */
    0x0, 0x0, 0x0, 0x0, 0x7f, 0xfe, 0x0, 0x0,
    0x0, 0x0, 0x0, 0x1, 0xff, 0xff, 0xfc, 0x0,
    0x0, 0x0, 0x0, 0x1, 0xff, 0xff, 0xff, 0xf8,
    0x0, 0x0, 0x0, 0x0, 0xff, 0xff, 0xff, 0xff,
    0xc0, 0x0, 0x0, 0x0, 0x7f, 0xff, 0xff, 0xff,
    0xfe, 0x0, 0x0, 0x0, 0x3f, 0xff, 0xff, 0xff,
    0xff, 0xf0, 0x0, 0x0, 0x1f, 0xff, 0xff, 0xff,
    0xff, 0xff, 0x80, 0x0, 0x7, 0xff, 0xff, 0xff,
    0xff, 0xff, 0xf8, 0x0, 0x1, 0xff, 0xff, 0xff,
    0xff, 0xff, 0xff, 0x80, 0x0, 0xff, 0xff, 0xff,
    0xff, 0xff, 0xff, 0xf0, 0x0, 0x3f, 0xff, 0xff,
    0xff, 0xff, 0xff, 0xff, 0x0, 0x7, 0xff, 0xff,
    0xff, 0xff, 0xff, 0xff, 0xe0, 0x1, 0xff, 0xff,
    0xff, 0xff, 0xff, 0xff, 0xfc, 0x0, 0x7f, 0xff,
    0xff, 0xff, 0xff, 0xff, 0xff, 0x80, 0x1f, 0xff,
    0xff, 0xff, 0xff, 0xff, 0xff, 0xf0, 0x7, 0xff,
    0xff, 0xff, 0xff, 0xff, 0xff, 0xfe, 0x0, 0xff,
    0xff, 0xff, 0xe0, 0x7, 0xff, 0xff, 0x80, 0x3f,
    0xff, 0xff, 0xc0, 0x0, 0xf, 0xff, 0xf0, 0xf,
    0xff, 0xff, 0xe0, 0x0, 0x0, 0x3f, 0xfc, 0x1,
    0xff, 0xff, 0xf8, 0x0, 0x0, 0x1, 0xff, 0x0,
    0x7f, 0xff, 0xfe, 0x0, 0x0, 0x0, 0xf, 0x80,
    0xf, 0xff, 0xff, 0x80, 0x0, 0x0, 0x0, 0x0,
    0x1, 0xff, 0xff, 0xe0, 0x0, 0x0, 0x0, 0x0,
    0x0, 0x7f, 0xff, 0xf8, 0x0, 0x0, 0x0, 0x0,
    0x0, 0xf, 0xff, 0xfe, 0x0, 0x0, 0x0, 0x0,
    0x0, 0x3, 0xff, 0xff, 0xc0, 0x0, 0x0, 0x0,
    0x0, 0x0, 0x7f, 0xff, 0xf0, 0x0, 0x0, 0x0,
    0x0, 0x0, 0xf, 0xff, 0xfe, 0x0, 0x0, 0x0,
    0x0, 0x0, 0x3, 0xff, 0xff, 0x80, 0x0, 0x0,
    0x0, 0x0, 0x0, 0x7f, 0xff, 0xf0, 0x0, 0x0,
    0x0, 0x0, 0x0, 0xf, 0xff, 0xfe, 0x0, 0x0,
    0x0, 0x0, 0x0, 0x1, 0xff, 0xff, 0x80, 0x0,
    0x0, 0x0, 0x0, 0x0, 0x7f, 0xff, 0xf0, 0x0,
    0x0, 0x0, 0x0, 0x0, 0xf, 0xff, 0xfe, 0x0,
    0x3, 0xff, 0x80, 0x0, 0x1, 0xff, 0xff, 0xc0,
    0x7, 0xff, 0xfe, 0x0, 0x0, 0x3f, 0xff, 0xf8,
    0x3, 0xff, 0xff, 0xf8, 0x0, 0x7, 0xff, 0xfe,
    0x1, 0xff, 0xff, 0xff, 0xc0, 0x0, 0xff, 0xff,
    0xc0, 0x7f, 0xff, 0xff, 0xfc, 0x0, 0x3f, 0xff,
    0xf8, 0x3f, 0xff, 0xff, 0xff, 0xe0, 0x7, 0xff,
    0xff, 0xf, 0xff, 0xff, 0xff, 0xfe, 0x0, 0xff,
    0xff, 0xe3, 0xff, 0xff, 0xff, 0xff, 0xe0, 0x1f,
    0xff, 0xfc, 0x7f, 0xff, 0xff, 0xff, 0xfe, 0x3,
    0xff, 0xff, 0x9f, 0xff, 0xff, 0xff, 0xff, 0xe0,
    0x7f, 0xff, 0xf7, 0xff, 0xff, 0xff, 0xff, 0xfc,
    0xf, 0xff, 0xfe, 0xff, 0xff, 0xff, 0xff, 0xff,
    0xc1, 0xff, 0xff, 0xff, 0xff, 0xff, 0xff, 0xff,
    0xfc, 0x3f, 0xff, 0xff, 0xff, 0xff, 0xff, 0xff,
    0xff, 0x87, 0xff, 0xff, 0xff, 0xff, 0xff, 0xff,
    0xff, 0xf8, 0xff, 0xff, 0xff, 0xfe, 0x1, 0xff,
    0xff, 0xff, 0x1f, 0xff, 0xff, 0xff, 0x0, 0xf,
    0xff, 0xff, 0xf3, 0xff, 0xff, 0xff, 0x80, 0x0,
    0x7f, 0xff, 0xfe, 0x7f, 0xff, 0xff, 0xe0, 0x0,
    0x7, 0xff, 0xff, 0xcf, 0xff, 0xff, 0xf8, 0x0,
    0x0, 0x7f, 0xff, 0xfd, 0xff, 0xff, 0xfe, 0x0,
    0x0, 0x7, 0xff, 0xff, 0xbf, 0xff, 0xff, 0xc0,
    0x0, 0x0, 0xff, 0xff, 0xf7, 0xff, 0xff, 0xf0,
    0x0, 0x0, 0xf, 0xff, 0xfe, 0xff, 0xff, 0xfe,
    0x0, 0x0, 0x1, 0xff, 0xff, 0xef, 0xff, 0xff,
    0xc0, 0x0, 0x0, 0x3f, 0xff, 0xfd, 0xff, 0xff,
    0xf0, 0x0, 0x0, 0x3, 0xff, 0xff, 0xbf, 0xff,
    0xfe, 0x0, 0x0, 0x0, 0x7f, 0xff, 0xf7, 0xff,
    0xff, 0xc0, 0x0, 0x0, 0xf, 0xff, 0xfe, 0xff,
    0xff, 0xf8, 0x0, 0x0, 0x1, 0xff, 0xff, 0xdf,
    0xff, 0xff, 0x0, 0x0, 0x0, 0x3f, 0xff, 0xf9,
    0xff, 0xff, 0xe0, 0x0, 0x0, 0x7, 0xff, 0xff,
    0x3f, 0xff, 0xfc, 0x0, 0x0, 0x0, 0xff, 0xff,
    0xe7, 0xff, 0xff, 0x80, 0x0, 0x0, 0x1f, 0xff,
    0xfc, 0xff, 0xff, 0xf0, 0x0, 0x0, 0x3, 0xff,
    0xff, 0x8f, 0xff, 0xff, 0x0, 0x0, 0x0, 0xff,
    0xff, 0xf1, 0xff, 0xff, 0xe0, 0x0, 0x0, 0x1f,
    0xff, 0xfc, 0x3f, 0xff, 0xfc, 0x0, 0x0, 0x3,
    0xff, 0xff, 0x83, 0xff, 0xff, 0xc0, 0x0, 0x0,
    0xff, 0xff, 0xf0, 0x7f, 0xff, 0xf8, 0x0, 0x0,
    0x1f, 0xff, 0xfe, 0x7, 0xff, 0xff, 0x80, 0x0,
    0x7, 0xff, 0xff, 0x80, 0xff, 0xff, 0xf8, 0x0,
    0x1, 0xff, 0xff, 0xf0, 0xf, 0xff, 0xff, 0x80,
    0x0, 0x7f, 0xff, 0xfe, 0x1, 0xff, 0xff, 0xfc,
    0x0, 0x3f, 0xff, 0xff, 0x80, 0x1f, 0xff, 0xff,
    0xe0, 0x1f, 0xff, 0xff, 0xf0, 0x3, 0xff, 0xff,
    0xff, 0xff, 0xff, 0xff, 0xfc, 0x0, 0x3f, 0xff,
    0xff, 0xff, 0xff, 0xff, 0xff, 0x0, 0x3, 0xff,
    0xff, 0xff, 0xff, 0xff, 0xff, 0xe0, 0x0, 0x3f,
    0xff, 0xff, 0xff, 0xff, 0xff, 0xf8, 0x0, 0x3,
    0xff, 0xff, 0xff, 0xff, 0xff, 0xfe, 0x0, 0x0,
    0x7f, 0xff, 0xff, 0xff, 0xff, 0xff, 0x80, 0x0,
    0x3, 0xff, 0xff, 0xff, 0xff, 0xff, 0xf0, 0x0,
    0x0, 0x3f, 0xff, 0xff, 0xff, 0xff, 0xf8, 0x0,
    0x0, 0x3, 0xff, 0xff, 0xff, 0xff, 0xfe, 0x0,
    0x0, 0x0, 0x3f, 0xff, 0xff, 0xff, 0xff, 0x80,
    0x0, 0x0, 0x1, 0xff, 0xff, 0xff, 0xff, 0xc0,
    0x0, 0x0, 0x0, 0xf, 0xff, 0xff, 0xff, 0xf0,
    0x0, 0x0, 0x0, 0x0, 0x7f, 0xff, 0xff, 0xf8,
    0x0, 0x0, 0x0, 0x0, 0x1, 0xff, 0xff, 0xf8,
    0x0, 0x0, 0x0, 0x0, 0x0, 0x1, 0xff, 0xe0,
    0x0, 0x0, 0x0,

    /* U+0037 "7" */
    0x7, 0xff, 0xff, 0xff, 0xff, 0xff, 0xff, 0xf8,
    0x3, 0xff, 0xff, 0xff, 0xff, 0xff, 0xff, 0xff,
    0xc0, 0xff, 0xff, 0xff, 0xff, 0xff, 0xff, 0xff,
    0xfc, 0x3f, 0xff, 0xff, 0xff, 0xff, 0xff, 0xff,
    0xff, 0xc7, 0xff, 0xff, 0xff, 0xff, 0xff, 0xff,
    0xff, 0xfd, 0xff, 0xff, 0xff, 0xff, 0xff, 0xff,
    0xff, 0xff, 0xbf, 0xff, 0xff, 0xff, 0xff, 0xff,
    0xff, 0xff, 0xf7, 0xff, 0xff, 0xff, 0xff, 0xff,
    0xff, 0xff, 0xfe, 0xff, 0xff, 0xff, 0xff, 0xff,
    0xff, 0xff, 0xff, 0xff, 0xff, 0xff, 0xff, 0xff,
    0xff, 0xff, 0xff, 0xfb, 0xff, 0xff, 0xff, 0xff,
    0xff, 0xff, 0xff, 0xff, 0x3f, 0xff, 0xff, 0xff,
    0xff, 0xff, 0xff, 0xff, 0xe7, 0xff, 0xff, 0xff,
    0xff, 0xff, 0xff, 0xff, 0xfc, 0x7f, 0xff, 0xff,
    0xff, 0xff, 0xff, 0xff, 0xff, 0x87, 0xff, 0xff,
    0xff, 0xff, 0xff, 0xff, 0xff, 0xe0, 0x3f, 0xff,
    0xff, 0xff, 0xff, 0xff, 0xff, 0xfc, 0x0, 0x0,
    0x0, 0x0, 0x0, 0x1f, 0xff, 0xff, 0x80, 0x0,
    0x0, 0x0, 0x0, 0x3, 0xff, 0xff, 0xe0, 0x0,
    0x0, 0x0, 0x0, 0x0, 0xff, 0xff, 0xfc, 0x0,
    0x0, 0x0, 0x0, 0x0, 0x1f, 0xff, 0xff, 0x0,
    0x0, 0x0, 0x0, 0x0, 0x7, 0xff, 0xff, 0xe0,
    0x0, 0x0, 0x0, 0x0, 0x0, 0xff, 0xff, 0xf8,
    0x0, 0x0, 0x0, 0x0, 0x0, 0x3f, 0xff, 0xff,
    0x0, 0x0, 0x0, 0x0, 0x0, 0x7, 0xff, 0xff,
    0xc0, 0x0, 0x0, 0x0, 0x0, 0x1, 0xff, 0xff,
    0xf8, 0x0, 0x0, 0x0, 0x0, 0x0, 0x3f, 0xff,
    0xfe, 0x0, 0x0, 0x0, 0x0, 0x0, 0xf, 0xff,
    0xff, 0x80, 0x0, 0x0, 0x0, 0x0, 0x1, 0xff,
    0xff, 0xf0, 0x0, 0x0, 0x0, 0x0, 0x0, 0x7f,
    0xff, 0xfc, 0x0, 0x0, 0x0, 0x0, 0x0, 0x1f,
    0xff, 0xff, 0x80, 0x0, 0x0, 0x0, 0x0, 0x3,
    0xff, 0xff, 0xe0, 0x0, 0x0, 0x0, 0x0, 0x0,
    0xff, 0xff, 0xfc, 0x0, 0x0, 0x0, 0x0, 0x0,
    0x1f, 0xff, 0xff, 0x0, 0x0, 0x0, 0x0, 0x0,
    0x7, 0xff, 0xff, 0xe0, 0x0, 0x0, 0x0, 0x0,
    0x0, 0xff, 0xff, 0xf8, 0x0, 0x0, 0x0, 0x0,
    0x0, 0x3f, 0xff, 0xff, 0x0, 0x0, 0x0, 0x0,
    0x0, 0x7, 0xff, 0xff, 0xc0, 0x0, 0x0, 0x0,
    0x0, 0x1, 0xff, 0xff, 0xf8, 0x0, 0x0, 0x0,
    0x0, 0x0, 0x3f, 0xff, 0xfe, 0x0, 0x0, 0x0,
    0x0, 0x0, 0xf, 0xff, 0xff, 0xc0, 0x0, 0x0,
    0x0, 0x0, 0x1, 0xff, 0xff, 0xf0, 0x0, 0x0,
    0x0, 0x0, 0x0, 0x7f, 0xff, 0xfc, 0x0, 0x0,
    0x0, 0x0, 0x0, 0x1f, 0xff, 0xff, 0x80, 0x0,
    0x0, 0x0, 0x0, 0x3, 0xff, 0xff, 0xe0, 0x0,
    0x0, 0x0, 0x0, 0x0, 0xff, 0xff, 0xfc, 0x0,
    0x0, 0x0, 0x0, 0x0, 0x1f, 0xff, 0xff, 0x0,
    0x0, 0x0, 0x0, 0x0, 0x7, 0xff, 0xff, 0xe0,
    0x0, 0x0, 0x0, 0x0, 0x0, 0xff, 0xff, 0xf8,
    0x0, 0x0, 0x0, 0x0, 0x0, 0x3f, 0xff, 0xff,
    0x0, 0x0, 0x0, 0x0, 0x0, 0x7, 0xff, 0xff,
    0xc0, 0x0, 0x0, 0x0, 0x0, 0x1, 0xff, 0xff,
    0xf8, 0x0, 0x0, 0x0, 0x0, 0x0, 0x3f, 0xff,
    0xfe, 0x0, 0x0, 0x0, 0x0, 0x0, 0xf, 0xff,
    0xff, 0xc0, 0x0, 0x0, 0x0, 0x0, 0x3, 0xff,
    0xff, 0xf0, 0x0, 0x0, 0x0, 0x0, 0x0, 0x7f,
    0xff, 0xfe, 0x0, 0x0, 0x0, 0x0, 0x0, 0x1f,
    0xff, 0xff, 0x80, 0x0, 0x0, 0x0, 0x0, 0x3,
    0xff, 0xff, 0xe0, 0x0, 0x0, 0x0, 0x0, 0x0,
    0xff, 0xff, 0xfc, 0x0, 0x0, 0x0, 0x0, 0x0,
    0x1f, 0xff, 0xff, 0x0, 0x0, 0x0, 0x0, 0x0,
    0x7, 0xff, 0xff, 0xe0, 0x0, 0x0, 0x0, 0x0,
    0x0, 0xff, 0xff, 0xf8, 0x0, 0x0, 0x0, 0x0,
    0x0, 0x3f, 0xff, 0xff, 0x0, 0x0, 0x0, 0x0,
    0x0, 0x7, 0xff, 0xff, 0xc0, 0x0, 0x0, 0x0,
    0x0, 0x1, 0xff, 0xff, 0xf8, 0x0, 0x0, 0x0,
    0x0, 0x0, 0x3f, 0xff, 0xfe, 0x0, 0x0, 0x0,
    0x0, 0x0, 0xf, 0xff, 0xff, 0xc0, 0x0, 0x0,
    0x0, 0x0, 0x3, 0xff, 0xff, 0xf0, 0x0, 0x0,
    0x0, 0x0, 0x0, 0x7f, 0xff, 0xfe, 0x0, 0x0,
    0x0, 0x0, 0x0, 0x1f, 0xff, 0xff, 0x80, 0x0,
    0x0, 0x0, 0x0, 0x3, 0xff, 0xff, 0xf0, 0x0,
    0x0, 0x0, 0x0, 0x0, 0xff, 0xff, 0xfc, 0x0,
    0x0, 0x0, 0x0, 0x0, 0x1f, 0xff, 0xff, 0x0,
    0x0, 0x0, 0x0, 0x0, 0x7, 0xff, 0xff, 0xe0,
    0x0, 0x0, 0x0, 0x0, 0x0, 0xff, 0xff, 0xf8,
    0x0, 0x0, 0x0, 0x0, 0x0, 0x3f, 0xff, 0xff,
    0x0, 0x0, 0x0, 0x0, 0x0, 0x7, 0xff, 0xff,
    0xc0, 0x0, 0x0, 0x0, 0x0, 0x1, 0xff, 0xff,
    0xf8, 0x0, 0x0, 0x0, 0x0, 0x0, 0x3f, 0xff,
    0xfe, 0x0, 0x0, 0x0, 0x0, 0x0, 0xf, 0xff,
    0xff, 0xc0, 0x0, 0x0, 0x0, 0x0, 0x3, 0xff,
    0xff, 0xf0, 0x0, 0x0, 0x0, 0x0, 0x0, 0x7f,
    0xff, 0xfe, 0x0, 0x0, 0x0, 0x0, 0x0, 0xf,
    0xff, 0xff, 0x80, 0x0, 0x0, 0x0, 0x0, 0x3,
    0xff, 0xff, 0xf0, 0x0, 0x0, 0x0, 0x0, 0x0,
    0x7f, 0xff, 0xfc, 0x0, 0x0, 0x0, 0x0, 0x0,
    0xf, 0xff, 0xff, 0x80, 0x0, 0x0, 0x0, 0x0,
    0x0, 0xff, 0xff, 0xe0, 0x0, 0x0, 0x0, 0x0,
    0x0, 0x1f, 0xff, 0xf8, 0x0, 0x0, 0x0, 0x0,
    0x0, 0x3, 0xff, 0xfe, 0x0, 0x0, 0x0, 0x0,
    0x0, 0x0, 0x3f, 0xff, 0x80, 0x0, 0x0, 0x0,
    0x0, 0x0, 0x3, 0xff, 0xe0, 0x0, 0x0, 0x0,
    0x0, 0x0, 0x0, 0xf, 0xe0, 0x0, 0x0, 0x0,
    0x0, 0x0, 0x0,

    /* U+0038 "8" */
    0x0, 0x0, 0x0, 0x1f, 0xff, 0xc0, 0x0, 0x0,
    0x0, 0x0, 0x0, 0x1f, 0xff, 0xff, 0xf0, 0x0,
    0x0, 0x0, 0x0, 0xf, 0xff, 0xff, 0xff, 0xf8,
    0x0, 0x0, 0x0, 0x1, 0xff, 0xff, 0xff, 0xff,
    0xf0, 0x0, 0x0, 0x0, 0x3f, 0xff, 0xff, 0xff,
    0xff, 0xe0, 0x0, 0x0, 0x7, 0xff, 0xff, 0xff,
    0xff, 0xff, 0xc0, 0x0, 0x0, 0x7f, 0xff, 0xff,
    0xff, 0xff, 0xff, 0x0, 0x0, 0xf, 0xff, 0xff,
    0xff, 0xff, 0xff, 0xfc, 0x0, 0x0, 0xff, 0xff,
    0xff, 0xff, 0xff, 0xff, 0xf8, 0x0, 0xf, 0xff,
    0xff, 0xff, 0xff, 0xff, 0xff, 0xe0, 0x0, 0x7f,
    0xff, 0xff, 0xff, 0xff, 0xff, 0xff, 0x0, 0x7,
    0xff, 0xff, 0xff, 0xff, 0xff, 0xff, 0xfc, 0x0,
    0x7f, 0xff, 0xff, 0xff, 0xff, 0xff, 0xff, 0xf0,
    0x3, 0xff, 0xff, 0xff, 0xff, 0xff, 0xff, 0xff,
    0x80, 0x3f, 0xff, 0xff, 0xff, 0xff, 0xff, 0xff,
    0xfe, 0x1, 0xff, 0xff, 0xff, 0x80, 0x3f, 0xff,
    0xff, 0xf0, 0x1f, 0xff, 0xff, 0xe0, 0x0, 0x3f,
    0xff, 0xff, 0xc0, 0xff, 0xff, 0xfc, 0x0, 0x0,
    0x7f, 0xff, 0xfe, 0x7, 0xff, 0xff, 0xc0, 0x0,
    0x1, 0xff, 0xff, 0xf0, 0x7f, 0xff, 0xfc, 0x0,
    0x0, 0x7, 0xff, 0xff, 0xc3, 0xff, 0xff, 0xc0,
    0x0, 0x0, 0x3f, 0xff, 0xfe, 0x1f, 0xff, 0xfe,
    0x0, 0x0, 0x0, 0xff, 0xff, 0xf0, 0xff, 0xff,
    0xf0, 0x0, 0x0, 0x7, 0xff, 0xff, 0x87, 0xff,
    0xff, 0x0, 0x0, 0x0, 0x1f, 0xff, 0xfc, 0x3f,
    0xff, 0xf8, 0x0, 0x0, 0x0, 0xff, 0xff, 0xe1,
    0xff, 0xff, 0xc0, 0x0, 0x0, 0x7, 0xff, 0xff,
    0xf, 0xff, 0xfe, 0x0, 0x0, 0x0, 0x3f, 0xff,
    0xf8, 0x7f, 0xff, 0xf0, 0x0, 0x0, 0x1, 0xff,
    0xff, 0xc3, 0xff, 0xff, 0x80, 0x0, 0x0, 0xf,
    0xff, 0xfe, 0xf, 0xff, 0xfc, 0x0, 0x0, 0x0,
    0x7f, 0xff, 0xe0, 0x7f, 0xff, 0xf0, 0x0, 0x0,
    0x7, 0xff, 0xff, 0x3, 0xff, 0xff, 0x80, 0x0,
    0x0, 0x3f, 0xff, 0xf8, 0x1f, 0xff, 0xfe, 0x0,
    0x0, 0x3, 0xff, 0xff, 0xc0, 0x7f, 0xff, 0xf0,
    0x0, 0x0, 0x1f, 0xff, 0xfc, 0x3, 0xff, 0xff,
    0xc0, 0x0, 0x1, 0xff, 0xff, 0xe0, 0xf, 0xff,
    0xff, 0x0, 0x0, 0x1f, 0xff, 0xfe, 0x0, 0x7f,
    0xff, 0xfe, 0x0, 0x3, 0xff, 0xff, 0xf0, 0x1,
    0xff, 0xff, 0xfe, 0x0, 0xff, 0xff, 0xff, 0x0,
    0x7, 0xff, 0xff, 0xff, 0xff, 0xff, 0xff, 0xf0,
    0x0, 0x1f, 0xff, 0xff, 0xff, 0xff, 0xff, 0xff,
    0x0, 0x0, 0x7f, 0xff, 0xff, 0xff, 0xff, 0xff,
    0xf8, 0x0, 0x1, 0xff, 0xff, 0xff, 0xff, 0xff,
    0xff, 0x0, 0x0, 0x7, 0xff, 0xff, 0xff, 0xff,
    0xff, 0xf0, 0x0, 0x0, 0xf, 0xff, 0xff, 0xff,
    0xff, 0xff, 0x0, 0x0, 0x0, 0x3f, 0xff, 0xff,
    0xff, 0xff, 0xe0, 0x0, 0x0, 0x3, 0xff, 0xff,
    0xff, 0xff, 0xff, 0x80, 0x0, 0x0, 0x7f, 0xff,
    0xff, 0xff, 0xff, 0xff, 0x0, 0x0, 0x7, 0xff,
    0xff, 0xff, 0xff, 0xff, 0xfe, 0x0, 0x0, 0xff,
    0xff, 0xff, 0xff, 0xff, 0xff, 0xf8, 0x0, 0xf,
    0xff, 0xff, 0xff, 0xff, 0xff, 0xff, 0xe0, 0x0,
    0xff, 0xff, 0xff, 0xff, 0xff, 0xff, 0xff, 0x80,
    0xf, 0xff, 0xff, 0xff, 0xff, 0xff, 0xff, 0xfe,
    0x0, 0xff, 0xff, 0xff, 0xff, 0xff, 0xff, 0xff,
    0xf8, 0x7, 0xff, 0xff, 0xfc, 0x0, 0x7f, 0xff,
    0xff, 0xc0, 0x7f, 0xff, 0xfe, 0x0, 0x0, 0x3f,
    0xff, 0xff, 0x3, 0xff, 0xff, 0xc0, 0x0, 0x0,
    0x7f, 0xff, 0xf8, 0x3f, 0xff, 0xfc, 0x0, 0x0,
    0x1, 0xff, 0xff, 0xe1, 0xff, 0xff, 0xc0, 0x0,
    0x0, 0x7, 0xff, 0xff, 0x1f, 0xff, 0xfc, 0x0,
    0x0, 0x0, 0x1f, 0xff, 0xfc, 0xff, 0xff, 0xc0,
    0x0, 0x0, 0x0, 0x7f, 0xff, 0xe7, 0xff, 0xfe,
    0x0, 0x0, 0x0, 0x3, 0xff, 0xff, 0x7f, 0xff,
    0xe0, 0x0, 0x0, 0x0, 0x1f, 0xff, 0xfb, 0xff,
    0xff, 0x0, 0x0, 0x0, 0x0, 0x7f, 0xff, 0xff,
    0xff, 0xf8, 0x0, 0x0, 0x0, 0x3, 0xff, 0xff,
    0xff, 0xff, 0xc0, 0x0, 0x0, 0x0, 0x1f, 0xff,
    0xff, 0xff, 0xfe, 0x0, 0x0, 0x0, 0x0, 0xff,
    0xff, 0xff, 0xff, 0xf0, 0x0, 0x0, 0x0, 0x7,
    0xff, 0xff, 0xff, 0xff, 0x80, 0x0, 0x0, 0x0,
    0x3f, 0xff, 0xff, 0xff, 0xfc, 0x0, 0x0, 0x0,
    0x1, 0xff, 0xff, 0xff, 0xff, 0xf0, 0x0, 0x0,
    0x0, 0x1f, 0xff, 0xff, 0xff, 0xff, 0x80, 0x0,
    0x0, 0x0, 0xff, 0xff, 0xff, 0xff, 0xfc, 0x0,
    0x0, 0x0, 0x7, 0xff, 0xff, 0x7f, 0xff, 0xf0,
    0x0, 0x0, 0x0, 0x7f, 0xff, 0xf3, 0xff, 0xff,
    0xc0, 0x0, 0x0, 0x7, 0xff, 0xff, 0x9f, 0xff,
    0xff, 0x0, 0x0, 0x0, 0x7f, 0xff, 0xfc, 0xff,
    0xff, 0xfc, 0x0, 0x0, 0x7, 0xff, 0xff, 0xe3,
    0xff, 0xff, 0xf8, 0x0, 0x0, 0xff, 0xff, 0xfe,
    0x1f, 0xff, 0xff, 0xfc, 0x0, 0x7f, 0xff, 0xff,
    0xf0, 0x7f, 0xff, 0xff, 0xff, 0xff, 0xff, 0xff,
    0xff, 0x3, 0xff, 0xff, 0xff, 0xff, 0xff, 0xff,
    0xff, 0xf8, 0xf, 0xff, 0xff, 0xff, 0xff, 0xff,
    0xff, 0xff, 0x80, 0x3f, 0xff, 0xff, 0xff, 0xff,
    0xff, 0xff, 0xf8, 0x1, 0xff, 0xff, 0xff, 0xff,
    0xff, 0xff, 0xff, 0xc0, 0x7, 0xff, 0xff, 0xff,
    0xff, 0xff, 0xff, 0xfc, 0x0, 0x1f, 0xff, 0xff,
    0xff, 0xff, 0xff, 0xff, 0xc0, 0x0, 0x7f, 0xff,
    0xff, 0xff, 0xff, 0xff, 0xfc, 0x0, 0x0, 0xff,
    0xff, 0xff, 0xff, 0xff, 0xff, 0x80, 0x0, 0x3,
    0xff, 0xff, 0xff, 0xff, 0xff, 0xf8, 0x0, 0x0,
    0x7, 0xff, 0xff, 0xff, 0xff, 0xff, 0x0, 0x0,
    0x0, 0xf, 0xff, 0xff, 0xff, 0xff, 0xe0, 0x0,
    0x0, 0x0, 0x1f, 0xff, 0xff, 0xff, 0xf8, 0x0,
    0x0, 0x0, 0x0, 0xf, 0xff, 0xff, 0xfe, 0x0,
    0x0, 0x0, 0x0, 0x0, 0x3, 0xff, 0xfe, 0x0,
    0x0, 0x0, 0x0,

    /* U+0039 "9" */
    0x0, 0x0, 0x0, 0x7f, 0xf8, 0x0, 0x0, 0x0,
    0x0, 0x0, 0x1, 0xff, 0xff, 0xf8, 0x0, 0x0,
    0x0, 0x0, 0x0, 0xff, 0xff, 0xff, 0xe0, 0x0,
    0x0, 0x0, 0x0, 0xff, 0xff, 0xff, 0xff, 0x0,
    0x0, 0x0, 0x0, 0x3f, 0xff, 0xff, 0xff, 0xf8,
    0x0, 0x0, 0x0, 0x1f, 0xff, 0xff, 0xff, 0xff,
    0xc0, 0x0, 0x0, 0x7, 0xff, 0xff, 0xff, 0xff,
    0xfc, 0x0, 0x0, 0x1, 0xff, 0xff, 0xff, 0xff,
    0xff, 0xc0, 0x0, 0x0, 0x7f, 0xff, 0xff, 0xff,
    0xff, 0xfe, 0x0, 0x0, 0x1f, 0xff, 0xff, 0xff,
    0xff, 0xff, 0xe0, 0x0, 0x7, 0xff, 0xff, 0xff,
    0xff, 0xff, 0xfc, 0x0, 0x1, 0xff, 0xff, 0xff,
    0xff, 0xff, 0xff, 0xc0, 0x0, 0x7f, 0xff, 0xff,
    0xff, 0xff, 0xff, 0xfc, 0x0, 0xf, 0xff, 0xff,
    0xff, 0xff, 0xff, 0xff, 0xc0, 0x3, 0xff, 0xff,
    0xff, 0xff, 0xff, 0xff, 0xfc, 0x0, 0xff, 0xff,
    0xff, 0x80, 0x7f, 0xff, 0xff, 0x80, 0x1f, 0xff,
    0xff, 0xc0, 0x3, 0xff, 0xff, 0xf8, 0x7, 0xff,
    0xff, 0xe0, 0x0, 0x1f, 0xff, 0xff, 0x0, 0xff,
    0xff, 0xf8, 0x0, 0x1, 0xff, 0xff, 0xf0, 0x1f,
    0xff, 0xfe, 0x0, 0x0, 0x1f, 0xff, 0xfe, 0x7,
    0xff, 0xff, 0xc0, 0x0, 0x1, 0xff, 0xff, 0xe0,
    0xff, 0xff, 0xf0, 0x0, 0x0, 0x3f, 0xff, 0xfc,
    0x1f, 0xff, 0xfc, 0x0, 0x0, 0x3, 0xff, 0xff,
    0x83, 0xff, 0xff, 0x80, 0x0, 0x0, 0x7f, 0xff,
    0xf8, 0xff, 0xff, 0xf0, 0x0, 0x0, 0x7, 0xff,
    0xff, 0x1f, 0xff, 0xfc, 0x0, 0x0, 0x0, 0xff,
    0xff, 0xe3, 0xff, 0xff, 0x80, 0x0, 0x0, 0x1f,
    0xff, 0xfe, 0x7f, 0xff, 0xf0, 0x0, 0x0, 0x3,
    0xff, 0xff, 0xcf, 0xff, 0xfe, 0x0, 0x0, 0x0,
    0x7f, 0xff, 0xf9, 0xff, 0xff, 0xc0, 0x0, 0x0,
    0xf, 0xff, 0xff, 0x3f, 0xff, 0xf8, 0x0, 0x0,
    0x1, 0xff, 0xff, 0xf7, 0xff, 0xff, 0x0, 0x0,
    0x0, 0x3f, 0xff, 0xfe, 0xff, 0xff, 0xe0, 0x0,
    0x0, 0x7, 0xff, 0xff, 0xdf, 0xff, 0xfc, 0x0,
    0x0, 0x0, 0xff, 0xff, 0xfb, 0xff, 0xff, 0xc0,
    0x0, 0x0, 0x1f, 0xff, 0xff, 0x7f, 0xff, 0xf8,
    0x0, 0x0, 0x7, 0xff, 0xff, 0xe7, 0xff, 0xff,
    0x0, 0x0, 0x0, 0xff, 0xff, 0xfe, 0xff, 0xff,
    0xf0, 0x0, 0x0, 0x3f, 0xff, 0xff, 0xdf, 0xff,
    0xff, 0x0, 0x0, 0x7, 0xff, 0xff, 0xfb, 0xff,
    0xff, 0xe0, 0x0, 0x1, 0xff, 0xff, 0xff, 0x3f,
    0xff, 0xfe, 0x0, 0x0, 0x7f, 0xff, 0xff, 0xe7,
    0xff, 0xff, 0xe0, 0x0, 0x1f, 0xff, 0xff, 0xfc,
    0xff, 0xff, 0xff, 0x0, 0xf, 0xff, 0xff, 0xff,
    0x8f, 0xff, 0xff, 0xf8, 0x7, 0xff, 0xff, 0xff,
    0xf1, 0xff, 0xff, 0xff, 0xff, 0xff, 0xff, 0xff,
    0xfe, 0x1f, 0xff, 0xff, 0xff, 0xff, 0xff, 0xff,
    0xff, 0xc3, 0xff, 0xff, 0xff, 0xff, 0xff, 0xff,
    0xff, 0xf8, 0x3f, 0xff, 0xff, 0xff, 0xff, 0xf7,
    0xff, 0xff, 0x3, 0xff, 0xff, 0xff, 0xff, 0xfe,
    0xff, 0xff, 0xe0, 0x7f, 0xff, 0xff, 0xff, 0xff,
    0x9f, 0xff, 0xfc, 0x7, 0xff, 0xff, 0xff, 0xff,
    0xe3, 0xff, 0xff, 0x80, 0x7f, 0xff, 0xff, 0xff,
    0xfc, 0x7f, 0xff, 0xf0, 0x7, 0xff, 0xff, 0xff,
    0xff, 0xf, 0xff, 0xfe, 0x0, 0x7f, 0xff, 0xff,
    0xff, 0xc1, 0xff, 0xff, 0xc0, 0x3, 0xff, 0xff,
    0xff, 0xe0, 0x3f, 0xff, 0xf0, 0x0, 0x3f, 0xff,
    0xff, 0xf8, 0x7, 0xff, 0xfe, 0x0, 0x1, 0xff,
    0xff, 0xfc, 0x1, 0xff, 0xff, 0xc0, 0x0, 0x7,
    0xff, 0xfe, 0x0, 0x3f, 0xff, 0xf8, 0x0, 0x0,
    0x1f, 0xfc, 0x0, 0x7, 0xff, 0xff, 0x0, 0x0,
    0x0, 0x0, 0x0, 0x0, 0xff, 0xff, 0xe0, 0x0,
    0x0, 0x0, 0x0, 0x0, 0x1f, 0xff, 0xf8, 0x0,
    0x0, 0x0, 0x0, 0x0, 0x7, 0xff, 0xff, 0x0,
    0x0, 0x0, 0x0, 0x0, 0x0, 0xff, 0xff, 0xe0,
    0x0, 0x0, 0x0, 0x0, 0x0, 0x1f, 0xff, 0xfc,
    0x0, 0x0, 0x0, 0x0, 0x0, 0x7, 0xff, 0xff,
    0x0, 0x0, 0x0, 0x0, 0x0, 0x0, 0xff, 0xff,
    0xe0, 0x0, 0x0, 0x0, 0x0, 0x0, 0x3f, 0xff,
    0xfc, 0x0, 0x0, 0x0, 0x0, 0x0, 0x7, 0xff,
    0xff, 0x0, 0x0, 0x0, 0x0, 0x0, 0x1, 0xff,
    0xff, 0xe0, 0x0, 0x0, 0x0, 0x0, 0x0, 0x7f,
    0xff, 0xf8, 0x0, 0x0, 0x0, 0x0, 0x0, 0x1f,
    0xff, 0xff, 0x0, 0x1f, 0x0, 0x0, 0x0, 0x7,
    0xff, 0xff, 0xe0, 0xf, 0xf8, 0x0, 0x0, 0x1,
    0xff, 0xff, 0xf8, 0x3, 0xff, 0xc0, 0x0, 0x0,
    0x7f, 0xff, 0xfe, 0x0, 0xff, 0xff, 0x0, 0x0,
    0x7f, 0xff, 0xff, 0xc0, 0x1f, 0xff, 0xfe, 0x0,
    0x7f, 0xff, 0xff, 0xf0, 0x7, 0xff, 0xff, 0xff,
    0xff, 0xff, 0xff, 0xfe, 0x0, 0xff, 0xff, 0xff,
    0xff, 0xff, 0xff, 0xff, 0x80, 0x1f, 0xff, 0xff,
    0xff, 0xff, 0xff, 0xff, 0xe0, 0x3, 0xff, 0xff,
    0xff, 0xff, 0xff, 0xff, 0xf8, 0x0, 0x7f, 0xff,
    0xff, 0xff, 0xff, 0xff, 0xfe, 0x0, 0xf, 0xff,
    0xff, 0xff, 0xff, 0xff, 0xff, 0x80, 0x0, 0xff,
    0xff, 0xff, 0xff, 0xff, 0xff, 0xf0, 0x0, 0x1f,
    0xff, 0xff, 0xff, 0xff, 0xff, 0xf8, 0x0, 0x1,
    0xff, 0xff, 0xff, 0xff, 0xff, 0xfe, 0x0, 0x0,
    0x1f, 0xff, 0xff, 0xff, 0xff, 0xff, 0x80, 0x0,
    0x0, 0xff, 0xff, 0xff, 0xff, 0xff, 0xc0, 0x0,
    0x0, 0x7, 0xff, 0xff, 0xff, 0xff, 0xf0, 0x0,
    0x0, 0x0, 0x3f, 0xff, 0xff, 0xff, 0xf0, 0x0,
    0x0, 0x0, 0x1, 0xff, 0xff, 0xff, 0xf8, 0x0,
    0x0, 0x0, 0x0, 0x7, 0xff, 0xff, 0xf8, 0x0,
    0x0, 0x0, 0x0, 0x0, 0x7, 0xff, 0xe0, 0x0,
    0x0, 0x0, 0x0,

    /* U+003A ":" */
    0x1, 0xfe, 0x0, 0x1f, 0xfe, 0x1, 0xff, 0xfe,
    0xf, 0xff, 0xfc, 0x3f, 0xff, 0xf1, 0xff, 0xff,
    0xe7, 0xff, 0xff, 0xbf, 0xff, 0xff, 0xff, 0xff,
    0xff, 0xff, 0xff, 0xff, 0xff, 0xff, 0xff, 0xff,
    0xff, 0xff, 0xff, 0xff, 0xff, 0xff, 0xf7, 0xff,
    0xff, 0x9f, 0xff, 0xfe, 0x3f, 0xff, 0xf0, 0xff,
    0xff, 0xc1, 0xff, 0xfe, 0x1, 0xff, 0xe0, 0x1,
    0xfe, 0x0, 0x0, 0x0, 0x0, 0x0, 0x0, 0x0,
    0x0, 0x0, 0x0, 0x0, 0x0, 0x0, 0x0, 0x0,
    0x0, 0x0, 0x0, 0x0, 0x0, 0x0, 0x0, 0x0,
    0x0, 0x0, 0x0, 0x0, 0x0, 0x0, 0x0, 0x0,
    0x0, 0x0, 0x0, 0x0, 0x0, 0x0, 0x0, 0x0,
    0x0, 0x0, 0x0, 0x0, 0x0, 0x0, 0x0, 0x0,
    0x0, 0x0, 0x0, 0x0, 0x0, 0x0, 0x0, 0x0,
    0x0, 0x0, 0x0, 0x0, 0x0, 0x0, 0x0, 0x7f,
    0x80, 0x7, 0xff, 0x80, 0x7f, 0xff, 0x83, 0xff,
    0xff, 0xf, 0xff, 0xfc, 0x7f, 0xff, 0xf9, 0xff,
    0xff, 0xef, 0xff, 0xff, 0xff, 0xff, 0xff, 0xff,
    0xff, 0xff, 0xff, 0xff, 0xff, 0xff, 0xff, 0xff,
    0xff, 0xff, 0xff, 0xff, 0xfd, 0xff, 0xff, 0xe7,
    0xff, 0xff, 0x8f, 0xff, 0xfc, 0x3f, 0xff, 0xf0,
    0x7f, 0xff, 0x80, 0x7f, 0xf8, 0x0, 0x7f, 0x80,

    /* U+003B ";" */
    0x1, 0xfe, 0x0, 0x1f, 0xfe, 0x1, 0xff, 0xfe,
    0xf, 0xff, 0xfc, 0x3f, 0xff, 0xf1, 0xff, 0xff,
    0xe7, 0xff, 0xff, 0xbf, 0xff, 0xff, 0xff, 0xff,
    0xff, 0xff, 0xff, 0xff, 0xff, 0xff, 0xff, 0xff,
    0xff, 0xff, 0xff, 0xff, 0xff, 0xff, 0xf7, 0xff,
    0xff, 0x9f, 0xff, 0xfe, 0x3f, 0xff, 0xf0, 0xff,
    0xff, 0xc1, 0xff, 0xfe, 0x1, 0xff, 0xe0, 0x1,
    0xfe, 0x0, 0x0, 0x0, 0x0, 0x0, 0x0, 0x0,
    0x0, 0x0, 0x0, 0x0, 0x0, 0x0, 0x0, 0x0,
    0x0, 0x0, 0x0, 0x0, 0x0, 0x0, 0x0, 0x0,
    0x0, 0x0, 0x0, 0x0, 0x0, 0x0, 0x0, 0x0,
    0x0, 0x0, 0x0, 0x0, 0x0, 0x0, 0x0, 0x0,
    0x0, 0x0, 0x0, 0x0, 0x0, 0x0, 0x0, 0x0,
    0x0, 0x0, 0x0, 0x0, 0x0, 0x0, 0x0, 0x0,
    0x0, 0x0, 0x0, 0x0, 0x0, 0x0, 0x0, 0x7f,
    0x80, 0x7, 0xff, 0x80, 0x7f, 0xff, 0x3, 0xff,
    0xfe, 0xf, 0xff, 0xfc, 0x7f, 0xff, 0xf1, 0xff,
    0xff, 0xef, 0xff, 0xff, 0xbf, 0xff, 0xff, 0xff,
    0xff, 0xff, 0xff, 0xff, 0xff, 0xff, 0xff, 0xff,
    0xff, 0xff, 0xff, 0xff, 0xfd, 0xff, 0xff, 0xf7,
    0xff, 0xff, 0xcf, 0xff, 0xff, 0x3f, 0xff, 0xfc,
    0x3f, 0xff, 0xf0, 0x7f, 0xff, 0x80, 0x3f, 0xfe,
    0x0, 0x3f, 0xf8, 0x0, 0xff, 0xe0, 0x7, 0xff,
    0x0, 0x1f, 0xfc, 0x0, 0xff, 0xf0, 0x3, 0xff,
    0x80, 0x1f, 0xfe, 0x0, 0xff, 0xf0, 0x3, 0xff,
    0xc0, 0x1f, 0xfe, 0x0, 0xff, 0xf0, 0x3, 0xff,
    0xc0, 0xf, 0xfe, 0x0, 0x3f, 0xf0, 0x0, 0x7f,
    0x80, 0x1, 0xfc, 0x0, 0x1, 0xc0, 0x0,

    /* U+003C "<" */
    0x0, 0x0, 0x0, 0x0, 0x0, 0x0, 0x0, 0x0,
    0x0, 0x0, 0x0, 0x0, 0x0, 0x0, 0x0, 0x3f,
    0x0, 0x0, 0x0, 0x0, 0x0, 0x0, 0x0, 0x3f,
    0xe0, 0x0, 0x0, 0x0, 0x0, 0x0, 0x0, 0x7f,
    0xfc, 0x0, 0x0, 0x0, 0x0, 0x0, 0x0, 0x7f,
    0xff, 0x80, 0x0, 0x0, 0x0, 0x0, 0x0, 0x7f,
    0xff, 0xe0, 0x0, 0x0, 0x0, 0x0, 0x0, 0xff,
    0xff, 0xf8, 0x0, 0x0, 0x0, 0x0, 0x0, 0xff,
    0xff, 0xfe, 0x0, 0x0, 0x0, 0x0, 0x1, 0xff,
    0xff, 0xff, 0x80, 0x0, 0x0, 0x0, 0x1, 0xff,
    0xff, 0xff, 0xe0, 0x0, 0x0, 0x0, 0x3, 0xff,
    0xff, 0xff, 0xf8, 0x0, 0x0, 0x0, 0x3, 0xff,
    0xff, 0xff, 0xfc, 0x0, 0x0, 0x0, 0x7, 0xff,
    0xff, 0xff, 0xff, 0x0, 0x0, 0x0, 0x7, 0xff,
    0xff, 0xff, 0xff, 0x0, 0x0, 0x0, 0xf, 0xff,
    0xff, 0xff, 0xff, 0x0, 0x0, 0x0, 0xf, 0xff,
    0xff, 0xff, 0xfe, 0x0, 0x0, 0x0, 0xf, 0xff,
    0xff, 0xff, 0xfe, 0x0, 0x0, 0x0, 0x1f, 0xff,
    0xff, 0xff, 0xfc, 0x0, 0x0, 0x0, 0x1f, 0xff,
    0xff, 0xff, 0xfc, 0x0, 0x0, 0x0, 0x3f, 0xff,
    0xff, 0xff, 0xf8, 0x0, 0x0, 0x0, 0x3f, 0xff,
    0xff, 0xff, 0xf8, 0x0, 0x0, 0x0, 0x7f, 0xff,
    0xff, 0xff, 0xf0, 0x0, 0x0, 0x0, 0x7f, 0xff,
    0xff, 0xff, 0xf0, 0x0, 0x0, 0x0, 0x3f, 0xff,
    0xff, 0xff, 0xe0, 0x0, 0x0, 0x0, 0x3f, 0xff,
    0xff, 0xff, 0xe0, 0x0, 0x0, 0x0, 0xf, 0xff,
    0xff, 0xff, 0xc0, 0x0, 0x0, 0x0, 0x7, 0xff,
    0xff, 0xff, 0xc0, 0x0, 0x0, 0x0, 0x1, 0xff,
    0xff, 0xff, 0x80, 0x0, 0x0, 0x0, 0x0, 0xff,
    0xff, 0xff, 0x80, 0x0, 0x0, 0x0, 0x0, 0x3f,
    0xff, 0xff, 0x0, 0x0, 0x0, 0x0, 0x0, 0xf,
    0xff, 0xff, 0x0, 0x0, 0x0, 0x0, 0x0, 0x3,
    0xff, 0xff, 0x0, 0x0, 0x0, 0x0, 0x0, 0x0,
    0xff, 0xff, 0xf8, 0x0, 0x0, 0x0, 0x0, 0x0,
    0x3f, 0xff, 0xff, 0x80, 0x0, 0x0, 0x0, 0x0,
    0xf, 0xff, 0xff, 0xfc, 0x0, 0x0, 0x0, 0x0,
    0x1, 0xff, 0xff, 0xff, 0xc0, 0x0, 0x0, 0x0,
    0x0, 0x7f, 0xff, 0xff, 0xfe, 0x0, 0x0, 0x0,
    0x0, 0xf, 0xff, 0xff, 0xff, 0xe0, 0x0, 0x0,
    0x0, 0x1, 0xff, 0xff, 0xff, 0xff, 0x0, 0x0,
    0x0, 0x0, 0x3f, 0xff, 0xff, 0xff, 0xf0, 0x0,
    0x0, 0x0, 0x3, 0xff, 0xff, 0xff, 0xff, 0x80,
    0x0, 0x0, 0x0, 0x3f, 0xff, 0xff, 0xff, 0xf8,
    0x0, 0x0, 0x0, 0x3, 0xff, 0xff, 0xff, 0xff,
    0xc0, 0x0, 0x0, 0x0, 0x1f, 0xff, 0xff, 0xff,
    0xfc, 0x0, 0x0, 0x0, 0x1, 0xff, 0xff, 0xff,
    0xff, 0xe0, 0x0, 0x0, 0x0, 0xf, 0xff, 0xff,
    0xff, 0xfe, 0x0, 0x0, 0x0, 0x0, 0xff, 0xff,
    0xff, 0xff, 0xf0, 0x0, 0x0, 0x0, 0x7, 0xff,
    0xff, 0xff, 0xff, 0x0, 0x0, 0x0, 0x0, 0x7f,
    0xff, 0xff, 0xff, 0xf8, 0x0, 0x0, 0x0, 0x3,
    0xff, 0xff, 0xff, 0xff, 0x80, 0x0, 0x0, 0x0,
    0x3f, 0xff, 0xff, 0xff, 0xf0, 0x0, 0x0, 0x0,
    0x1, 0xff, 0xff, 0xff, 0xfc, 0x0, 0x0, 0x0,
    0x0, 0x1f, 0xff, 0xff, 0xff, 0x80, 0x0, 0x0,
    0x0, 0x0, 0xff, 0xff, 0xff, 0xe0, 0x0, 0x0,
    0x0, 0x0, 0xf, 0xff, 0xff, 0xf8, 0x0, 0x0,
    0x0, 0x0, 0x0, 0x7f, 0xff, 0xff, 0x0, 0x0,
    0x0, 0x0, 0x0, 0x7, 0xff, 0xff, 0x80, 0x0,
    0x0, 0x0, 0x0, 0x0, 0x3f, 0xff, 0xe0, 0x0,
    0x0, 0x0, 0x0, 0x0, 0x3, 0xff, 0xf8, 0x0,
    0x0, 0x0, 0x0, 0x0, 0x0, 0x1f, 0xfc, 0x0,
    0x0, 0x0, 0x0, 0x0, 0x0, 0x1, 0xfe, 0x0,
    0x0, 0x0, 0x0, 0x0, 0x0, 0x0, 0xe, 0x0,

    /* U+003D "=" */
    0xf, 0xff, 0xff, 0xff, 0xff, 0xff, 0xff, 0xf8,
    0x1f, 0xff, 0xff, 0xff, 0xff, 0xff, 0xff, 0xff,
    0x1f, 0xff, 0xff, 0xff, 0xff, 0xff, 0xff, 0xff,
    0xcf, 0xff, 0xff, 0xff, 0xff, 0xff, 0xff, 0xff,
    0xef, 0xff, 0xff, 0xff, 0xff, 0xff, 0xff, 0xff,
    0xff, 0xff, 0xff, 0xff, 0xff, 0xff, 0xff, 0xff,
    0xff, 0xff, 0xff, 0xff, 0xff, 0xff, 0xff, 0xff,
    0xff, 0xff, 0xff, 0xff, 0xff, 0xff, 0xff, 0xff,
    0xff, 0xff, 0xff, 0xff, 0xff, 0xff, 0xff, 0xff,
    0xff, 0xff, 0xff, 0xff, 0xff, 0xff, 0xff, 0xff,
    0xff, 0xdf, 0xff, 0xff, 0xff, 0xff, 0xff, 0xff,
    0xff, 0xcf, 0xff, 0xff, 0xff, 0xff, 0xff, 0xff,
    0xff, 0xe3, 0xff, 0xff, 0xff, 0xff, 0xff, 0xff,
    0xff, 0xe0, 0x7f, 0xff, 0xff, 0xff, 0xff, 0xff,
    0xff, 0xc0, 0x0, 0x0, 0x0, 0x0, 0x0, 0x0,
    0x0, 0x0, 0x0, 0x0, 0x0, 0x0, 0x0, 0x0,
    0x0, 0x0, 0x0, 0x0, 0x0, 0x0, 0x0, 0x0,
    0x0, 0x0, 0x0, 0x0, 0x0, 0x0, 0x0, 0x0,
    0x0, 0x0, 0x0, 0x0, 0x0, 0x0, 0x0, 0x0,
    0x0, 0x0, 0x0, 0x0, 0x0, 0x0, 0x0, 0x0,
    0x0, 0x0, 0x0, 0x0, 0x0, 0x0, 0x0, 0x0,
    0x0, 0x0, 0x0, 0x0, 0x0, 0x0, 0x0, 0x0,
    0x0, 0x0, 0x0, 0x0, 0x0, 0x0, 0x0, 0x0,
    0x0, 0x0, 0x0, 0x0, 0x0, 0x0, 0x0, 0x0,
    0x0, 0x0, 0x0, 0x0, 0x0, 0x0, 0x0, 0x0,
    0x0, 0x0, 0x0, 0x0, 0x0, 0x0, 0x0, 0x0,
    0x0, 0x0, 0x0, 0x3, 0xff, 0xff, 0xff, 0xff,
    0xff, 0xff, 0xfe, 0x7, 0xff, 0xff, 0xff, 0xff,
    0xff, 0xff, 0xff, 0xc7, 0xff, 0xff, 0xff, 0xff,
    0xff, 0xff, 0xff, 0xf3, 0xff, 0xff, 0xff, 0xff,
    0xff, 0xff, 0xff, 0xfb, 0xff, 0xff, 0xff, 0xff,
    0xff, 0xff, 0xff, 0xff, 0xff, 0xff, 0xff, 0xff,
    0xff, 0xff, 0xff, 0xff, 0xff, 0xff, 0xff, 0xff,
    0xff, 0xff, 0xff, 0xff, 0xff, 0xff, 0xff, 0xff,
    0xff, 0xff, 0xff, 0xff, 0xff, 0xff, 0xff, 0xff,
    0xff, 0xff, 0xff, 0xff, 0xef, 0xff, 0xff, 0xff,
    0xff, 0xff, 0xff, 0xff, 0xe7, 0xff, 0xff, 0xff,
    0xff, 0xff, 0xff, 0xff, 0xf1, 0xff, 0xff, 0xff,
    0xff, 0xff, 0xff, 0xff, 0xf0, 0x3f, 0xff, 0xff,
    0xff, 0xff, 0xff, 0xff, 0xe0,

    /* U+003E ">" */
    0x0, 0x0, 0x0, 0x0, 0x0, 0x0, 0x0, 0x0,
    0x3, 0xf0, 0x0, 0x0, 0x0, 0x0, 0x0, 0x0,
    0x1, 0xff, 0x0, 0x0, 0x0, 0x0, 0x0, 0x0,
    0x0, 0xff, 0xf8, 0x0, 0x0, 0x0, 0x0, 0x0,
    0x0, 0x7f, 0xff, 0x80, 0x0, 0x0, 0x0, 0x0,
    0x0, 0x1f, 0xff, 0xfc, 0x0, 0x0, 0x0, 0x0,
    0x0, 0x7, 0xff, 0xff, 0xc0, 0x0, 0x0, 0x0,
    0x0, 0x1, 0xff, 0xff, 0xfe, 0x0, 0x0, 0x0,
    0x0, 0x0, 0x7f, 0xff, 0xff, 0xe0, 0x0, 0x0,
    0x0, 0x0, 0x1f, 0xff, 0xff, 0xff, 0x0, 0x0,
    0x0, 0x0, 0x7, 0xff, 0xff, 0xff, 0xf0, 0x0,
    0x0, 0x0, 0x0, 0xff, 0xff, 0xff, 0xff, 0x0,
    0x0, 0x0, 0x0, 0x1f, 0xff, 0xff, 0xff, 0xf8,
    0x0, 0x0, 0x0, 0x3, 0xff, 0xff, 0xff, 0xff,
    0x80, 0x0, 0x0, 0x0, 0x3f, 0xff, 0xff, 0xff,
    0xfc, 0x0, 0x0, 0x0, 0x1, 0xff, 0xff, 0xff,
    0xff, 0xc0, 0x0, 0x0, 0x0, 0x1f, 0xff, 0xff,
    0xff, 0xfe, 0x0, 0x0, 0x0, 0x0, 0xff, 0xff,
    0xff, 0xff, 0xe0, 0x0, 0x0, 0x0, 0xf, 0xff,
    0xff, 0xff, 0xfe, 0x0, 0x0, 0x0, 0x0, 0x7f,
    0xff, 0xff, 0xff, 0xf0, 0x0, 0x0, 0x0, 0x7,
    0xff, 0xff, 0xff, 0xff, 0x0, 0x0, 0x0, 0x0,
    0x3f, 0xff, 0xff, 0xff, 0xf8, 0x0, 0x0, 0x0,
    0x3, 0xff, 0xff, 0xff, 0xff, 0x80, 0x0, 0x0,
    0x0, 0x1f, 0xff, 0xff, 0xff, 0xf0, 0x0, 0x0,
    0x0, 0x1, 0xff, 0xff, 0xff, 0xff, 0x0, 0x0,
    0x0, 0x0, 0xf, 0xff, 0xff, 0xff, 0xc0, 0x0,
    0x0, 0x0, 0x0, 0xff, 0xff, 0xff, 0xf8, 0x0,
    0x0, 0x0, 0x0, 0x7, 0xff, 0xff, 0xfe, 0x0,
    0x0, 0x0, 0x0, 0x0, 0x7f, 0xff, 0xff, 0xc0,
    0x0, 0x0, 0x0, 0x0, 0x3, 0xff, 0xff, 0xf0,
    0x0, 0x0, 0x0, 0x0, 0x0, 0x3f, 0xff, 0xfc,
    0x0, 0x0, 0x0, 0x0, 0x0, 0x3, 0xff, 0xff,
    0x0, 0x0, 0x0, 0x0, 0x0, 0x7, 0xff, 0xff,
    0xc0, 0x0, 0x0, 0x0, 0x0, 0x7, 0xff, 0xff,
    0xf0, 0x0, 0x0, 0x0, 0x0, 0xf, 0xff, 0xff,
    0xfc, 0x0, 0x0, 0x0, 0x0, 0xf, 0xff, 0xff,
    0xfe, 0x0, 0x0, 0x0, 0x0, 0x1f, 0xff, 0xff,
    0xff, 0x80, 0x0, 0x0, 0x0, 0x1f, 0xff, 0xff,
    0xff, 0xc0, 0x0, 0x0, 0x0, 0x3f, 0xff, 0xff,
    0xff, 0xe0, 0x0, 0x0, 0x0, 0x3f, 0xff, 0xff,
    0xff, 0xf0, 0x0, 0x0, 0x0, 0x7f, 0xff, 0xff,
    0xff, 0xf0, 0x0, 0x0, 0x0, 0x7f, 0xff, 0xff,
    0xff, 0xf0, 0x0, 0x0, 0x0, 0xff, 0xff, 0xff,
    0xff, 0xf0, 0x0, 0x0, 0x0, 0xff, 0xff, 0xff,
    0xff, 0xe0, 0x0, 0x0, 0x0, 0xff, 0xff, 0xff,
    0xff, 0xe0, 0x0, 0x0, 0x1, 0xff, 0xff, 0xff,
    0xff, 0xc0, 0x0, 0x0, 0x1, 0xff, 0xff, 0xff,
    0xff, 0xc0, 0x0, 0x0, 0x3, 0xff, 0xff, 0xff,
    0xff, 0x80, 0x0, 0x0, 0x3, 0xff, 0xff, 0xff,
    0xff, 0x80, 0x0, 0x0, 0x3, 0xff, 0xff, 0xff,
    0xff, 0x0, 0x0, 0x0, 0x3, 0xff, 0xff, 0xff,
    0xff, 0x0, 0x0, 0x0, 0x0, 0xff, 0xff, 0xff,
    0xfe, 0x0, 0x0, 0x0, 0x0, 0x7f, 0xff, 0xff,
    0xfe, 0x0, 0x0, 0x0, 0x0, 0x1f, 0xff, 0xff,
    0xfe, 0x0, 0x0, 0x0, 0x0, 0x7, 0xff, 0xff,
    0xfc, 0x0, 0x0, 0x0, 0x0, 0x1, 0xff, 0xff,
    0xfc, 0x0, 0x0, 0x0, 0x0, 0x0, 0x7f, 0xff,
    0xf8, 0x0, 0x0, 0x0, 0x0, 0x0, 0x1f, 0xff,
    0xf8, 0x0, 0x0, 0x0, 0x0, 0x0, 0x3, 0xff,
    0xf0, 0x0, 0x0, 0x0, 0x0, 0x0, 0x0, 0xff,
    0xf0, 0x0, 0x0, 0x0, 0x0, 0x0, 0x0, 0x1f,
    0xe0, 0x0, 0x0, 0x0, 0x0, 0x0, 0x0, 0x1,
    0xe0, 0x0, 0x0, 0x0, 0x0, 0x0, 0x0, 0x0,

    /* U+003F "?" */
    0x0, 0x0, 0x1, 0xff, 0xf0, 0x0, 0x0, 0x0,
    0x0, 0x3f, 0xff, 0xff, 0x80, 0x0, 0x0, 0x0,
    0xff, 0xff, 0xff, 0xf8, 0x0, 0x0, 0x3, 0xff,
    0xff, 0xff, 0xff, 0x0, 0x0, 0x7, 0xff, 0xff,
    0xff, 0xff, 0xe0, 0x0, 0xf, 0xff, 0xff, 0xff,
    0xff, 0xfc, 0x0, 0x1f, 0xff, 0xff, 0xff, 0xff,
    0xff, 0x0, 0x3f, 0xff, 0xff, 0xff, 0xff, 0xff,
    0xc0, 0x3f, 0xff, 0xff, 0xff, 0xff, 0xff, 0xf0,
    0x3f, 0xff, 0xff, 0xff, 0xff, 0xff, 0xfc, 0x1f,
    0xff, 0xff, 0xff, 0xff, 0xff, 0xff, 0x1f, 0xff,
    0xff, 0xff, 0xff, 0xff, 0xff, 0x8f, 0xff, 0xff,
    0xff, 0xff, 0xff, 0xff, 0xe7, 0xff, 0xff, 0xff,
    0xff, 0xff, 0xff, 0xf3, 0xff, 0xff, 0xff, 0xff,
    0xff, 0xff, 0xfd, 0xff, 0xff, 0xff, 0xff, 0xff,
    0xff, 0xfe, 0xff, 0xff, 0xfc, 0x0, 0xff, 0xff,
    0xff, 0x7f, 0xff, 0xe0, 0x0, 0xf, 0xff, 0xff,
    0xdf, 0xff, 0xc0, 0x0, 0x3, 0xff, 0xff, 0xe7,
    0xff, 0x0, 0x0, 0x0, 0xff, 0xff, 0xf1, 0xff,
    0x0, 0x0, 0x0, 0x7f, 0xff, 0xf8, 0x7c, 0x0,
    0x0, 0x0, 0x1f, 0xff, 0xfc, 0x0, 0x0, 0x0,
    0x0, 0xf, 0xff, 0xfe, 0x0, 0x0, 0x0, 0x0,
    0x7, 0xff, 0xff, 0x0, 0x0, 0x0, 0x0, 0x3,
    0xff, 0xff, 0x80, 0x0, 0x0, 0x0, 0x1, 0xff,
    0xff, 0xc0, 0x0, 0x0, 0x0, 0x0, 0xff, 0xff,
    0xe0, 0x0, 0x0, 0x0, 0x0, 0xff, 0xff, 0xe0,
    0x0, 0x0, 0x0, 0x0, 0x7f, 0xff, 0xf0, 0x0,
    0x0, 0x0, 0x0, 0x3f, 0xff, 0xf8, 0x0, 0x0,
    0x0, 0x0, 0x3f, 0xff, 0xf8, 0x0, 0x0, 0x0,
    0x0, 0x3f, 0xff, 0xfc, 0x0, 0x0, 0x0, 0x0,
    0x3f, 0xff, 0xfc, 0x0, 0x0, 0x0, 0x0, 0x1f,
    0xff, 0xfe, 0x0, 0x0, 0x0, 0x0, 0x1f, 0xff,
    0xfe, 0x0, 0x0, 0x0, 0x0, 0x1f, 0xff, 0xfe,
    0x0, 0x0, 0x0, 0x0, 0x1f, 0xff, 0xff, 0x0,
    0x0, 0x0, 0x0, 0x1f, 0xff, 0xff, 0x0, 0x0,
    0x0, 0x0, 0x1f, 0xff, 0xff, 0x0, 0x0, 0x0,
    0x0, 0x1f, 0xff, 0xff, 0x0, 0x0, 0x0, 0x0,
    0xf, 0xff, 0xff, 0x0, 0x0, 0x0, 0x0, 0xf,
    0xff, 0xff, 0x0, 0x0, 0x0, 0x0, 0xf, 0xff,
    0xff, 0x0, 0x0, 0x0, 0x0, 0x7, 0xff, 0xff,
    0x0, 0x0, 0x0, 0x0, 0x7, 0xff, 0xfe, 0x0,
    0x0, 0x0, 0x0, 0x3, 0xff, 0xfe, 0x0, 0x0,
    0x0, 0x0, 0x3, 0xff, 0xfe, 0x0, 0x0, 0x0,
    0x0, 0x1, 0xff, 0xfe, 0x0, 0x0, 0x0, 0x0,
    0x0, 0xff, 0xfe, 0x0, 0x0, 0x0, 0x0, 0x0,
    0xff, 0xff, 0x0, 0x0, 0x0, 0x0, 0x0, 0x7f,
    0xff, 0x0, 0x0, 0x0, 0x0, 0x0, 0x3f, 0xff,
    0x0, 0x0, 0x0, 0x0, 0x0, 0x1f, 0xff, 0x0,
    0x0, 0x0, 0x0, 0x0, 0xf, 0xff, 0x80, 0x0,
    0x0, 0x0, 0x0, 0xf, 0xff, 0xc0, 0x0, 0x0,
    0x0, 0x0, 0x7, 0xff, 0xc0, 0x0, 0x0, 0x0,
    0x0, 0x3, 0xff, 0xe0, 0x0, 0x0, 0x0, 0x0,
    0x1, 0xff, 0xf0, 0x0, 0x0, 0x0, 0x0, 0x0,
    0x7f, 0xf0, 0x0, 0x0, 0x0, 0x0, 0x0, 0x3f,
    0xf8, 0x0, 0x0, 0x0, 0x0, 0x0, 0x1f, 0xfc,
    0x0, 0x0, 0x0, 0x0, 0x0, 0x7, 0xfc, 0x0,
    0x0, 0x0, 0x0, 0x0, 0x1, 0xfc, 0x0, 0x0,
    0x0, 0x0, 0x0, 0x0, 0x0, 0x0, 0x0, 0x0,
    0x0, 0x0, 0x0, 0x0, 0x0, 0x0, 0x0, 0x0,
    0x0, 0x0, 0x0, 0x0, 0x0, 0x0, 0x0, 0x0,
    0x0, 0x0, 0x0, 0x0, 0x0, 0x0, 0x0, 0x0,
    0x0, 0x0, 0x0, 0x0, 0x0, 0x0, 0x0, 0x0,
    0x0, 0x0, 0x0, 0x0, 0x0, 0x0, 0x0, 0x0,
    0x0, 0x0, 0x0, 0x0, 0x0, 0x3, 0xfc, 0x0,
    0x0, 0x0, 0x0, 0x0, 0x7, 0xff, 0x80, 0x0,
    0x0, 0x0, 0x0, 0xf, 0xff, 0xf0, 0x0, 0x0,
    0x0, 0x0, 0xf, 0xff, 0xfc, 0x0, 0x0, 0x0,
    0x0, 0x7, 0xff, 0xfe, 0x0, 0x0, 0x0, 0x0,
    0x7, 0xff, 0xff, 0x80, 0x0, 0x0, 0x0, 0x3,
    0xff, 0xff, 0xc0, 0x0, 0x0, 0x0, 0x3, 0xff,
    0xff, 0xf0, 0x0, 0x0, 0x0, 0x1, 0xff, 0xff,
    0xf8, 0x0, 0x0, 0x0, 0x0, 0xff, 0xff, 0xfc,
    0x0, 0x0, 0x0, 0x0, 0x7f, 0xff, 0xfe, 0x0,
    0x0, 0x0, 0x0, 0x3f, 0xff, 0xff, 0x0, 0x0,
    0x0, 0x0, 0x1f, 0xff, 0xff, 0x80, 0x0, 0x0,
    0x0, 0xf, 0xff, 0xff, 0xc0, 0x0, 0x0, 0x0,
    0x3, 0xff, 0xff, 0xc0, 0x0, 0x0, 0x0, 0x1,
    0xff, 0xff, 0xe0, 0x0, 0x0, 0x0, 0x0, 0x7f,
    0xff, 0xe0, 0x0, 0x0, 0x0, 0x0, 0x3f, 0xff,
    0xf0, 0x0, 0x0, 0x0, 0x0, 0xf, 0xff, 0xf0,
    0x0, 0x0, 0x0, 0x0, 0x1, 0xff, 0xe0, 0x0,
    0x0, 0x0, 0x0, 0x0, 0x3f, 0xc0, 0x0, 0x0,
    0x0,

    /* U+0040 "@" */
    0x0, 0x0, 0x0, 0x0, 0x0, 0x0, 0x3f, 0xff,
    0xe0, 0x0, 0x0, 0x0, 0x0, 0x0, 0x0, 0x0,
    0x0, 0x0, 0x0, 0xff, 0xff, 0xff, 0xfc, 0x0,
    0x0, 0x0, 0x0, 0x0, 0x0, 0x0, 0x0, 0x0,
    0x7f, 0xff, 0xff, 0xff, 0xfc, 0x0, 0x0, 0x0,
    0x0, 0x0, 0x0, 0x0, 0x0, 0x1f, 0xff, 0xff,
    0xff, 0xff, 0xfc, 0x0, 0x0, 0x0, 0x0, 0x0,
    0x0, 0x0, 0x7, 0xff, 0xff, 0xff, 0xff, 0xff,
    0xfc, 0x0, 0x0, 0x0, 0x0, 0x0, 0x0, 0x0,
    0xff, 0xff, 0xff, 0xff, 0xff, 0xff, 0xf8, 0x0,
    0x0, 0x0, 0x0, 0x0, 0x0, 0x1f, 0xff, 0xff,
    0xff, 0xff, 0xff, 0xff, 0xf0, 0x0, 0x0, 0x0,
    0x0, 0x0, 0x3, 0xff, 0xff, 0xff, 0xff, 0xff,
    0xff, 0xff, 0xe0, 0x0, 0x0, 0x0, 0x0, 0x0,
    0x7f, 0xff, 0xff, 0xff, 0xff, 0xff, 0xff, 0xff,
    0x80, 0x0, 0x0, 0x0, 0x0, 0x7, 0xff, 0xff,
    0xff, 0xff, 0xff, 0xff, 0xff, 0xff, 0x0, 0x0,
    0x0, 0x0, 0x0, 0xff, 0xff, 0xff, 0xff, 0xff,
    0xff, 0xff, 0xff, 0xfc, 0x0, 0x0, 0x0, 0x0,
    0xf, 0xff, 0xff, 0xff, 0x80, 0x0, 0x7f, 0xff,
    0xff, 0xf0, 0x0, 0x0, 0x0, 0x0, 0xff, 0xff,
    0xff, 0x80, 0x0, 0x0, 0x1f, 0xff, 0xff, 0xe0,
    0x0, 0x0, 0x0, 0x1f, 0xff, 0xff, 0xc0, 0x0,
    0x0, 0x0, 0xf, 0xff, 0xff, 0x80, 0x0, 0x0,
    0x1, 0xff, 0xff, 0xf8, 0x0, 0x0, 0x0, 0x0,
    0x1f, 0xff, 0xfe, 0x0, 0x0, 0x0, 0x1f, 0xff,
    0xfe, 0x0, 0x0, 0x0, 0x0, 0x0, 0x3f, 0xff,
    0xf8, 0x0, 0x0, 0x1, 0xff, 0xff, 0xe0, 0x0,
    0x0, 0x0, 0x0, 0x0, 0x7f, 0xff, 0xc0, 0x0,
    0x0, 0x1f, 0xff, 0xfc, 0x0, 0x0, 0x0, 0x0,
    0x0, 0x0, 0xff, 0xff, 0x0, 0x0, 0x1, 0xff,
    0xff, 0x80, 0x0, 0x0, 0x0, 0x0, 0x0, 0x3,
    0xff, 0xfc, 0x0, 0x0, 0xf, 0xff, 0xf8, 0x0,
    0x0, 0x0, 0x0, 0x0, 0x0, 0xf, 0xff, 0xf0,
    0x0, 0x0, 0xff, 0xff, 0x80, 0x0, 0x0, 0x0,
    0x0, 0x0, 0x0, 0x3f, 0xff, 0x80, 0x0, 0xf,
    0xff, 0xf0, 0x0, 0x0, 0x0, 0x0, 0x0, 0x0,
    0x0, 0x7f, 0xfe, 0x0, 0x0, 0xff, 0xff, 0x0,
    0x0, 0x0, 0x0, 0x0, 0x0, 0x0, 0x3, 0xff,
    0xf8, 0x0, 0x7, 0xff, 0xf0, 0x0, 0x0, 0x0,
    0x0, 0x0, 0x0, 0x0, 0xf, 0xff, 0xc0, 0x0,
    0x7f, 0xff, 0x0, 0x0, 0x0, 0x0, 0x0, 0x0,
    0x0, 0x0, 0x3f, 0xff, 0x0, 0x7, 0xff, 0xf0,
    0x0, 0x0, 0x0, 0x0, 0x0, 0x0, 0x0, 0x0,
    0xff, 0xf8, 0x0, 0x3f, 0xff, 0x80, 0x0, 0x0,
    0x0, 0x0, 0x0, 0x0, 0x0, 0x7, 0xff, 0xe0,
    0x3, 0xff, 0xf8, 0x0, 0x0, 0x0, 0xff, 0xc0,
    0x0, 0x0, 0x0, 0x1f, 0xff, 0x0, 0x1f, 0xff,
    0x80, 0x0, 0x0, 0x7f, 0xff, 0xc0, 0x3, 0xf0,
    0x0, 0x7f, 0xfc, 0x1, 0xff, 0xf8, 0x0, 0x0,
    0xf, 0xff, 0xff, 0x80, 0x7f, 0xe0, 0x3, 0xff,
    0xe0, 0xf, 0xff, 0xc0, 0x0, 0x1, 0xff, 0xff,
    0xfe, 0x7, 0xff, 0x80, 0xf, 0xff, 0x0, 0xff,
    0xfc, 0x0, 0x0, 0x1f, 0xff, 0xff, 0xfc, 0x7f,
    0xfc, 0x0, 0x7f, 0xfc, 0x7, 0xff, 0xe0, 0x0,
    0x3, 0xff, 0xff, 0xff, 0xe3, 0xff, 0xe0, 0x3,
    0xff, 0xe0, 0x7f, 0xfe, 0x0, 0x0, 0x3f, 0xff,
    0xff, 0xff, 0x9f, 0xff, 0x80, 0xf, 0xff, 0x3,
    0xff, 0xf0, 0x0, 0x3, 0xff, 0xff, 0xff, 0xff,
    0xff, 0xfc, 0x0, 0x7f, 0xf8, 0x3f, 0xff, 0x0,
    0x0, 0x3f, 0xff, 0xff, 0xff, 0xff, 0xff, 0xc0,
    0x3, 0xff, 0xe1, 0xff, 0xf8, 0x0, 0x3, 0xff,
    0xff, 0xff, 0xff, 0xff, 0xfe, 0x0, 0xf, 0xff,
    0xf, 0xff, 0x80, 0x0, 0x1f, 0xff, 0xff, 0xff,
    0xff, 0xff, 0xf0, 0x0, 0x7f, 0xf8, 0x7f, 0xfc,
    0x0, 0x1, 0xff, 0xff, 0xff, 0xff, 0xff, 0xff,
    0x80, 0x3, 0xff, 0xc7, 0xff, 0xe0, 0x0, 0x1f,
    0xff, 0xff, 0x0, 0xff, 0xff, 0xfc, 0x0, 0x1f,
    0xfe, 0x3f, 0xfe, 0x0, 0x0, 0xff, 0xff, 0xe0,
    0x1, 0xff, 0xff, 0xe0, 0x0, 0xff, 0xf9, 0xff,
    0xf0, 0x0, 0xf, 0xff, 0xfc, 0x0, 0x7, 0xff,
    0xfe, 0x0, 0x3, 0xff, 0xdf, 0xff, 0x80, 0x0,
    0x7f, 0xff, 0xc0, 0x0, 0x1f, 0xff, 0xf0, 0x0,
    0x1f, 0xfe, 0xff, 0xfc, 0x0, 0x7, 0xff, 0xfc,
    0x0, 0x0, 0xff, 0xff, 0x80, 0x0, 0xff, 0xf7,
    0xff, 0xc0, 0x0, 0x3f, 0xff, 0xc0, 0x0, 0x3,
    0xff, 0xfc, 0x0, 0x7, 0xff, 0xbf, 0xfe, 0x0,
    0x3, 0xff, 0xfe, 0x0, 0x0, 0x1f, 0xff, 0xe0,
    0x0, 0x3f, 0xfd, 0xff, 0xf0, 0x0, 0x1f, 0xff,
    0xe0, 0x0, 0x0, 0xff, 0xfe, 0x0, 0x1, 0xff,
    0xef, 0xff, 0x80, 0x0, 0xff, 0xfe, 0x0, 0x0,
    0x7, 0xff, 0xf0, 0x0, 0xf, 0xff, 0xff, 0xfc,
    0x0, 0xf, 0xff, 0xf0, 0x0, 0x0, 0x3f, 0xff,
    0x80, 0x0, 0x7f, 0xff, 0xff, 0xc0, 0x0, 0x7f,
    0xff, 0x80, 0x0, 0x0, 0xff, 0xfc, 0x0, 0x3,
    0xff, 0xff, 0xfe, 0x0, 0x3, 0xff, 0xf8, 0x0,
    0x0, 0x7, 0xff, 0xe0, 0x0, 0x1f, 0xff, 0xff,
    0xf0, 0x0, 0x1f, 0xff, 0xc0, 0x0, 0x0, 0x3f,
    0xff, 0x0, 0x0, 0xff, 0xff, 0xff, 0x80, 0x1,
    0xff, 0xfe, 0x0, 0x0, 0x3, 0xff, 0xf0, 0x0,
    0x7, 0xff, 0xff, 0xfc, 0x0, 0xf, 0xff, 0xe0,
    0x0, 0x0, 0x1f, 0xff, 0x80, 0x0, 0x3f, 0xff,
    0xff, 0xe0, 0x0, 0x7f, 0xff, 0x0, 0x0, 0x0,
    0xff, 0xfc, 0x0, 0x1, 0xff, 0xff, 0xff, 0x0,
    0x3, 0xff, 0xf8, 0x0, 0x0, 0x7, 0xff, 0xe0,
    0x0, 0x1f, 0xff, 0xff, 0xf8, 0x0, 0x1f, 0xff,
    0xc0, 0x0, 0x0, 0x3f, 0xff, 0x0, 0x0, 0xff,
    0xf7, 0xff, 0xc0, 0x0, 0xff, 0xfe, 0x0, 0x0,
    0x1, 0xff, 0xf8, 0x0, 0x7, 0xff, 0xbf, 0xfe,
    0x0, 0x7, 0xff, 0xf0, 0x0, 0x0, 0xf, 0xff,
    0x80, 0x0, 0x3f, 0xfd, 0xff, 0xf0, 0x0, 0x3f,
    0xff, 0x80, 0x0, 0x0, 0xff, 0xfc, 0x0, 0x1,
    0xff, 0xef, 0xff, 0x80, 0x1, 0xff, 0xfc, 0x0,
    0x0, 0x7, 0xff, 0xe0, 0x0, 0xf, 0xff, 0x7f,
    0xfc, 0x0, 0xf, 0xff, 0xe0, 0x0, 0x0, 0x3f,
    0xff, 0x0, 0x0, 0xff, 0xfb, 0xff, 0xe0, 0x0,
    0x7f, 0xff, 0x0, 0x0, 0x3, 0xff, 0xf8, 0x0,
    0x7, 0xff, 0x9f, 0xff, 0x0, 0x3, 0xff, 0xf8,
    0x0, 0x0, 0x1f, 0xff, 0xc0, 0x0, 0x3f, 0xfc,
    0xff, 0xf8, 0x0, 0x1f, 0xff, 0xe0, 0x0, 0x1,
    0xff, 0xfe, 0x0, 0x3, 0xff, 0xe7, 0xff, 0xe0,
    0x0, 0xff, 0xff, 0x0, 0x0, 0xf, 0xff, 0xf0,
    0x0, 0x1f, 0xfe, 0x1f, 0xff, 0x0, 0x3, 0xff,
    0xf8, 0x0, 0x0, 0xff, 0xff, 0x80, 0x1, 0xff,
    0xf0, 0xff, 0xf8, 0x0, 0x1f, 0xff, 0xe0, 0x0,
    0xf, 0xff, 0xfc, 0x0, 0xf, 0xff, 0x87, 0xff,
    0xc0, 0x0, 0xff, 0xff, 0x0, 0x0, 0xff, 0xff,
    0xe0, 0x0, 0xff, 0xf8, 0x3f, 0xfe, 0x0, 0x7,
    0xff, 0xfc, 0x0, 0xf, 0xff, 0xff, 0x0, 0xf,
    0xff, 0xc1, 0xff, 0xf0, 0x0, 0x1f, 0xff, 0xf8,
    0x0, 0xff, 0xff, 0xf8, 0x0, 0xff, 0xfc, 0xf,
    0xff, 0xc0, 0x0, 0xff, 0xff, 0xf0, 0x3f, 0xff,
    0xff, 0xe0, 0xf, 0xff, 0xe0, 0x3f, 0xfe, 0x0,
    0x3, 0xff, 0xff, 0xff, 0xff, 0xff, 0xff, 0xc1,
    0xff, 0xfe, 0x1, 0xff, 0xf0, 0x0, 0x1f, 0xff,
    0xff, 0xff, 0xff, 0xff, 0xff, 0xff, 0xff, 0xf0,
    0xf, 0xff, 0xc0, 0x0, 0x7f, 0xff, 0xff, 0xff,
    0xf3, 0xff, 0xff, 0xff, 0xff, 0x0, 0x3f, 0xfe,
    0x0, 0x3, 0xff, 0xff, 0xff, 0xff, 0x9f, 0xff,
    0xff, 0xff, 0xf0, 0x1, 0xff, 0xf0, 0x0, 0xf,
    0xff, 0xff, 0xff, 0xf8, 0x7f, 0xff, 0xff, 0xff,
    0x0, 0xf, 0xff, 0xc0, 0x0, 0x3f, 0xff, 0xff,
    0xff, 0x83, 0xff, 0xff, 0xff, 0xf0, 0x0, 0x3f,
    0xfe, 0x0, 0x0, 0xff, 0xff, 0xff, 0xf8, 0xf,
    0xff, 0xff, 0xff, 0x0, 0x1, 0xff, 0xf8, 0x0,
    0x3, 0xff, 0xff, 0xff, 0x80, 0x3f, 0xff, 0xff,
    0xf0, 0x0, 0xf, 0xff, 0xc0, 0x0, 0xf, 0xff,
    0xff, 0xf0, 0x0, 0xff, 0xff, 0xff, 0x0, 0x0,
    0x3f, 0xff, 0x0, 0x0, 0x1f, 0xff, 0xff, 0x0,
    0x1, 0xff, 0xff, 0xe0, 0x0, 0x1, 0xff, 0xf8,
    0x0, 0x0, 0x3f, 0xff, 0xc0, 0x0, 0x3, 0xff,
    0xfc, 0x0, 0x0, 0x7, 0xff, 0xe0, 0x0, 0x0,
    0x3f, 0xf0, 0x0, 0x0, 0x3, 0xff, 0x0, 0x0,
    0x0, 0x3f, 0xff, 0x80, 0x0, 0x0, 0x0, 0x0,
    0x0, 0x0, 0x0, 0x0, 0x0, 0x0, 0x0, 0xff,
    0xfc, 0x0, 0x0, 0x0, 0x0, 0x0, 0x0, 0x0,
    0x0, 0x0, 0x0, 0x0, 0x7, 0xff, 0xf0, 0x0,
    0x0, 0x0, 0x0, 0x0, 0x0, 0x0, 0x0, 0x0,
    0x0, 0x0, 0x1f, 0xff, 0xc0, 0x0, 0x0, 0x0,
    0x0, 0x0, 0x0, 0x0, 0x0, 0x0, 0x0, 0x0,
    0x7f, 0xff, 0x0, 0x0, 0x0, 0x0, 0x0, 0x0,
    0x0, 0x0, 0x0, 0x0, 0x0, 0x3, 0xff, 0xfc,
    0x0, 0x0, 0x0, 0x0, 0x0, 0x0, 0x0, 0x0,
    0x0, 0x0, 0x0, 0xf, 0xff, 0xf0, 0x0, 0x0,
    0x0, 0x0, 0x0, 0x0, 0x0, 0x0, 0x0, 0x0,
    0x0, 0x3f, 0xff, 0xc0, 0x0, 0x0, 0x0, 0x0,
    0x0, 0x0, 0x0, 0x0, 0x0, 0x0, 0x1, 0xff,
    0xff, 0x0, 0x0, 0x0, 0x0, 0x0, 0x0, 0x0,
    0x0, 0x0, 0x0, 0x0, 0x7, 0xff, 0xfe, 0x0,
    0x0, 0x0, 0x0, 0x0, 0x0, 0x7, 0x80, 0x0,
    0x0, 0x0, 0x1f, 0xff, 0xf8, 0x0, 0x0, 0x0,
    0x0, 0x0, 0x0, 0xff, 0x0, 0x0, 0x0, 0x0,
    0x7f, 0xff, 0xf0, 0x0, 0x0, 0x0, 0x0, 0x0,
    0x1f, 0xf8, 0x0, 0x0, 0x0, 0x1, 0xff, 0xff,
    0xe0, 0x0, 0x0, 0x0, 0x0, 0x3, 0xff, 0xe0,
    0x0, 0x0, 0x0, 0x7, 0xff, 0xff, 0xc0, 0x0,
    0x0, 0x0, 0x0, 0x7f, 0xff, 0x0, 0x0, 0x0,
    0x0, 0x1f, 0xff, 0xff, 0xc0, 0x0, 0x0, 0x0,
    0x1f, 0xff, 0xf8, 0x0, 0x0, 0x0, 0x0, 0x7f,
    0xff, 0xff, 0xc0, 0x0, 0x0, 0xf, 0xff, 0xff,
    0xc0, 0x0, 0x0, 0x0, 0x0, 0xff, 0xff, 0xff,
    0xf0, 0x0, 0xf, 0xff, 0xff, 0xfe, 0x0, 0x0,
    0x0, 0x0, 0x3, 0xff, 0xff, 0xff, 0xff, 0xff,
    0xff, 0xff, 0xff, 0xe0, 0x0, 0x0, 0x0, 0x0,
    0xf, 0xff, 0xff, 0xff, 0xff, 0xff, 0xff, 0xff,
    0xff, 0x0, 0x0, 0x0, 0x0, 0x0, 0x1f, 0xff,
    0xff, 0xff, 0xff, 0xff, 0xff, 0xff, 0xe0, 0x0,
    0x0, 0x0, 0x0, 0x0, 0x7f, 0xff, 0xff, 0xff,
    0xff, 0xff, 0xff, 0xfe, 0x0, 0x0, 0x0, 0x0,
    0x0, 0x0, 0xff, 0xff, 0xff, 0xff, 0xff, 0xff,
    0xff, 0xc0, 0x0, 0x0, 0x0, 0x0, 0x0, 0x1,
    0xff, 0xff, 0xff, 0xff, 0xff, 0xff, 0xf8, 0x0,
    0x0, 0x0, 0x0, 0x0, 0x0, 0x1, 0xff, 0xff,
    0xff, 0xff, 0xff, 0xff, 0x0, 0x0, 0x0, 0x0,
    0x0, 0x0, 0x0, 0x3, 0xff, 0xff, 0xff, 0xff,
    0xff, 0xc0, 0x0, 0x0, 0x0, 0x0, 0x0, 0x0,
    0x0, 0x3, 0xff, 0xff, 0xff, 0xff, 0xf0, 0x0,
    0x0, 0x0, 0x0, 0x0, 0x0, 0x0, 0x0, 0x1,
    0xff, 0xff, 0xff, 0xf8, 0x0, 0x0, 0x0, 0x0,
    0x0, 0x0, 0x0, 0x0, 0x0, 0x0, 0x3f, 0xff,
    0xf0, 0x0, 0x0, 0x0, 0x0, 0x0,

    /* U+0041 "A" */
    0x0, 0x0, 0x0, 0x0, 0x0, 0x1f, 0xc0, 0x0,
    0x0, 0x0, 0x0, 0x0, 0x0, 0x0, 0x0, 0x0,
    0xf, 0xff, 0x0, 0x0, 0x0, 0x0, 0x0, 0x0,
    0x0, 0x0, 0x0, 0x1, 0xff, 0xf8, 0x0, 0x0,
    0x0, 0x0, 0x0, 0x0, 0x0, 0x0, 0x0, 0x3f,
    0xff, 0xc0, 0x0, 0x0, 0x0, 0x0, 0x0, 0x0,
    0x0, 0x0, 0x7, 0xff, 0xfe, 0x0, 0x0, 0x0,
    0x0, 0x0, 0x0, 0x0, 0x0, 0x0, 0xff, 0xff,
    0xf0, 0x0, 0x0, 0x0, 0x0, 0x0, 0x0, 0x0,
    0x0, 0xf, 0xff, 0xff, 0x80, 0x0, 0x0, 0x0,
    0x0, 0x0, 0x0, 0x0, 0x1, 0xff, 0xff, 0xf8,
    0x0, 0x0, 0x0, 0x0, 0x0, 0x0, 0x0, 0x0,
    0x1f, 0xff, 0xff, 0xc0, 0x0, 0x0, 0x0, 0x0,
    0x0, 0x0, 0x0, 0x3, 0xff, 0xff, 0xfc, 0x0,
    0x0, 0x0, 0x0, 0x0, 0x0, 0x0, 0x0, 0x3f,
    0xff, 0xff, 0xe0, 0x0, 0x0, 0x0, 0x0, 0x0,
    0x0, 0x0, 0x7, 0xff, 0xff, 0xfe, 0x0, 0x0,
    0x0, 0x0, 0x0, 0x0, 0x0, 0x0, 0x7f, 0xff,
    0xff, 0xe0, 0x0, 0x0, 0x0, 0x0, 0x0, 0x0,
    0x0, 0xf, 0xff, 0xff, 0xff, 0x0, 0x0, 0x0,
    0x0, 0x0, 0x0, 0x0, 0x0, 0xff, 0xff, 0xff,
    0xf0, 0x0, 0x0, 0x0, 0x0, 0x0, 0x0, 0x0,
    0xf, 0xff, 0xff, 0xff, 0x80, 0x0, 0x0, 0x0,
    0x0, 0x0, 0x0, 0x1, 0xff, 0xff, 0xff, 0xf8,
    0x0, 0x0, 0x0, 0x0, 0x0, 0x0, 0x0, 0x1f,
    0xff, 0xff, 0xff, 0xc0, 0x0, 0x0, 0x0, 0x0,
    0x0, 0x0, 0x3, 0xff, 0xff, 0xff, 0xfc, 0x0,
    0x0, 0x0, 0x0, 0x0, 0x0, 0x0, 0x3f, 0xff,
    0xff, 0xff, 0xe0, 0x0, 0x0, 0x0, 0x0, 0x0,
    0x0, 0x7, 0xff, 0xff, 0xff, 0xfe, 0x0, 0x0,
    0x0, 0x0, 0x0, 0x0, 0x0, 0x7f, 0xff, 0xff,
    0xff, 0xf0, 0x0, 0x0, 0x0, 0x0, 0x0, 0x0,
    0xf, 0xff, 0xfd, 0xff, 0xff, 0x0, 0x0, 0x0,
    0x0, 0x0, 0x0, 0x0, 0xff, 0xff, 0x9f, 0xff,
    0xf8, 0x0, 0x0, 0x0, 0x0, 0x0, 0x0, 0x1f,
    0xff, 0xf9, 0xff, 0xff, 0x80, 0x0, 0x0, 0x0,
    0x0, 0x0, 0x1, 0xff, 0xff, 0xf, 0xff, 0xf8,
    0x0, 0x0, 0x0, 0x0, 0x0, 0x0, 0x1f, 0xff,
    0xf0, 0xff, 0xff, 0xc0, 0x0, 0x0, 0x0, 0x0,
    0x0, 0x3, 0xff, 0xff, 0x7, 0xff, 0xfc, 0x0,
    0x0, 0x0, 0x0, 0x0, 0x0, 0x3f, 0xff, 0xe0,
    0x7f, 0xff, 0xe0, 0x0, 0x0, 0x0, 0x0, 0x0,
    0x7, 0xff, 0xfe, 0x7, 0xff, 0xfe, 0x0, 0x0,
    0x0, 0x0, 0x0, 0x0, 0x7f, 0xff, 0xc0, 0x3f,
    0xff, 0xf0, 0x0, 0x0, 0x0, 0x0, 0x0, 0xf,
    0xff, 0xfc, 0x3, 0xff, 0xff, 0x0, 0x0, 0x0,
    0x0, 0x0, 0x0, 0xff, 0xff, 0xc0, 0x1f, 0xff,
    0xf8, 0x0, 0x0, 0x0, 0x0, 0x0, 0x1f, 0xff,
    0xf8, 0x1, 0xff, 0xff, 0x80, 0x0, 0x0, 0x0,
    0x0, 0x1, 0xff, 0xff, 0x80, 0xf, 0xff, 0xfc,
    0x0, 0x0, 0x0, 0x0, 0x0, 0x3f, 0xff, 0xf0,
    0x0, 0xff, 0xff, 0xc0, 0x0, 0x0, 0x0, 0x0,
    0x3, 0xff, 0xff, 0x0, 0xf, 0xff, 0xfc, 0x0,
    0x0, 0x0, 0x0, 0x0, 0x3f, 0xff, 0xe0, 0x0,
    0x7f, 0xff, 0xe0, 0x0, 0x0, 0x0, 0x0, 0x7,
    0xff, 0xfe, 0x0, 0x7, 0xff, 0xfe, 0x0, 0x0,
    0x0, 0x0, 0x0, 0x7f, 0xff, 0xe0, 0x0, 0x3f,
    0xff, 0xf0, 0x0, 0x0, 0x0, 0x0, 0xf, 0xff,
    0xfc, 0x0, 0x3, 0xff, 0xff, 0x0, 0x0, 0x0,
    0x0, 0x0, 0xff, 0xff, 0xc0, 0x0, 0x1f, 0xff,
    0xf8, 0x0, 0x0, 0x0, 0x0, 0x1f, 0xff, 0xf8,
    0x0, 0x1, 0xff, 0xff, 0x80, 0x0, 0x0, 0x0,
    0x1, 0xff, 0xff, 0x80, 0x0, 0x1f, 0xff, 0xfc,
    0x0, 0x0, 0x0, 0x0, 0x3f, 0xff, 0xf0, 0x0,
    0x0, 0xff, 0xff, 0xc0, 0x0, 0x0, 0x0, 0x3,
    0xff, 0xff, 0x0, 0x0, 0xf, 0xff, 0xfe, 0x0,
    0x0, 0x0, 0x0, 0x7f, 0xff, 0xf0, 0x0, 0x0,
    0x7f, 0xff, 0xe0, 0x0, 0x0, 0x0, 0x7, 0xff,
    0xfe, 0x0, 0x0, 0x7, 0xff, 0xff, 0x0, 0x0,
    0x0, 0x0, 0xff, 0xff, 0xe0, 0x0, 0x0, 0x3f,
    0xff, 0xf0, 0x0, 0x0, 0x0, 0xf, 0xff, 0xfc,
    0x0, 0x0, 0x3, 0xff, 0xff, 0x0, 0x0, 0x0,
    0x0, 0xff, 0xff, 0xc0, 0x0, 0x0, 0x3f, 0xff,
    0xf8, 0x0, 0x0, 0x0, 0x1f, 0xff, 0xfc, 0x0,
    0x0, 0x1, 0xff, 0xff, 0x80, 0x0, 0x0, 0x1,
    0xff, 0xff, 0x80, 0x0, 0x0, 0x1f, 0xff, 0xfc,
    0x0, 0x0, 0x0, 0x3f, 0xff, 0xf8, 0x0, 0x0,
    0x0, 0xff, 0xff, 0xc0, 0x0, 0x0, 0x3, 0xff,
    0xff, 0x0, 0x0, 0x0, 0xf, 0xff, 0xfe, 0x0,
    0x0, 0x0, 0x7f, 0xff, 0xf0, 0x0, 0x0, 0x0,
    0x7f, 0xff, 0xe0, 0x0, 0x0, 0x7, 0xff, 0xff,
    0xff, 0xff, 0xff, 0xff, 0xff, 0xff, 0x0, 0x0,
    0x0, 0xff, 0xff, 0xff, 0xff, 0xff, 0xff, 0xff,
    0xff, 0xf0, 0x0, 0x0, 0xf, 0xff, 0xff, 0xff,
    0xff, 0xff, 0xff, 0xff, 0xff, 0x80, 0x0, 0x1,
    0xff, 0xff, 0xff, 0xff, 0xff, 0xff, 0xff, 0xff,
    0xf8, 0x0, 0x0, 0x1f, 0xff, 0xff, 0xff, 0xff,
    0xff, 0xff, 0xff, 0xff, 0xc0, 0x0, 0x1, 0xff,
    0xff, 0xff, 0xff, 0xff, 0xff, 0xff, 0xff, 0xfc,
    0x0, 0x0, 0x3f, 0xff, 0xff, 0xff, 0xff, 0xff,
    0xff, 0xff, 0xff, 0xc0, 0x0, 0x3, 0xff, 0xff,
    0xff, 0xff, 0xff, 0xff, 0xff, 0xff, 0xfe, 0x0,
    0x0, 0x7f, 0xff, 0xff, 0xff, 0xff, 0xff, 0xff,
    0xff, 0xff, 0xe0, 0x0, 0x7, 0xff, 0xff, 0xff,
    0xff, 0xff, 0xff, 0xff, 0xff, 0xff, 0x0, 0x0,
    0xff, 0xff, 0xff, 0xff, 0xff, 0xff, 0xff, 0xff,
    0xff, 0xf0, 0x0, 0xf, 0xff, 0xff, 0xff, 0xff,
    0xff, 0xff, 0xff, 0xff, 0xff, 0x80, 0x1, 0xff,
    0xff, 0xff, 0xff, 0xff, 0xff, 0xff, 0xff, 0xff,
    0xf8, 0x0, 0x1f, 0xff, 0xff, 0xff, 0xff, 0xff,
    0xff, 0xff, 0xff, 0xff, 0xc0, 0x3, 0xff, 0xff,
    0xff, 0xff, 0xff, 0xff, 0xff, 0xff, 0xff, 0xfc,
    0x0, 0x3f, 0xff, 0xf8, 0x0, 0x0, 0x0, 0x0,
    0x1, 0xff, 0xff, 0xe0, 0x3, 0xff, 0xff, 0x80,
    0x0, 0x0, 0x0, 0x0, 0xf, 0xff, 0xfe, 0x0,
    0x7f, 0xff, 0xf0, 0x0, 0x0, 0x0, 0x0, 0x0,
    0xff, 0xff, 0xf0, 0x7, 0xff, 0xff, 0x0, 0x0,
    0x0, 0x0, 0x0, 0x7, 0xff, 0xff, 0x0, 0xff,
    0xff, 0xe0, 0x0, 0x0, 0x0, 0x0, 0x0, 0x7f,
    0xff, 0xf0, 0xf, 0xff, 0xfe, 0x0, 0x0, 0x0,
    0x0, 0x0, 0x3, 0xff, 0xff, 0x81, 0xff, 0xff,
    0xe0, 0x0, 0x0, 0x0, 0x0, 0x0, 0x3f, 0xff,
    0xf8, 0x1f, 0xff, 0xfc, 0x0, 0x0, 0x0, 0x0,
    0x0, 0x3, 0xff, 0xff, 0xc3, 0xff, 0xff, 0xc0,
    0x0, 0x0, 0x0, 0x0, 0x0, 0x1f, 0xff, 0xfc,
    0x3f, 0xff, 0xf8, 0x0, 0x0, 0x0, 0x0, 0x0,
    0x1, 0xff, 0xff, 0xe7, 0xff, 0xff, 0x80, 0x0,
    0x0, 0x0, 0x0, 0x0, 0xf, 0xff, 0xfe, 0x7f,
    0xff, 0xf0, 0x0, 0x0, 0x0, 0x0, 0x0, 0x0,
    0xff, 0xff, 0xe7, 0xff, 0xff, 0x0, 0x0, 0x0,
    0x0, 0x0, 0x0, 0xf, 0xff, 0xff, 0x7f, 0xff,
    0xf0, 0x0, 0x0, 0x0, 0x0, 0x0, 0x0, 0x7f,
    0xff, 0xf7, 0xff, 0xfe, 0x0, 0x0, 0x0, 0x0,
    0x0, 0x0, 0x7, 0xff, 0xff, 0x7f, 0xff, 0xe0,
    0x0, 0x0, 0x0, 0x0, 0x0, 0x0, 0x3f, 0xff,
    0xf7, 0xff, 0xfc, 0x0, 0x0, 0x0, 0x0, 0x0,
    0x0, 0x3, 0xff, 0xff, 0x3f, 0xff, 0x80, 0x0,
    0x0, 0x0, 0x0, 0x0, 0x0, 0x1f, 0xff, 0xe3,
    0xff, 0xf8, 0x0, 0x0, 0x0, 0x0, 0x0, 0x0,
    0x0, 0xff, 0xfe, 0x1f, 0xff, 0x0, 0x0, 0x0,
    0x0, 0x0, 0x0, 0x0, 0x7, 0xff, 0xc0, 0x7f,
    0xc0, 0x0, 0x0, 0x0, 0x0, 0x0, 0x0, 0x0,
    0x3f, 0xf0, 0x0, 0x40, 0x0, 0x0, 0x0, 0x0,
    0x0, 0x0, 0x0, 0x0, 0x10, 0x0,

    /* U+0042 "B" */
    0x1, 0xff, 0xff, 0xff, 0xff, 0xff, 0x80, 0x0,
    0x0, 0x3, 0xff, 0xff, 0xff, 0xff, 0xff, 0xff,
    0x0, 0x0, 0x1, 0xff, 0xff, 0xff, 0xff, 0xff,
    0xff, 0xf8, 0x0, 0x0, 0xff, 0xff, 0xff, 0xff,
    0xff, 0xff, 0xff, 0xc0, 0x0, 0x7f, 0xff, 0xff,
    0xff, 0xff, 0xff, 0xff, 0xfc, 0x0, 0x1f, 0xff,
    0xff, 0xff, 0xff, 0xff, 0xff, 0xff, 0x80, 0xf,
    0xff, 0xff, 0xff, 0xff, 0xff, 0xff, 0xff, 0xf0,
    0x3, 0xff, 0xff, 0xff, 0xff, 0xff, 0xff, 0xff,
    0xff, 0x0, 0xff, 0xff, 0xff, 0xff, 0xff, 0xff,
    0xff, 0xff, 0xe0, 0x3f, 0xff, 0xff, 0xff, 0xff,
    0xff, 0xff, 0xff, 0xfc, 0xf, 0xff, 0xff, 0xff,
    0xff, 0xff, 0xff, 0xff, 0xff, 0x3, 0xff, 0xff,
    0xff, 0xff, 0xff, 0xff, 0xff, 0xff, 0xe0, 0xff,
    0xff, 0xff, 0xff, 0xff, 0xff, 0xff, 0xff, 0xf8,
    0x3f, 0xff, 0xff, 0xff, 0xff, 0xff, 0xff, 0xff,
    0xff, 0xf, 0xff, 0xfe, 0x0, 0x0, 0x0, 0xff,
    0xff, 0xff, 0xc3, 0xff, 0xff, 0x80, 0x0, 0x0,
    0x7, 0xff, 0xff, 0xf8, 0xff, 0xff, 0xe0, 0x0,
    0x0, 0x0, 0x7f, 0xff, 0xfe, 0x3f, 0xff, 0xf8,
    0x0, 0x0, 0x0, 0xf, 0xff, 0xff, 0x8f, 0xff,
    0xfe, 0x0, 0x0, 0x0, 0x1, 0xff, 0xff, 0xf3,
    0xff, 0xff, 0x80, 0x0, 0x0, 0x0, 0x3f, 0xff,
    0xfc, 0xff, 0xff, 0xe0, 0x0, 0x0, 0x0, 0xf,
    0xff, 0xff, 0x3f, 0xff, 0xf8, 0x0, 0x0, 0x0,
    0x3, 0xff, 0xff, 0xcf, 0xff, 0xfe, 0x0, 0x0,
    0x0, 0x0, 0x7f, 0xff, 0xf3, 0xff, 0xff, 0x80,
    0x0, 0x0, 0x0, 0x1f, 0xff, 0xfc, 0xff, 0xff,
    0xe0, 0x0, 0x0, 0x0, 0x7, 0xff, 0xff, 0x3f,
    0xff, 0xf8, 0x0, 0x0, 0x0, 0x1, 0xff, 0xff,
    0xcf, 0xff, 0xfe, 0x0, 0x0, 0x0, 0x0, 0x7f,
    0xff, 0xf3, 0xff, 0xff, 0x80, 0x0, 0x0, 0x0,
    0x1f, 0xff, 0xfc, 0xff, 0xff, 0xe0, 0x0, 0x0,
    0x0, 0x7, 0xff, 0xfe, 0x3f, 0xff, 0xf8, 0x0,
    0x0, 0x0, 0x3, 0xff, 0xff, 0x8f, 0xff, 0xfe,
    0x0, 0x0, 0x0, 0x0, 0xff, 0xff, 0xe3, 0xff,
    0xff, 0x80, 0x0, 0x0, 0x0, 0x3f, 0xff, 0xf0,
    0xff, 0xff, 0xe0, 0x0, 0x0, 0x0, 0x1f, 0xff,
    0xfc, 0x3f, 0xff, 0xf8, 0x0, 0x0, 0x0, 0xf,
    0xff, 0xff, 0xf, 0xff, 0xfe, 0x0, 0x0, 0x0,
    0x7, 0xff, 0xff, 0x83, 0xff, 0xff, 0x80, 0x0,
    0x0, 0x7, 0xff, 0xff, 0xc0, 0xff, 0xff, 0xe0,
    0x0, 0x0, 0xf, 0xff, 0xff, 0xf0, 0x3f, 0xff,
    0xff, 0xff, 0xff, 0xff, 0xff, 0xff, 0xf8, 0xf,
    0xff, 0xff, 0xff, 0xff, 0xff, 0xff, 0xff, 0xfc,
    0x3, 0xff, 0xff, 0xff, 0xff, 0xff, 0xff, 0xff,
    0xfe, 0x0, 0xff, 0xff, 0xff, 0xff, 0xff, 0xff,
    0xff, 0xfe, 0x0, 0x3f, 0xff, 0xff, 0xff, 0xff,
    0xff, 0xff, 0xff, 0x0, 0xf, 0xff, 0xff, 0xff,
    0xff, 0xff, 0xff, 0xff, 0x0, 0x3, 0xff, 0xff,
    0xff, 0xff, 0xff, 0xff, 0xff, 0x80, 0x0, 0xff,
    0xff, 0xff, 0xff, 0xff, 0xff, 0xff, 0xfc, 0x0,
    0x3f, 0xff, 0xff, 0xff, 0xff, 0xff, 0xff, 0xff,
    0xc0, 0xf, 0xff, 0xff, 0xff, 0xff, 0xff, 0xff,
    0xff, 0xf8, 0x3, 0xff, 0xff, 0xff, 0xff, 0xff,
    0xff, 0xff, 0xff, 0x80, 0xff, 0xff, 0xff, 0xff,
    0xff, 0xff, 0xff, 0xff, 0xf0, 0x3f, 0xff, 0xff,
    0xff, 0xff, 0xff, 0xff, 0xff, 0xfe, 0xf, 0xff,
    0xff, 0xff, 0xff, 0xff, 0xff, 0xff, 0xff, 0xc3,
    0xff, 0xff, 0x80, 0x0, 0x0, 0xf, 0xff, 0xff,
    0xf0, 0xff, 0xff, 0xe0, 0x0, 0x0, 0x0, 0x7f,
    0xff, 0xfe, 0x3f, 0xff, 0xf8, 0x0, 0x0, 0x0,
    0x7, 0xff, 0xff, 0xcf, 0xff, 0xfe, 0x0, 0x0,
    0x0, 0x0, 0xff, 0xff, 0xf3, 0xff, 0xff, 0x80,
    0x0, 0x0, 0x0, 0x1f, 0xff, 0xfc, 0xff, 0xff,
    0xe0, 0x0, 0x0, 0x0, 0x7, 0xff, 0xff, 0xbf,
    0xff, 0xf8, 0x0, 0x0, 0x0, 0x0, 0xff, 0xff,
    0xef, 0xff, 0xfe, 0x0, 0x0, 0x0, 0x0, 0x3f,
    0xff, 0xfb, 0xff, 0xff, 0x80, 0x0, 0x0, 0x0,
    0x7, 0xff, 0xff, 0xff, 0xff, 0xe0, 0x0, 0x0,
    0x0, 0x1, 0xff, 0xff, 0xff, 0xff, 0xf8, 0x0,
    0x0, 0x0, 0x0, 0x7f, 0xff, 0xff, 0xff, 0xfe,
    0x0, 0x0, 0x0, 0x0, 0x1f, 0xff, 0xff, 0xff,
    0xff, 0x80, 0x0, 0x0, 0x0, 0x7, 0xff, 0xff,
    0xff, 0xff, 0xe0, 0x0, 0x0, 0x0, 0x1, 0xff,
    0xff, 0xff, 0xff, 0xf8, 0x0, 0x0, 0x0, 0x0,
    0x7f, 0xff, 0xff, 0xff, 0xfe, 0x0, 0x0, 0x0,
    0x0, 0x1f, 0xff, 0xff, 0xff, 0xff, 0x80, 0x0,
    0x0, 0x0, 0x7, 0xff, 0xff, 0xff, 0xff, 0xe0,
    0x0, 0x0, 0x0, 0x3, 0xff, 0xff, 0xff, 0xff,
    0xf8, 0x0, 0x0, 0x0, 0x0, 0xff, 0xff, 0xff,
    0xff, 0xfe, 0x0, 0x0, 0x0, 0x0, 0x7f, 0xff,
    0xfb, 0xff, 0xff, 0x80, 0x0, 0x0, 0x0, 0x1f,
    0xff, 0xfe, 0xff, 0xff, 0xe0, 0x0, 0x0, 0x0,
    0xf, 0xff, 0xff, 0xbf, 0xff, 0xf8, 0x0, 0x0,
    0x0, 0x7, 0xff, 0xff, 0xef, 0xff, 0xfe, 0x0,
    0x0, 0x0, 0x7, 0xff, 0xff, 0xf3, 0xff, 0xff,
    0x80, 0x0, 0x0, 0xf, 0xff, 0xff, 0xfc, 0xff,
    0xff, 0xff, 0xff, 0xff, 0xff, 0xff, 0xff, 0xfe,
    0x3f, 0xff, 0xff, 0xff, 0xff, 0xff, 0xff, 0xff,
    0xff, 0x8f, 0xff, 0xff, 0xff, 0xff, 0xff, 0xff,
    0xff, 0xff, 0xc3, 0xff, 0xff, 0xff, 0xff, 0xff,
    0xff, 0xff, 0xff, 0xe0, 0xff, 0xff, 0xff, 0xff,
    0xff, 0xff, 0xff, 0xff, 0xf8, 0x3f, 0xff, 0xff,
    0xff, 0xff, 0xff, 0xff, 0xff, 0xfc, 0xf, 0xff,
    0xff, 0xff, 0xff, 0xff, 0xff, 0xff, 0xfe, 0x3,
    0xff, 0xff, 0xff, 0xff, 0xff, 0xff, 0xff, 0xfe,
    0x0, 0x7f, 0xff, 0xff, 0xff, 0xff, 0xff, 0xff,
    0xff, 0x0, 0x1f, 0xff, 0xff, 0xff, 0xff, 0xff,
    0xff, 0xff, 0x0, 0x3, 0xff, 0xff, 0xff, 0xff,
    0xff, 0xff, 0xff, 0x0, 0x0, 0x7f, 0xff, 0xff,
    0xff, 0xff, 0xff, 0xff, 0x0, 0x0, 0xf, 0xff,
    0xff, 0xff, 0xff, 0xff, 0xfe, 0x0, 0x0, 0x0,
    0xff, 0xff, 0xff, 0xff, 0xff, 0xf8, 0x0, 0x0,
    0x0,

    /* U+0043 "C" */
    0x0, 0x0, 0x0, 0x0, 0x3, 0xff, 0xfc, 0x0,
    0x0, 0x0, 0x0, 0x0, 0x0, 0x3, 0xff, 0xff,
    0xff, 0x0, 0x0, 0x0, 0x0, 0x0, 0x1, 0xff,
    0xff, 0xff, 0xff, 0x80, 0x0, 0x0, 0x0, 0x0,
    0x7f, 0xff, 0xff, 0xff, 0xff, 0x80, 0x0, 0x0,
    0x0, 0xf, 0xff, 0xff, 0xff, 0xff, 0xff, 0x0,
    0x0, 0x0, 0x1, 0xff, 0xff, 0xff, 0xff, 0xff,
    0xfe, 0x0, 0x0, 0x0, 0x3f, 0xff, 0xff, 0xff,
    0xff, 0xff, 0xfc, 0x0, 0x0, 0x3, 0xff, 0xff,
    0xff, 0xff, 0xff, 0xff, 0xf0, 0x0, 0x0, 0x7f,
    0xff, 0xff, 0xff, 0xff, 0xff, 0xff, 0xc0, 0x0,
    0x7, 0xff, 0xff, 0xff, 0xff, 0xff, 0xff, 0xff,
    0x0, 0x0, 0x7f, 0xff, 0xff, 0xff, 0xff, 0xff,
    0xff, 0xf8, 0x0, 0xf, 0xff, 0xff, 0xff, 0xff,
    0xff, 0xff, 0xff, 0xe0, 0x0, 0xff, 0xff, 0xff,
    0xff, 0xff, 0xff, 0xff, 0xff, 0x0, 0xf, 0xff,
    0xff, 0xff, 0xff, 0xff, 0xff, 0xff, 0xf8, 0x0,
    0xff, 0xff, 0xff, 0xff, 0xff, 0xff, 0xff, 0xff,
    0xc0, 0x7, 0xff, 0xff, 0xff, 0xff, 0xff, 0xff,
    0xff, 0xfe, 0x0, 0x7f, 0xff, 0xff, 0xff, 0xff,
    0xff, 0xff, 0xff, 0xf0, 0x7, 0xff, 0xff, 0xff,
    0xfc, 0x0, 0x3f, 0xff, 0xff, 0x0, 0x7f, 0xff,
    0xff, 0xfe, 0x0, 0x0, 0x1f, 0xff, 0xf8, 0x3,
    0xff, 0xff, 0xff, 0x80, 0x0, 0x0, 0x1f, 0xff,
    0x80, 0x3f, 0xff, 0xff, 0xf8, 0x0, 0x0, 0x0,
    0x3f, 0xf8, 0x1, 0xff, 0xff, 0xff, 0x0, 0x0,
    0x0, 0x0, 0x7f, 0x80, 0x1f, 0xff, 0xff, 0xf0,
    0x0, 0x0, 0x0, 0x0, 0x70, 0x0, 0xff, 0xff,
    0xff, 0x0, 0x0, 0x0, 0x0, 0x0, 0x0, 0xf,
    0xff, 0xff, 0xf0, 0x0, 0x0, 0x0, 0x0, 0x0,
    0x0, 0x7f, 0xff, 0xff, 0x0, 0x0, 0x0, 0x0,
    0x0, 0x0, 0x7, 0xff, 0xff, 0xf0, 0x0, 0x0,
    0x0, 0x0, 0x0, 0x0, 0x3f, 0xff, 0xff, 0x0,
    0x0, 0x0, 0x0, 0x0, 0x0, 0x1, 0xff, 0xff,
    0xf8, 0x0, 0x0, 0x0, 0x0, 0x0, 0x0, 0x1f,
    0xff, 0xff, 0x80, 0x0, 0x0, 0x0, 0x0, 0x0,
    0x0, 0xff, 0xff, 0xfc, 0x0, 0x0, 0x0, 0x0,
    0x0, 0x0, 0x7, 0xff, 0xff, 0xc0, 0x0, 0x0,
    0x0, 0x0, 0x0, 0x0, 0x7f, 0xff, 0xfe, 0x0,
    0x0, 0x0, 0x0, 0x0, 0x0, 0x3, 0xff, 0xff,
    0xf0, 0x0, 0x0, 0x0, 0x0, 0x0, 0x0, 0x1f,
    0xff, 0xff, 0x0, 0x0, 0x0, 0x0, 0x0, 0x0,
    0x0, 0xff, 0xff, 0xf8, 0x0, 0x0, 0x0, 0x0,
    0x0, 0x0, 0x7, 0xff, 0xff, 0xc0, 0x0, 0x0,
    0x0, 0x0, 0x0, 0x0, 0x3f, 0xff, 0xfe, 0x0,
    0x0, 0x0, 0x0, 0x0, 0x0, 0x3, 0xff, 0xff,
    0xf0, 0x0, 0x0, 0x0, 0x0, 0x0, 0x0, 0x1f,
    0xff, 0xff, 0x0, 0x0, 0x0, 0x0, 0x0, 0x0,
    0x0, 0xff, 0xff, 0xf8, 0x0, 0x0, 0x0, 0x0,
    0x0, 0x0, 0x7, 0xff, 0xff, 0xc0, 0x0, 0x0,
    0x0, 0x0, 0x0, 0x0, 0x3f, 0xff, 0xfe, 0x0,
    0x0, 0x0, 0x0, 0x0, 0x0, 0x1, 0xff, 0xff,
    0xf0, 0x0, 0x0, 0x0, 0x0, 0x0, 0x0, 0xf,
    0xff, 0xff, 0x80, 0x0, 0x0, 0x0, 0x0, 0x0,
    0x0, 0x7f, 0xff, 0xfc, 0x0, 0x0, 0x0, 0x0,
    0x0, 0x0, 0x3, 0xff, 0xff, 0xe0, 0x0, 0x0,
    0x0, 0x0, 0x0, 0x0, 0x1f, 0xff, 0xff, 0x0,
    0x0, 0x0, 0x0, 0x0, 0x0, 0x0, 0xff, 0xff,
    0xf8, 0x0, 0x0, 0x0, 0x0, 0x0, 0x0, 0x7,
    0xff, 0xff, 0xc0, 0x0, 0x0, 0x0, 0x0, 0x0,
    0x0, 0x3f, 0xff, 0xfe, 0x0, 0x0, 0x0, 0x0,
    0x0, 0x0, 0x1, 0xff, 0xff, 0xf0, 0x0, 0x0,
    0x0, 0x0, 0x0, 0x0, 0xf, 0xff, 0xff, 0x80,
    0x0, 0x0, 0x0, 0x0, 0x0, 0x0, 0x7f, 0xff,
    0xfe, 0x0, 0x0, 0x0, 0x0, 0x0, 0x0, 0x1,
    0xff, 0xff, 0xf0, 0x0, 0x0, 0x0, 0x0, 0x0,
    0x0, 0xf, 0xff, 0xff, 0x80, 0x0, 0x0, 0x0,
    0x0, 0x0, 0x0, 0x7f, 0xff, 0xfc, 0x0, 0x0,
    0x0, 0x0, 0x0, 0x0, 0x3, 0xff, 0xff, 0xe0,
    0x0, 0x0, 0x0, 0x0, 0x0, 0x0, 0x1f, 0xff,
    0xff, 0x80, 0x0, 0x0, 0x0, 0x0, 0x0, 0x0,
    0xff, 0xff, 0xfc, 0x0, 0x0, 0x0, 0x0, 0x0,
    0x0, 0x3, 0xff, 0xff, 0xe0, 0x0, 0x0, 0x0,
    0x0, 0x0, 0x0, 0x1f, 0xff, 0xff, 0x80, 0x0,
    0x0, 0x0, 0x0, 0x0, 0x0, 0xff, 0xff, 0xfc,
    0x0, 0x0, 0x0, 0x0, 0x0, 0x0, 0x3, 0xff,
    0xff, 0xf0, 0x0, 0x0, 0x0, 0x0, 0x0, 0x0,
    0x1f, 0xff, 0xff, 0x80, 0x0, 0x0, 0x0, 0x0,
    0x0, 0x0, 0xff, 0xff, 0xfe, 0x0, 0x0, 0x0,
    0x0, 0x0, 0x0, 0x3, 0xff, 0xff, 0xf8, 0x0,
    0x0, 0x0, 0x0, 0x0, 0x0, 0x1f, 0xff, 0xff,
    0xe0, 0x0, 0x0, 0x0, 0x0, 0x0, 0x0, 0x7f,
    0xff, 0xff, 0x80, 0x0, 0x0, 0x0, 0x0, 0x0,
    0x3, 0xff, 0xff, 0xfe, 0x0, 0x0, 0x0, 0x0,
    0x4, 0x0, 0xf, 0xff, 0xff, 0xf8, 0x0, 0x0,
    0x0, 0x3, 0xfc, 0x0, 0x7f, 0xff, 0xff, 0xf0,
    0x0, 0x0, 0x0, 0x7f, 0xf8, 0x1, 0xff, 0xff,
    0xff, 0xc0, 0x0, 0x0, 0xf, 0xff, 0xe0, 0xf,
    0xff, 0xff, 0xff, 0xc0, 0x0, 0x3, 0xff, 0xff,
    0x0, 0x3f, 0xff, 0xff, 0xff, 0xe0, 0x1, 0xff,
    0xff, 0xfc, 0x0, 0xff, 0xff, 0xff, 0xff, 0xff,
    0xff, 0xff, 0xff, 0xe0, 0x3, 0xff, 0xff, 0xff,
    0xff, 0xff, 0xff, 0xff, 0xff, 0x0, 0x1f, 0xff,
    0xff, 0xff, 0xff, 0xff, 0xff, 0xff, 0xf8, 0x0,
    0x7f, 0xff, 0xff, 0xff, 0xff, 0xff, 0xff, 0xff,
    0xc0, 0x1, 0xff, 0xff, 0xff, 0xff, 0xff, 0xff,
    0xff, 0xfe, 0x0, 0x7, 0xff, 0xff, 0xff, 0xff,
    0xff, 0xff, 0xff, 0xf0, 0x0, 0x1f, 0xff, 0xff,
    0xff, 0xff, 0xff, 0xff, 0xff, 0x80, 0x0, 0x3f,
    0xff, 0xff, 0xff, 0xff, 0xff, 0xff, 0xf8, 0x0,
    0x0, 0xff, 0xff, 0xff, 0xff, 0xff, 0xff, 0xff,
    0x80, 0x0, 0x3, 0xff, 0xff, 0xff, 0xff, 0xff,
    0xff, 0xf8, 0x0, 0x0, 0x7, 0xff, 0xff, 0xff,
    0xff, 0xff, 0xff, 0x80, 0x0, 0x0, 0xf, 0xff,
    0xff, 0xff, 0xff, 0xff, 0xf0, 0x0, 0x0, 0x0,
    0x1f, 0xff, 0xff, 0xff, 0xff, 0xfe, 0x0, 0x0,
    0x0, 0x0, 0x3f, 0xff, 0xff, 0xff, 0xff, 0xc0,
    0x0, 0x0, 0x0, 0x0, 0x3f, 0xff, 0xff, 0xff,
    0xf0, 0x0, 0x0, 0x0, 0x0, 0x0, 0x3f, 0xff,
    0xff, 0xf8, 0x0, 0x0, 0x0, 0x0, 0x0, 0x0,
    0x7, 0xff, 0xf8, 0x0, 0x0, 0x0,

    /* U+0044 "D" */
    0x1, 0xff, 0xff, 0xff, 0xff, 0xf8, 0x0, 0x0,
    0x0, 0x0, 0x0, 0xff, 0xff, 0xff, 0xff, 0xff,
    0xfe, 0x0, 0x0, 0x0, 0x0, 0x1f, 0xff, 0xff,
    0xff, 0xff, 0xff, 0xfe, 0x0, 0x0, 0x0, 0x3,
    0xff, 0xff, 0xff, 0xff, 0xff, 0xff, 0xfc, 0x0,
    0x0, 0x0, 0x7f, 0xff, 0xff, 0xff, 0xff, 0xff,
    0xff, 0xf0, 0x0, 0x0, 0x7, 0xff, 0xff, 0xff,
    0xff, 0xff, 0xff, 0xff, 0xc0, 0x0, 0x0, 0xff,
    0xff, 0xff, 0xff, 0xff, 0xff, 0xff, 0xff, 0x0,
    0x0, 0xf, 0xff, 0xff, 0xff, 0xff, 0xff, 0xff,
    0xff, 0xfc, 0x0, 0x0, 0xff, 0xff, 0xff, 0xff,
    0xff, 0xff, 0xff, 0xff, 0xe0, 0x0, 0xf, 0xff,
    0xff, 0xff, 0xff, 0xff, 0xff, 0xff, 0xff, 0x80,
    0x0, 0xff, 0xff, 0xff, 0xff, 0xff, 0xff, 0xff,
    0xff, 0xfc, 0x0, 0xf, 0xff, 0xff, 0xff, 0xff,
    0xff, 0xff, 0xff, 0xff, 0xe0, 0x0, 0xff, 0xff,
    0xff, 0xff, 0xff, 0xff, 0xff, 0xff, 0xff, 0x0,
    0xf, 0xff, 0xff, 0xff, 0xff, 0xff, 0xff, 0xff,
    0xff, 0xf8, 0x0, 0xff, 0xff, 0xff, 0xff, 0xff,
    0xff, 0xff, 0xff, 0xff, 0xc0, 0xf, 0xff, 0xff,
    0xff, 0xff, 0xff, 0xff, 0xff, 0xff, 0xfe, 0x0,
    0xff, 0xff, 0xf0, 0x0, 0x0, 0x7f, 0xff, 0xff,
    0xff, 0xf0, 0xf, 0xff, 0xff, 0x0, 0x0, 0x0,
    0x3f, 0xff, 0xff, 0xff, 0x0, 0xff, 0xff, 0xf0,
    0x0, 0x0, 0x0, 0x7f, 0xff, 0xff, 0xf8, 0xf,
    0xff, 0xff, 0x0, 0x0, 0x0, 0x1, 0xff, 0xff,
    0xff, 0xc0, 0xff, 0xff, 0xf0, 0x0, 0x0, 0x0,
    0xf, 0xff, 0xff, 0xfc, 0xf, 0xff, 0xff, 0x0,
    0x0, 0x0, 0x0, 0x3f, 0xff, 0xff, 0xe0, 0xff,
    0xff, 0xf0, 0x0, 0x0, 0x0, 0x1, 0xff, 0xff,
    0xfe, 0xf, 0xff, 0xff, 0x0, 0x0, 0x0, 0x0,
    0xf, 0xff, 0xff, 0xf0, 0xff, 0xff, 0xf0, 0x0,
    0x0, 0x0, 0x0, 0x7f, 0xff, 0xff, 0xf, 0xff,
    0xff, 0x0, 0x0, 0x0, 0x0, 0x3, 0xff, 0xff,
    0xf8, 0xff, 0xff, 0xf0, 0x0, 0x0, 0x0, 0x0,
    0x3f, 0xff, 0xff, 0x8f, 0xff, 0xff, 0x0, 0x0,
    0x0, 0x0, 0x1, 0xff, 0xff, 0xf8, 0xff, 0xff,
    0xf0, 0x0, 0x0, 0x0, 0x0, 0xf, 0xff, 0xff,
    0xcf, 0xff, 0xff, 0x0, 0x0, 0x0, 0x0, 0x0,
    0xff, 0xff, 0xfc, 0xff, 0xff, 0xf0, 0x0, 0x0,
    0x0, 0x0, 0x7, 0xff, 0xff, 0xcf, 0xff, 0xff,
    0x0, 0x0, 0x0, 0x0, 0x0, 0x7f, 0xff, 0xfe,
    0xff, 0xff, 0xf0, 0x0, 0x0, 0x0, 0x0, 0x7,
    0xff, 0xff, 0xef, 0xff, 0xff, 0x0, 0x0, 0x0,
    0x0, 0x0, 0x3f, 0xff, 0xfe, 0xff, 0xff, 0xf0,
    0x0, 0x0, 0x0, 0x0, 0x3, 0xff, 0xff, 0xef,
    0xff, 0xff, 0x0, 0x0, 0x0, 0x0, 0x0, 0x3f,
    0xff, 0xfe, 0xff, 0xff, 0xf0, 0x0, 0x0, 0x0,
    0x0, 0x3, 0xff, 0xff, 0xef, 0xff, 0xff, 0x0,
    0x0, 0x0, 0x0, 0x0, 0x3f, 0xff, 0xff, 0xff,
    0xff, 0xf0, 0x0, 0x0, 0x0, 0x0, 0x1, 0xff,
    0xff, 0xff, 0xff, 0xff, 0x0, 0x0, 0x0, 0x0,
    0x0, 0x1f, 0xff, 0xff, 0xff, 0xff, 0xf0, 0x0,
    0x0, 0x0, 0x0, 0x1, 0xff, 0xff, 0xff, 0xff,
    0xff, 0x0, 0x0, 0x0, 0x0, 0x0, 0x1f, 0xff,
    0xff, 0xff, 0xff, 0xf0, 0x0, 0x0, 0x0, 0x0,
    0x1, 0xff, 0xff, 0xff, 0xff, 0xff, 0x0, 0x0,
    0x0, 0x0, 0x0, 0x1f, 0xff, 0xff, 0xff, 0xff,
    0xf0, 0x0, 0x0, 0x0, 0x0, 0x1, 0xff, 0xff,
    0xff, 0xff, 0xff, 0x0, 0x0, 0x0, 0x0, 0x0,
    0x1f, 0xff, 0xff, 0xff, 0xff, 0xf0, 0x0, 0x0,
    0x0, 0x0, 0x1, 0xff, 0xff, 0xff, 0xff, 0xff,
    0x0, 0x0, 0x0, 0x0, 0x0, 0x1f, 0xff, 0xff,
    0xff, 0xff, 0xf0, 0x0, 0x0, 0x0, 0x0, 0x1,
    0xff, 0xff, 0xff, 0xff, 0xff, 0x0, 0x0, 0x0,
    0x0, 0x0, 0x1f, 0xff, 0xff, 0xff, 0xff, 0xf0,
    0x0, 0x0, 0x0, 0x0, 0x1, 0xff, 0xff, 0xff,
    0xff, 0xff, 0x0, 0x0, 0x0, 0x0, 0x0, 0x1f,
    0xff, 0xff, 0xff, 0xff, 0xf0, 0x0, 0x0, 0x0,
    0x0, 0x3, 0xff, 0xff, 0xff, 0xff, 0xff, 0x0,
    0x0, 0x0, 0x0, 0x0, 0x3f, 0xff, 0xfe, 0xff,
    0xff, 0xf0, 0x0, 0x0, 0x0, 0x0, 0x3, 0xff,
    0xff, 0xef, 0xff, 0xff, 0x0, 0x0, 0x0, 0x0,
    0x0, 0x3f, 0xff, 0xfe, 0xff, 0xff, 0xf0, 0x0,
    0x0, 0x0, 0x0, 0x3, 0xff, 0xff, 0xef, 0xff,
    0xff, 0x0, 0x0, 0x0, 0x0, 0x0, 0x7f, 0xff,
    0xfe, 0xff, 0xff, 0xf0, 0x0, 0x0, 0x0, 0x0,
    0x7, 0xff, 0xff, 0xcf, 0xff, 0xff, 0x0, 0x0,
    0x0, 0x0, 0x0, 0x7f, 0xff, 0xfc, 0xff, 0xff,
    0xf0, 0x0, 0x0, 0x0, 0x0, 0xf, 0xff, 0xff,
    0xcf, 0xff, 0xff, 0x0, 0x0, 0x0, 0x0, 0x0,
    0xff, 0xff, 0xfc, 0xff, 0xff, 0xf0, 0x0, 0x0,
    0x0, 0x0, 0x1f, 0xff, 0xff, 0x8f, 0xff, 0xff,
    0x0, 0x0, 0x0, 0x0, 0x3, 0xff, 0xff, 0xf8,
    0xff, 0xff, 0xf0, 0x0, 0x0, 0x0, 0x0, 0x3f,
    0xff, 0xff, 0x8f, 0xff, 0xff, 0x0, 0x0, 0x0,
    0x0, 0x7, 0xff, 0xff, 0xf0, 0xff, 0xff, 0xf0,
    0x0, 0x0, 0x0, 0x0, 0xff, 0xff, 0xff, 0xf,
    0xff, 0xff, 0x0, 0x0, 0x0, 0x0, 0x1f, 0xff,
    0xff, 0xe0, 0xff, 0xff, 0xf0, 0x0, 0x0, 0x0,
    0x3, 0xff, 0xff, 0xfe, 0xf, 0xff, 0xff, 0x0,
    0x0, 0x0, 0x0, 0x7f, 0xff, 0xff, 0xc0, 0xff,
    0xff, 0xf0, 0x0, 0x0, 0x0, 0x1f, 0xff, 0xff,
    0xfc, 0xf, 0xff, 0xff, 0x0, 0x0, 0x0, 0x7,
    0xff, 0xff, 0xff, 0x80, 0xff, 0xff, 0xf0, 0x0,
    0x0, 0x3, 0xff, 0xff, 0xff, 0xf0, 0xf, 0xff,
    0xff, 0x0, 0x0, 0x7, 0xff, 0xff, 0xff, 0xff,
    0x0, 0xff, 0xff, 0xff, 0xff, 0xff, 0xff, 0xff,
    0xff, 0xff, 0xe0, 0xf, 0xff, 0xff, 0xff, 0xff,
    0xff, 0xff, 0xff, 0xff, 0xfc, 0x0, 0xff, 0xff,
    0xff, 0xff, 0xff, 0xff, 0xff, 0xff, 0xff, 0x80,
    0xf, 0xff, 0xff, 0xff, 0xff, 0xff, 0xff, 0xff,
    0xff, 0xf0, 0x0, 0xff, 0xff, 0xff, 0xff, 0xff,
    0xff, 0xff, 0xff, 0xfe, 0x0, 0xf, 0xff, 0xff,
    0xff, 0xff, 0xff, 0xff, 0xff, 0xff, 0xc0, 0x0,
    0xff, 0xff, 0xff, 0xff, 0xff, 0xff, 0xff, 0xff,
    0xf8, 0x0, 0xf, 0xff, 0xff, 0xff, 0xff, 0xff,
    0xff, 0xff, 0xfe, 0x0, 0x0, 0xff, 0xff, 0xff,
    0xff, 0xff, 0xff, 0xff, 0xff, 0xc0, 0x0, 0xf,
    0xff, 0xff, 0xff, 0xff, 0xff, 0xff, 0xff, 0xf0,
    0x0, 0x0, 0x7f, 0xff, 0xff, 0xff, 0xff, 0xff,
    0xff, 0xfc, 0x0, 0x0, 0x7, 0xff, 0xff, 0xff,
    0xff, 0xff, 0xff, 0xff, 0x0, 0x0, 0x0, 0x3f,
    0xff, 0xff, 0xff, 0xff, 0xff, 0xff, 0xc0, 0x0,
    0x0, 0x1, 0xff, 0xff, 0xff, 0xff, 0xff, 0xff,
    0xe0, 0x0, 0x0, 0x0, 0xf, 0xff, 0xff, 0xff,
    0xff, 0xff, 0xe0, 0x0, 0x0, 0x0, 0x0, 0x3f,
    0xff, 0xff, 0xff, 0xff, 0x0, 0x0, 0x0, 0x0,
    0x0,

    /* U+0045 "E" */
    0x1, 0xff, 0xff, 0xff, 0xff, 0xff, 0xff, 0xe0,
    0x1f, 0xff, 0xff, 0xff, 0xff, 0xff, 0xff, 0xf0,
    0x7f, 0xff, 0xff, 0xff, 0xff, 0xff, 0xff, 0xf1,
    0xff, 0xff, 0xff, 0xff, 0xff, 0xff, 0xff, 0xe7,
    0xff, 0xff, 0xff, 0xff, 0xff, 0xff, 0xff, 0xef,
    0xff, 0xff, 0xff, 0xff, 0xff, 0xff, 0xff, 0xff,
    0xff, 0xff, 0xff, 0xff, 0xff, 0xff, 0xff, 0xff,
    0xff, 0xff, 0xff, 0xff, 0xff, 0xff, 0xff, 0xff,
    0xff, 0xff, 0xff, 0xff, 0xff, 0xff, 0xff, 0xff,
    0xff, 0xff, 0xff, 0xff, 0xff, 0xff, 0xff, 0xff,
    0xff, 0xff, 0xff, 0xff, 0xff, 0xff, 0xff, 0xff,
    0xff, 0xff, 0xff, 0xff, 0xff, 0xff, 0xef, 0xff,
    0xff, 0xff, 0xff, 0xff, 0xff, 0xff, 0xdf, 0xff,
    0xff, 0xff, 0xff, 0xff, 0xff, 0xff, 0x3f, 0xff,
    0xff, 0xff, 0xff, 0xff, 0xff, 0xf8, 0x7f, 0xff,
    0xf0, 0x0, 0x0, 0x0, 0x0, 0x0, 0xff, 0xff,
    0xe0, 0x0, 0x0, 0x0, 0x0, 0x1, 0xff, 0xff,
    0xc0, 0x0, 0x0, 0x0, 0x0, 0x3, 0xff, 0xff,
    0x80, 0x0, 0x0, 0x0, 0x0, 0x7, 0xff, 0xff,
    0x0, 0x0, 0x0, 0x0, 0x0, 0xf, 0xff, 0xfe,
    0x0, 0x0, 0x0, 0x0, 0x0, 0x1f, 0xff, 0xfc,
    0x0, 0x0, 0x0, 0x0, 0x0, 0x3f, 0xff, 0xf8,
    0x0, 0x0, 0x0, 0x0, 0x0, 0x7f, 0xff, 0xf0,
    0x0, 0x0, 0x0, 0x0, 0x0, 0xff, 0xff, 0xe0,
    0x0, 0x0, 0x0, 0x0, 0x1, 0xff, 0xff, 0xc0,
    0x0, 0x0, 0x0, 0x0, 0x3, 0xff, 0xff, 0x80,
    0x0, 0x0, 0x0, 0x0, 0x7, 0xff, 0xff, 0x0,
    0x0, 0x0, 0x0, 0x0, 0xf, 0xff, 0xfe, 0x0,
    0x0, 0x0, 0x0, 0x0, 0x1f, 0xff, 0xfc, 0x0,
    0x0, 0x0, 0x0, 0x0, 0x3f, 0xff, 0xf8, 0x0,
    0x0, 0x0, 0x0, 0x0, 0x7f, 0xff, 0xf0, 0x0,
    0x0, 0x0, 0x0, 0x0, 0xff, 0xff, 0xe0, 0x0,
    0x0, 0x0, 0x0, 0x1, 0xff, 0xff, 0xc0, 0x0,
    0x0, 0x0, 0x0, 0x3, 0xff, 0xff, 0x80, 0x0,
    0x0, 0x0, 0x0, 0x7, 0xff, 0xff, 0x0, 0x0,
    0x0, 0x0, 0x0, 0xf, 0xff, 0xfe, 0x0, 0x0,
    0x0, 0x0, 0x0, 0x1f, 0xff, 0xff, 0xff, 0xff,
    0xff, 0xff, 0xe0, 0x3f, 0xff, 0xff, 0xff, 0xff,
    0xff, 0xff, 0xf0, 0x7f, 0xff, 0xff, 0xff, 0xff,
    0xff, 0xff, 0xf0, 0xff, 0xff, 0xff, 0xff, 0xff,
    0xff, 0xff, 0xe1, 0xff, 0xff, 0xff, 0xff, 0xff,
    0xff, 0xff, 0xe3, 0xff, 0xff, 0xff, 0xff, 0xff,
    0xff, 0xff, 0xc7, 0xff, 0xff, 0xff, 0xff, 0xff,
    0xff, 0xff, 0x8f, 0xff, 0xff, 0xff, 0xff, 0xff,
    0xff, 0xff, 0x1f, 0xff, 0xff, 0xff, 0xff, 0xff,
    0xff, 0xfe, 0x3f, 0xff, 0xff, 0xff, 0xff, 0xff,
    0xff, 0xfc, 0x7f, 0xff, 0xff, 0xff, 0xff, 0xff,
    0xff, 0xf8, 0xff, 0xff, 0xff, 0xff, 0xff, 0xff,
    0xff, 0xe1, 0xff, 0xff, 0xff, 0xff, 0xff, 0xff,
    0xff, 0xc3, 0xff, 0xff, 0xff, 0xff, 0xff, 0xff,
    0xff, 0x7, 0xff, 0xff, 0xff, 0xff, 0xff, 0xff,
    0xf8, 0xf, 0xff, 0xfe, 0x0, 0x0, 0x0, 0x0,
    0x0, 0x1f, 0xff, 0xfc, 0x0, 0x0, 0x0, 0x0,
    0x0, 0x3f, 0xff, 0xf8, 0x0, 0x0, 0x0, 0x0,
    0x0, 0x7f, 0xff, 0xf0, 0x0, 0x0, 0x0, 0x0,
    0x0, 0xff, 0xff, 0xe0, 0x0, 0x0, 0x0, 0x0,
    0x1, 0xff, 0xff, 0xc0, 0x0, 0x0, 0x0, 0x0,
    0x3, 0xff, 0xff, 0x80, 0x0, 0x0, 0x0, 0x0,
    0x7, 0xff, 0xff, 0x0, 0x0, 0x0, 0x0, 0x0,
    0xf, 0xff, 0xfe, 0x0, 0x0, 0x0, 0x0, 0x0,
    0x1f, 0xff, 0xfc, 0x0, 0x0, 0x0, 0x0, 0x0,
    0x3f, 0xff, 0xf8, 0x0, 0x0, 0x0, 0x0, 0x0,
    0x7f, 0xff, 0xf0, 0x0, 0x0, 0x0, 0x0, 0x0,
    0xff, 0xff, 0xe0, 0x0, 0x0, 0x0, 0x0, 0x1,
    0xff, 0xff, 0xc0, 0x0, 0x0, 0x0, 0x0, 0x3,
    0xff, 0xff, 0x80, 0x0, 0x0, 0x0, 0x0, 0x7,
    0xff, 0xff, 0x0, 0x0, 0x0, 0x0, 0x0, 0xf,
    0xff, 0xfe, 0x0, 0x0, 0x0, 0x0, 0x0, 0x1f,
    0xff, 0xfc, 0x0, 0x0, 0x0, 0x0, 0x0, 0x3f,
    0xff, 0xf8, 0x0, 0x0, 0x0, 0x0, 0x0, 0x7f,
    0xff, 0xf0, 0x0, 0x0, 0x0, 0x0, 0x0, 0xff,
    0xff, 0xe0, 0x0, 0x0, 0x0, 0x0, 0x1, 0xff,
    0xff, 0xc0, 0x0, 0x0, 0x0, 0x0, 0x3, 0xff,
    0xff, 0x80, 0x0, 0x0, 0x0, 0x0, 0x7, 0xff,
    0xff, 0xff, 0xff, 0xff, 0xff, 0xff, 0xf, 0xff,
    0xff, 0xff, 0xff, 0xff, 0xff, 0xff, 0x9f, 0xff,
    0xff, 0xff, 0xff, 0xff, 0xff, 0xff, 0xbf, 0xff,
    0xff, 0xff, 0xff, 0xff, 0xff, 0xff, 0x7f, 0xff,
    0xff, 0xff, 0xff, 0xff, 0xff, 0xff, 0xff, 0xff,
    0xff, 0xff, 0xff, 0xff, 0xff, 0xff, 0xff, 0xff,
    0xff, 0xff, 0xff, 0xff, 0xff, 0xff, 0xff, 0xff,
    0xff, 0xff, 0xff, 0xff, 0xff, 0xff, 0xff, 0xff,
    0xff, 0xff, 0xff, 0xff, 0xff, 0xf7, 0xff, 0xff,
    0xff, 0xff, 0xff, 0xff, 0xff, 0xef, 0xff, 0xff,
    0xff, 0xff, 0xff, 0xff, 0xff, 0xcf, 0xff, 0xff,
    0xff, 0xff, 0xff, 0xff, 0xff, 0xf, 0xff, 0xff,
    0xff, 0xff, 0xff, 0xff, 0xfe, 0xf, 0xff, 0xff,
    0xff, 0xff, 0xff, 0xff, 0xf8, 0x7, 0xff, 0xff,
    0xff, 0xff, 0xff, 0xff, 0xc0,

    /* U+0046 "F" */
    0x1, 0xff, 0xff, 0xff, 0xff, 0xff, 0xff, 0xc0,
    0x3f, 0xff, 0xff, 0xff, 0xff, 0xff, 0xff, 0xc1,
    0xff, 0xff, 0xff, 0xff, 0xff, 0xff, 0xff, 0x8f,
    0xff, 0xff, 0xff, 0xff, 0xff, 0xff, 0xfe, 0x7f,
    0xff, 0xff, 0xff, 0xff, 0xff, 0xff, 0xfd, 0xff,
    0xff, 0xff, 0xff, 0xff, 0xff, 0xff, 0xff, 0xff,
    0xff, 0xff, 0xff, 0xff, 0xff, 0xff, 0xff, 0xff,
    0xff, 0xff, 0xff, 0xff, 0xff, 0xff, 0xff, 0xff,
    0xff, 0xff, 0xff, 0xff, 0xff, 0xff, 0xff, 0xff,
    0xff, 0xff, 0xff, 0xff, 0xff, 0xff, 0xff, 0xff,
    0xff, 0xff, 0xff, 0xff, 0xff, 0xff, 0xff, 0xff,
    0xff, 0xff, 0xff, 0xff, 0xfe, 0xff, 0xff, 0xff,
    0xff, 0xff, 0xff, 0xff, 0xfb, 0xff, 0xff, 0xff,
    0xff, 0xff, 0xff, 0xff, 0xcf, 0xff, 0xff, 0xff,
    0xff, 0xff, 0xff, 0xfc, 0x3f, 0xff, 0xfc, 0x0,
    0x0, 0x0, 0x0, 0x0, 0xff, 0xff, 0xf0, 0x0,
    0x0, 0x0, 0x0, 0x3, 0xff, 0xff, 0xc0, 0x0,
    0x0, 0x0, 0x0, 0xf, 0xff, 0xff, 0x0, 0x0,
    0x0, 0x0, 0x0, 0x3f, 0xff, 0xfc, 0x0, 0x0,
    0x0, 0x0, 0x0, 0xff, 0xff, 0xf0, 0x0, 0x0,
    0x0, 0x0, 0x3, 0xff, 0xff, 0xc0, 0x0, 0x0,
    0x0, 0x0, 0xf, 0xff, 0xff, 0x0, 0x0, 0x0,
    0x0, 0x0, 0x3f, 0xff, 0xfc, 0x0, 0x0, 0x0,
    0x0, 0x0, 0xff, 0xff, 0xf0, 0x0, 0x0, 0x0,
    0x0, 0x3, 0xff, 0xff, 0xc0, 0x0, 0x0, 0x0,
    0x0, 0xf, 0xff, 0xff, 0x0, 0x0, 0x0, 0x0,
    0x0, 0x3f, 0xff, 0xfc, 0x0, 0x0, 0x0, 0x0,
    0x0, 0xff, 0xff, 0xf0, 0x0, 0x0, 0x0, 0x0,
    0x3, 0xff, 0xff, 0xc0, 0x0, 0x0, 0x0, 0x0,
    0xf, 0xff, 0xff, 0x0, 0x0, 0x0, 0x0, 0x0,
    0x3f, 0xff, 0xfc, 0x0, 0x0, 0x0, 0x0, 0x0,
    0xff, 0xff, 0xf0, 0x0, 0x0, 0x0, 0x0, 0x3,
    0xff, 0xff, 0xc0, 0x0, 0x0, 0x0, 0x0, 0xf,
    0xff, 0xff, 0x0, 0x0, 0x0, 0x0, 0x0, 0x3f,
    0xff, 0xfc, 0x0, 0x0, 0x0, 0x0, 0x0, 0xff,
    0xff, 0xf0, 0x0, 0x0, 0x0, 0x0, 0x3, 0xff,
    0xff, 0xc0, 0x0, 0x0, 0x0, 0x0, 0xf, 0xff,
    0xff, 0xff, 0xff, 0xff, 0xff, 0xe0, 0x3f, 0xff,
    0xff, 0xff, 0xff, 0xff, 0xff, 0xe0, 0xff, 0xff,
    0xff, 0xff, 0xff, 0xff, 0xff, 0xc3, 0xff, 0xff,
    0xff, 0xff, 0xff, 0xff, 0xff, 0x8f, 0xff, 0xff,
    0xff, 0xff, 0xff, 0xff, 0xfe, 0x3f, 0xff, 0xff,
    0xff, 0xff, 0xff, 0xff, 0xf8, 0xff, 0xff, 0xff,
    0xff, 0xff, 0xff, 0xff, 0xe3, 0xff, 0xff, 0xff,
    0xff, 0xff, 0xff, 0xff, 0xcf, 0xff, 0xff, 0xff,
    0xff, 0xff, 0xff, 0xfe, 0x3f, 0xff, 0xff, 0xff,
    0xff, 0xff, 0xff, 0xf8, 0xff, 0xff, 0xff, 0xff,
    0xff, 0xff, 0xff, 0xe3, 0xff, 0xff, 0xff, 0xff,
    0xff, 0xff, 0xff, 0x8f, 0xff, 0xff, 0xff, 0xff,
    0xff, 0xff, 0xfc, 0x3f, 0xff, 0xff, 0xff, 0xff,
    0xff, 0xff, 0xe0, 0xff, 0xff, 0xff, 0xff, 0xff,
    0xff, 0xfe, 0x3, 0xff, 0xff, 0xc0, 0x0, 0x0,
    0x0, 0x0, 0xf, 0xff, 0xff, 0x0, 0x0, 0x0,
    0x0, 0x0, 0x3f, 0xff, 0xfc, 0x0, 0x0, 0x0,
    0x0, 0x0, 0xff, 0xff, 0xf0, 0x0, 0x0, 0x0,
    0x0, 0x3, 0xff, 0xff, 0xc0, 0x0, 0x0, 0x0,
    0x0, 0xf, 0xff, 0xff, 0x0, 0x0, 0x0, 0x0,
    0x0, 0x3f, 0xff, 0xfc, 0x0, 0x0, 0x0, 0x0,
    0x0, 0xff, 0xff, 0xf0, 0x0, 0x0, 0x0, 0x0,
    0x3, 0xff, 0xff, 0xc0, 0x0, 0x0, 0x0, 0x0,
    0xf, 0xff, 0xff, 0x0, 0x0, 0x0, 0x0, 0x0,
    0x3f, 0xff, 0xfc, 0x0, 0x0, 0x0, 0x0, 0x0,
    0xff, 0xff, 0xf0, 0x0, 0x0, 0x0, 0x0, 0x3,
    0xff, 0xff, 0xc0, 0x0, 0x0, 0x0, 0x0, 0xf,
    0xff, 0xff, 0x0, 0x0, 0x0, 0x0, 0x0, 0x3f,
    0xff, 0xfc, 0x0, 0x0, 0x0, 0x0, 0x0, 0xff,
    0xff, 0xf0, 0x0, 0x0, 0x0, 0x0, 0x3, 0xff,
    0xff, 0xc0, 0x0, 0x0, 0x0, 0x0, 0xf, 0xff,
    0xff, 0x0, 0x0, 0x0, 0x0, 0x0, 0x3f, 0xff,
    0xfc, 0x0, 0x0, 0x0, 0x0, 0x0, 0xff, 0xff,
    0xf0, 0x0, 0x0, 0x0, 0x0, 0x3, 0xff, 0xff,
    0xc0, 0x0, 0x0, 0x0, 0x0, 0xf, 0xff, 0xff,
    0x0, 0x0, 0x0, 0x0, 0x0, 0x3f, 0xff, 0xfc,
    0x0, 0x0, 0x0, 0x0, 0x0, 0xff, 0xff, 0xf0,
    0x0, 0x0, 0x0, 0x0, 0x3, 0xff, 0xff, 0xc0,
    0x0, 0x0, 0x0, 0x0, 0xf, 0xff, 0xff, 0x0,
    0x0, 0x0, 0x0, 0x0, 0x3f, 0xff, 0xfc, 0x0,
    0x0, 0x0, 0x0, 0x0, 0xff, 0xff, 0xf0, 0x0,
    0x0, 0x0, 0x0, 0x3, 0xff, 0xff, 0xc0, 0x0,
    0x0, 0x0, 0x0, 0xf, 0xff, 0xff, 0x0, 0x0,
    0x0, 0x0, 0x0, 0x3f, 0xff, 0xfc, 0x0, 0x0,
    0x0, 0x0, 0x0, 0xff, 0xff, 0xf0, 0x0, 0x0,
    0x0, 0x0, 0x1, 0xff, 0xff, 0x80, 0x0, 0x0,
    0x0, 0x0, 0x7, 0xff, 0xfe, 0x0, 0x0, 0x0,
    0x0, 0x0, 0xf, 0xff, 0xf8, 0x0, 0x0, 0x0,
    0x0, 0x0, 0x3f, 0xff, 0xc0, 0x0, 0x0, 0x0,
    0x0, 0x0, 0x7f, 0xfe, 0x0, 0x0, 0x0, 0x0,
    0x0, 0x0, 0x7f, 0xe0, 0x0, 0x0, 0x0, 0x0,
    0x0, 0x0, 0x18, 0x0, 0x0, 0x0, 0x0, 0x0,
    0x0,

    /* U+0047 "G" */
    0x0, 0x0, 0x0, 0x0, 0x0, 0xff, 0xff, 0x0,
    0x0, 0x0, 0x0, 0x0, 0x0, 0x0, 0x3f, 0xff,
    0xff, 0xfc, 0x0, 0x0, 0x0, 0x0, 0x0, 0x1,
    0xff, 0xff, 0xff, 0xff, 0xc0, 0x0, 0x0, 0x0,
    0x0, 0xf, 0xff, 0xff, 0xff, 0xff, 0xf8, 0x0,
    0x0, 0x0, 0x0, 0x7f, 0xff, 0xff, 0xff, 0xff,
    0xfe, 0x0, 0x0, 0x0, 0x1, 0xff, 0xff, 0xff,
    0xff, 0xff, 0xff, 0x80, 0x0, 0x0, 0x7, 0xff,
    0xff, 0xff, 0xff, 0xff, 0xff, 0xe0, 0x0, 0x0,
    0xf, 0xff, 0xff, 0xff, 0xff, 0xff, 0xff, 0xf8,
    0x0, 0x0, 0x3f, 0xff, 0xff, 0xff, 0xff, 0xff,
    0xff, 0xfc, 0x0, 0x0, 0x7f, 0xff, 0xff, 0xff,
    0xff, 0xff, 0xff, 0xfe, 0x0, 0x1, 0xff, 0xff,
    0xff, 0xff, 0xff, 0xff, 0xff, 0xfe, 0x0, 0x3,
    0xff, 0xff, 0xff, 0xff, 0xff, 0xff, 0xff, 0xfe,
    0x0, 0x7, 0xff, 0xff, 0xff, 0xff, 0xff, 0xff,
    0xff, 0xff, 0x0, 0xf, 0xff, 0xff, 0xff, 0xff,
    0xff, 0xff, 0xff, 0xff, 0x0, 0x1f, 0xff, 0xff,
    0xff, 0xff, 0xff, 0xff, 0xff, 0xff, 0x0, 0x3f,
    0xff, 0xff, 0xff, 0xff, 0xff, 0xff, 0xff, 0xff,
    0x0, 0x7f, 0xff, 0xff, 0xff, 0xff, 0xff, 0xff,
    0xff, 0xfe, 0x0, 0x7f, 0xff, 0xff, 0xff, 0xc0,
    0x1, 0xff, 0xff, 0xfe, 0x0, 0xff, 0xff, 0xff,
    0xfc, 0x0, 0x0, 0xf, 0xff, 0xfc, 0x1, 0xff,
    0xff, 0xff, 0xe0, 0x0, 0x0, 0x1, 0xff, 0xfc,
    0x1, 0xff, 0xff, 0xff, 0x80, 0x0, 0x0, 0x0,
    0x3f, 0xf8, 0x3, 0xff, 0xff, 0xfe, 0x0, 0x0,
    0x0, 0x0, 0xf, 0xf0, 0x3, 0xff, 0xff, 0xfc,
    0x0, 0x0, 0x0, 0x0, 0x1, 0x80, 0x7, 0xff,
    0xff, 0xf8, 0x0, 0x0, 0x0, 0x0, 0x0, 0x0,
    0x7, 0xff, 0xff, 0xf0, 0x0, 0x0, 0x0, 0x0,
    0x0, 0x0, 0xf, 0xff, 0xff, 0xe0, 0x0, 0x0,
    0x0, 0x0, 0x0, 0x0, 0xf, 0xff, 0xff, 0xc0,
    0x0, 0x0, 0x0, 0x0, 0x0, 0x0, 0x1f, 0xff,
    0xff, 0xc0, 0x0, 0x0, 0x0, 0x0, 0x0, 0x0,
    0x1f, 0xff, 0xff, 0x80, 0x0, 0x0, 0x0, 0x0,
    0x0, 0x0, 0x1f, 0xff, 0xff, 0x0, 0x0, 0x0,
    0x0, 0x0, 0x0, 0x0, 0x3f, 0xff, 0xff, 0x0,
    0x0, 0x0, 0x0, 0x0, 0x0, 0x0, 0x3f, 0xff,
    0xff, 0x0, 0x0, 0x0, 0x0, 0x0, 0x0, 0x0,
    0x3f, 0xff, 0xfe, 0x0, 0x0, 0x0, 0x0, 0x0,
    0x0, 0x0, 0x7f, 0xff, 0xfe, 0x0, 0x0, 0x0,
    0x0, 0x0, 0x0, 0x0, 0x7f, 0xff, 0xfe, 0x0,
    0x0, 0x0, 0x0, 0x0, 0x0, 0x0, 0x7f, 0xff,
    0xfc, 0x0, 0x0, 0x0, 0x0, 0x0, 0x0, 0x0,
    0x7f, 0xff, 0xfc, 0x0, 0x0, 0x0, 0x0, 0x0,
    0x0, 0x0, 0x7f, 0xff, 0xfc, 0x0, 0x0, 0x0,
    0x0, 0x0, 0x0, 0x0, 0x7f, 0xff, 0xfc, 0x0,
    0x0, 0x0, 0x0, 0x0, 0x0, 0x0, 0xff, 0xff,
    0xf8, 0x0, 0x0, 0x0, 0x0, 0x0, 0x0, 0x0,
    0xff, 0xff, 0xf8, 0x0, 0x0, 0x0, 0x0, 0x0,
    0x0, 0x0, 0xff, 0xff, 0xf8, 0x0, 0x0, 0x0,
    0x0, 0x0, 0x0, 0x0, 0xff, 0xff, 0xf8, 0x0,
    0x0, 0x0, 0x7f, 0xff, 0xff, 0xf0, 0xff, 0xff,
    0xf8, 0x0, 0x0, 0x1, 0xff, 0xff, 0xff, 0xf8,
    0xff, 0xff, 0xf8, 0x0, 0x0, 0x3, 0xff, 0xff,
    0xff, 0xfc, 0xff, 0xff, 0xf8, 0x0, 0x0, 0x7,
    0xff, 0xff, 0xff, 0xfe, 0xff, 0xff, 0xf8, 0x0,
    0x0, 0x7, 0xff, 0xff, 0xff, 0xfe, 0xff, 0xff,
    0xf8, 0x0, 0x0, 0x7, 0xff, 0xff, 0xff, 0xff,
    0xff, 0xff, 0xf8, 0x0, 0x0, 0x7, 0xff, 0xff,
    0xff, 0xff, 0xff, 0xff, 0xf8, 0x0, 0x0, 0x7,
    0xff, 0xff, 0xff, 0xff, 0xff, 0xff, 0xf8, 0x0,
    0x0, 0x7, 0xff, 0xff, 0xff, 0xff, 0xff, 0xff,
    0xf8, 0x0, 0x0, 0x7, 0xff, 0xff, 0xff, 0xff,
    0xff, 0xff, 0xf8, 0x0, 0x0, 0x7, 0xff, 0xff,
    0xff, 0xff, 0xff, 0xff, 0xf8, 0x0, 0x0, 0x3,
    0xff, 0xff, 0xff, 0xff, 0xff, 0xff, 0xfc, 0x0,
    0x0, 0x1, 0xff, 0xff, 0xff, 0xff, 0x7f, 0xff,
    0xfc, 0x0, 0x0, 0x0, 0x7f, 0xff, 0xff, 0xff,
    0x7f, 0xff, 0xfc, 0x0, 0x0, 0x0, 0x0, 0x0,
    0xff, 0xff, 0x7f, 0xff, 0xfc, 0x0, 0x0, 0x0,
    0x0, 0x0, 0xff, 0xff, 0x7f, 0xff, 0xfc, 0x0,
    0x0, 0x0, 0x0, 0x0, 0xff, 0xff, 0x7f, 0xff,
    0xfe, 0x0, 0x0, 0x0, 0x0, 0x0, 0xff, 0xff,
    0x7f, 0xff, 0xfe, 0x0, 0x0, 0x0, 0x0, 0x0,
    0xff, 0xff, 0x3f, 0xff, 0xff, 0x0, 0x0, 0x0,
    0x0, 0x0, 0xff, 0xff, 0x3f, 0xff, 0xff, 0x0,
    0x0, 0x0, 0x0, 0x0, 0xff, 0xff, 0x3f, 0xff,
    0xff, 0x0, 0x0, 0x0, 0x0, 0x0, 0xff, 0xff,
    0x1f, 0xff, 0xff, 0x80, 0x0, 0x0, 0x0, 0x0,
    0xff, 0xff, 0x1f, 0xff, 0xff, 0xc0, 0x0, 0x0,
    0x0, 0x0, 0xff, 0xff, 0x1f, 0xff, 0xff, 0xc0,
    0x0, 0x0, 0x0, 0x0, 0xff, 0xff, 0xf, 0xff,
    0xff, 0xe0, 0x0, 0x0, 0x0, 0x0, 0xff, 0xff,
    0xf, 0xff, 0xff, 0xf0, 0x0, 0x0, 0x0, 0x0,
    0xff, 0xff, 0x7, 0xff, 0xff, 0xf8, 0x0, 0x0,
    0x0, 0x0, 0xff, 0xff, 0x7, 0xff, 0xff, 0xfc,
    0x0, 0x0, 0x0, 0x0, 0xff, 0xff, 0x3, 0xff,
    0xff, 0xfe, 0x0, 0x0, 0x0, 0x0, 0xff, 0xff,
    0x3, 0xff, 0xff, 0xff, 0x80, 0x0, 0x0, 0x0,
    0xff, 0xff, 0x1, 0xff, 0xff, 0xff, 0xe0, 0x0,
    0x0, 0x0, 0xff, 0xff, 0x1, 0xff, 0xff, 0xff,
    0xfc, 0x0, 0x0, 0x7, 0xff, 0xff, 0x0, 0xff,
    0xff, 0xff, 0xff, 0xc0, 0x0, 0xff, 0xff, 0xff,
    0x0, 0x7f, 0xff, 0xff, 0xff, 0xff, 0xff, 0xff,
    0xff, 0xff, 0x0, 0x3f, 0xff, 0xff, 0xff, 0xff,
    0xff, 0xff, 0xff, 0xff, 0x0, 0x3f, 0xff, 0xff,
    0xff, 0xff, 0xff, 0xff, 0xff, 0xff, 0x0, 0x1f,
    0xff, 0xff, 0xff, 0xff, 0xff, 0xff, 0xff, 0xff,
    0x0, 0xf, 0xff, 0xff, 0xff, 0xff, 0xff, 0xff,
    0xff, 0xff, 0x0, 0x7, 0xff, 0xff, 0xff, 0xff,
    0xff, 0xff, 0xff, 0xff, 0x0, 0x1, 0xff, 0xff,
    0xff, 0xff, 0xff, 0xff, 0xff, 0xff, 0x0, 0x0,
    0xff, 0xff, 0xff, 0xff, 0xff, 0xff, 0xff, 0xfe,
    0x0, 0x0, 0x7f, 0xff, 0xff, 0xff, 0xff, 0xff,
    0xff, 0xfe, 0x0, 0x0, 0x1f, 0xff, 0xff, 0xff,
    0xff, 0xff, 0xff, 0xfc, 0x0, 0x0, 0xf, 0xff,
    0xff, 0xff, 0xff, 0xff, 0xff, 0xfc, 0x0, 0x0,
    0x3, 0xff, 0xff, 0xff, 0xff, 0xff, 0xff, 0xf0,
    0x0, 0x0, 0x0, 0xff, 0xff, 0xff, 0xff, 0xff,
    0xff, 0xc0, 0x0, 0x0, 0x0, 0x3f, 0xff, 0xff,
    0xff, 0xff, 0xfe, 0x0, 0x0, 0x0, 0x0, 0x7,
    0xff, 0xff, 0xff, 0xff, 0xe0, 0x0, 0x0, 0x0,
    0x0, 0x0, 0x7f, 0xff, 0xff, 0xfe, 0x0, 0x0,
    0x0, 0x0, 0x0, 0x0, 0x3, 0xff, 0xff, 0x0,
    0x0, 0x0,

    /* U+0048 "H" */
    0x3, 0xfc, 0x0, 0x0, 0x0, 0x0, 0x0, 0x0,
    0xf, 0xf0, 0x3, 0xff, 0xc0, 0x0, 0x0, 0x0,
    0x0, 0x0, 0xf, 0xff, 0x1, 0xff, 0xf8, 0x0,
    0x0, 0x0, 0x0, 0x0, 0x7, 0xff, 0xe0, 0xff,
    0xff, 0x0, 0x0, 0x0, 0x0, 0x0, 0x3, 0xff,
    0xfc, 0x7f, 0xff, 0xe0, 0x0, 0x0, 0x0, 0x0,
    0x1, 0xff, 0xff, 0x9f, 0xff, 0xf8, 0x0, 0x0,
    0x0, 0x0, 0x0, 0x7f, 0xff, 0xef, 0xff, 0xff,
    0x0, 0x0, 0x0, 0x0, 0x0, 0x3f, 0xff, 0xff,
    0xff, 0xff, 0xc0, 0x0, 0x0, 0x0, 0x0, 0xf,
    0xff, 0xff, 0xff, 0xff, 0xf0, 0x0, 0x0, 0x0,
    0x0, 0x3, 0xff, 0xff, 0xff, 0xff, 0xfc, 0x0,
    0x0, 0x0, 0x0, 0x0, 0xff, 0xff, 0xff, 0xff,
    0xff, 0x0, 0x0, 0x0, 0x0, 0x0, 0x3f, 0xff,
    0xff, 0xff, 0xff, 0xc0, 0x0, 0x0, 0x0, 0x0,
    0xf, 0xff, 0xff, 0xff, 0xff, 0xf0, 0x0, 0x0,
    0x0, 0x0, 0x3, 0xff, 0xff, 0xff, 0xff, 0xfc,
    0x0, 0x0, 0x0, 0x0, 0x0, 0xff, 0xff, 0xff,
    0xff, 0xff, 0x0, 0x0, 0x0, 0x0, 0x0, 0x3f,
    0xff, 0xff, 0xff, 0xff, 0xc0, 0x0, 0x0, 0x0,
    0x0, 0xf, 0xff, 0xff, 0xff, 0xff, 0xf0, 0x0,
    0x0, 0x0, 0x0, 0x3, 0xff, 0xff, 0xff, 0xff,
    0xfc, 0x0, 0x0, 0x0, 0x0, 0x0, 0xff, 0xff,
    0xff, 0xff, 0xff, 0x0, 0x0, 0x0, 0x0, 0x0,
    0x3f, 0xff, 0xff, 0xff, 0xff, 0xc0, 0x0, 0x0,
    0x0, 0x0, 0xf, 0xff, 0xff, 0xff, 0xff, 0xf0,
    0x0, 0x0, 0x0, 0x0, 0x3, 0xff, 0xff, 0xff,
    0xff, 0xfc, 0x0, 0x0, 0x0, 0x0, 0x0, 0xff,
    0xff, 0xff, 0xff, 0xff, 0x0, 0x0, 0x0, 0x0,
    0x0, 0x3f, 0xff, 0xff, 0xff, 0xff, 0xc0, 0x0,
    0x0, 0x0, 0x0, 0xf, 0xff, 0xff, 0xff, 0xff,
    0xf0, 0x0, 0x0, 0x0, 0x0, 0x3, 0xff, 0xff,
    0xff, 0xff, 0xfc, 0x0, 0x0, 0x0, 0x0, 0x0,
    0xff, 0xff, 0xff, 0xff, 0xff, 0x0, 0x0, 0x0,
    0x0, 0x0, 0x3f, 0xff, 0xff, 0xff, 0xff, 0xc0,
    0x0, 0x0, 0x0, 0x0, 0xf, 0xff, 0xff, 0xff,
    0xff, 0xf0, 0x0, 0x0, 0x0, 0x0, 0x3, 0xff,
    0xff, 0xff, 0xff, 0xfc, 0x0, 0x0, 0x0, 0x0,
    0x0, 0xff, 0xff, 0xff, 0xff, 0xff, 0x0, 0x0,
    0x0, 0x0, 0x0, 0x3f, 0xff, 0xff, 0xff, 0xff,
    0xc0, 0x0, 0x0, 0x0, 0x0, 0xf, 0xff, 0xff,
    0xff, 0xff, 0xf0, 0x0, 0x0, 0x0, 0x0, 0x3,
    0xff, 0xff, 0xff, 0xff, 0xfc, 0x0, 0x0, 0x0,
    0x0, 0x0, 0xff, 0xff, 0xff, 0xff, 0xff, 0x0,
    0x0, 0x0, 0x0, 0x0, 0x3f, 0xff, 0xff, 0xff,
    0xff, 0xc0, 0x0, 0x0, 0x0, 0x0, 0xf, 0xff,
    0xff, 0xff, 0xff, 0xf0, 0x0, 0x0, 0x0, 0x0,
    0x3, 0xff, 0xff, 0xff, 0xff, 0xff, 0xff, 0xff,
    0xff, 0xff, 0xff, 0xff, 0xff, 0xff, 0xff, 0xff,
    0xff, 0xff, 0xff, 0xff, 0xff, 0xff, 0xff, 0xff,
    0xff, 0xff, 0xff, 0xff, 0xff, 0xff, 0xff, 0xff,
    0xff, 0xff, 0xff, 0xff, 0xff, 0xff, 0xff, 0xff,
    0xff, 0xff, 0xff, 0xff, 0xff, 0xff, 0xff, 0xff,
    0xff, 0xff, 0xff, 0xff, 0xff, 0xff, 0xff, 0xff,
    0xff, 0xff, 0xff, 0xff, 0xff, 0xff, 0xff, 0xff,
    0xff, 0xff, 0xff, 0xff, 0xff, 0xff, 0xff, 0xff,
    0xff, 0xff, 0xff, 0xff, 0xff, 0xff, 0xff, 0xff,
    0xff, 0xff, 0xff, 0xff, 0xff, 0xff, 0xff, 0xff,
    0xff, 0xff, 0xff, 0xff, 0xff, 0xff, 0xff, 0xff,
    0xff, 0xff, 0xff, 0xff, 0xff, 0xff, 0xff, 0xff,
    0xff, 0xff, 0xff, 0xff, 0xff, 0xff, 0xff, 0xff,
    0xff, 0xff, 0xff, 0xff, 0xff, 0xff, 0xff, 0xff,
    0xff, 0xff, 0xff, 0xff, 0xff, 0xff, 0xff, 0xff,
    0xff, 0xff, 0xff, 0xff, 0xff, 0xff, 0xff, 0xff,
    0xff, 0xff, 0xff, 0xff, 0xff, 0xff, 0xff, 0xff,
    0xff, 0xff, 0xff, 0xff, 0xff, 0xff, 0xff, 0xff,
    0xff, 0xff, 0xff, 0xff, 0xff, 0xff, 0xff, 0xff,
    0xff, 0xff, 0xff, 0xff, 0xff, 0xff, 0xff, 0xff,
    0xff, 0xfc, 0x0, 0x0, 0x0, 0x0, 0x0, 0xff,
    0xff, 0xff, 0xff, 0xff, 0x0, 0x0, 0x0, 0x0,
    0x0, 0x3f, 0xff, 0xff, 0xff, 0xff, 0xc0, 0x0,
    0x0, 0x0, 0x0, 0xf, 0xff, 0xff, 0xff, 0xff,
    0xf0, 0x0, 0x0, 0x0, 0x0, 0x3, 0xff, 0xff,
    0xff, 0xff, 0xfc, 0x0, 0x0, 0x0, 0x0, 0x0,
    0xff, 0xff, 0xff, 0xff, 0xff, 0x0, 0x0, 0x0,
    0x0, 0x0, 0x3f, 0xff, 0xff, 0xff, 0xff, 0xc0,
    0x0, 0x0, 0x0, 0x0, 0xf, 0xff, 0xff, 0xff,
    0xff, 0xf0, 0x0, 0x0, 0x0, 0x0, 0x3, 0xff,
    0xff, 0xff, 0xff, 0xfc, 0x0, 0x0, 0x0, 0x0,
    0x0, 0xff, 0xff, 0xff, 0xff, 0xff, 0x0, 0x0,
    0x0, 0x0, 0x0, 0x3f, 0xff, 0xff, 0xff, 0xff,
    0xc0, 0x0, 0x0, 0x0, 0x0, 0xf, 0xff, 0xff,
    0xff, 0xff, 0xf0, 0x0, 0x0, 0x0, 0x0, 0x3,
    0xff, 0xff, 0xff, 0xff, 0xfc, 0x0, 0x0, 0x0,
    0x0, 0x0, 0xff, 0xff, 0xff, 0xff, 0xff, 0x0,
    0x0, 0x0, 0x0, 0x0, 0x3f, 0xff, 0xff, 0xff,
    0xff, 0xc0, 0x0, 0x0, 0x0, 0x0, 0xf, 0xff,
    0xff, 0xff, 0xff, 0xf0, 0x0, 0x0, 0x0, 0x0,
    0x3, 0xff, 0xff, 0xff, 0xff, 0xfc, 0x0, 0x0,
    0x0, 0x0, 0x0, 0xff, 0xff, 0xff, 0xff, 0xff,
    0x0, 0x0, 0x0, 0x0, 0x0, 0x3f, 0xff, 0xff,
    0xff, 0xff, 0xc0, 0x0, 0x0, 0x0, 0x0, 0xf,
    0xff, 0xff, 0xff, 0xff, 0xf0, 0x0, 0x0, 0x0,
    0x0, 0x3, 0xff, 0xff, 0xff, 0xff, 0xfc, 0x0,
    0x0, 0x0, 0x0, 0x0, 0xff, 0xff, 0xff, 0xff,
    0xff, 0x0, 0x0, 0x0, 0x0, 0x0, 0x3f, 0xff,
    0xff, 0xff, 0xff, 0xc0, 0x0, 0x0, 0x0, 0x0,
    0xf, 0xff, 0xff, 0xff, 0xff, 0xf0, 0x0, 0x0,
    0x0, 0x0, 0x3, 0xff, 0xff, 0xff, 0xff, 0xfc,
    0x0, 0x0, 0x0, 0x0, 0x0, 0xff, 0xff, 0xff,
    0xff, 0xff, 0x0, 0x0, 0x0, 0x0, 0x0, 0x3f,
    0xff, 0xff, 0xff, 0xff, 0xc0, 0x0, 0x0, 0x0,
    0x0, 0xf, 0xff, 0xff, 0xff, 0xff, 0xf0, 0x0,
    0x0, 0x0, 0x0, 0x3, 0xff, 0xff, 0xff, 0xff,
    0xfc, 0x0, 0x0, 0x0, 0x0, 0x0, 0xff, 0xff,
    0xff, 0xff, 0xff, 0x0, 0x0, 0x0, 0x0, 0x0,
    0x3f, 0xff, 0xff, 0xff, 0xff, 0xc0, 0x0, 0x0,
    0x0, 0x0, 0xf, 0xff, 0xff, 0xff, 0xff, 0xf0,
    0x0, 0x0, 0x0, 0x0, 0x3, 0xff, 0xff, 0xff,
    0xff, 0xfc, 0x0, 0x0, 0x0, 0x0, 0x0, 0xff,
    0xff, 0xf7, 0xff, 0xfe, 0x0, 0x0, 0x0, 0x0,
    0x0, 0x1f, 0xff, 0xf9, 0xff, 0xff, 0x80, 0x0,
    0x0, 0x0, 0x0, 0x7, 0xff, 0xfe, 0x3f, 0xff,
    0xc0, 0x0, 0x0, 0x0, 0x0, 0x0, 0xff, 0xff,
    0x7, 0xff, 0xe0, 0x0, 0x0, 0x0, 0x0, 0x0,
    0x1f, 0xff, 0x80, 0xff, 0xf0, 0x0, 0x0, 0x0,
    0x0, 0x0, 0x3, 0xff, 0xc0, 0xf, 0xf0, 0x0,
    0x0, 0x0, 0x0, 0x0, 0x0, 0x3f, 0xc0,

    /* U+0049 "I" */
    0x3, 0xfc, 0x0, 0xff, 0xf0, 0x1f, 0xff, 0x83,
    0xff, 0xfc, 0x7f, 0xff, 0xe7, 0xff, 0xfe, 0xff,
    0xff, 0xff, 0xff, 0xff, 0xff, 0xff, 0xff, 0xff,
    0xff, 0xff, 0xff, 0xff, 0xff, 0xff, 0xff, 0xff,
    0xff, 0xff, 0xff, 0xff, 0xff, 0xff, 0xff, 0xff,
    0xff, 0xff, 0xff, 0xff, 0xff, 0xff, 0xff, 0xff,
    0xff, 0xff, 0xff, 0xff, 0xff, 0xff, 0xff, 0xff,
    0xff, 0xff, 0xff, 0xff, 0xff, 0xff, 0xff, 0xff,
    0xff, 0xff, 0xff, 0xff, 0xff, 0xff, 0xff, 0xff,
    0xff, 0xff, 0xff, 0xff, 0xff, 0xff, 0xff, 0xff,
    0xff, 0xff, 0xff, 0xff, 0xff, 0xff, 0xff, 0xff,
    0xff, 0xff, 0xff, 0xff, 0xff, 0xff, 0xff, 0xff,
    0xff, 0xff, 0xff, 0xff, 0xff, 0xff, 0xff, 0xff,
    0xff, 0xff, 0xff, 0xff, 0xff, 0xff, 0xff, 0xff,
    0xff, 0xff, 0xff, 0xff, 0xff, 0xff, 0xff, 0xff,
    0xff, 0xff, 0xff, 0xff, 0xff, 0xff, 0xff, 0xff,
    0xff, 0xff, 0xff, 0xff, 0xff, 0xff, 0xff, 0xff,
    0xff, 0xff, 0xff, 0xff, 0xff, 0xff, 0xff, 0xff,
    0xff, 0xff, 0xff, 0xff, 0xff, 0xff, 0xff, 0xff,
    0xff, 0xff, 0xff, 0xff, 0xff, 0xff, 0xff, 0xff,
    0xff, 0xff, 0xff, 0xff, 0xff, 0xff, 0xff, 0xff,
    0xff, 0xff, 0xff, 0xff, 0xff, 0xff, 0xff, 0xff,
    0xff, 0xff, 0xff, 0xff, 0xff, 0xff, 0xff, 0xff,
    0xff, 0xff, 0xff, 0xff, 0xff, 0xff, 0xff, 0xff,
    0xff, 0xff, 0xff, 0xff, 0xff, 0xff, 0xff, 0xff,
    0xff, 0xff, 0xff, 0xff, 0xff, 0xff, 0xff, 0xff,
    0xff, 0xff, 0xff, 0xff, 0xff, 0xff, 0xff, 0x7f,
    0xff, 0xe7, 0xff, 0xfe, 0x3f, 0xff, 0xc1, 0xff,
    0xf8, 0xf, 0xff, 0x0, 0x3f, 0xc0,

    /* U+004A "J" */
    0x0, 0x0, 0x0, 0x1f, 0xe0, 0x0, 0x0, 0x0,
    0x3f, 0xfc, 0x0, 0x0, 0x0, 0x3f, 0xff, 0x0,
    0x0, 0x0, 0x3f, 0xff, 0xc0, 0x0, 0x0, 0x3f,
    0xff, 0xf0, 0x0, 0x0, 0x1f, 0xff, 0xf8, 0x0,
    0x0, 0x1f, 0xff, 0xfe, 0x0, 0x0, 0xf, 0xff,
    0xff, 0x0, 0x0, 0x7, 0xff, 0xff, 0x80, 0x0,
    0x3, 0xff, 0xff, 0xc0, 0x0, 0x1, 0xff, 0xff,
    0xe0, 0x0, 0x0, 0xff, 0xff, 0xf0, 0x0, 0x0,
    0x7f, 0xff, 0xf8, 0x0, 0x0, 0x3f, 0xff, 0xfc,
    0x0, 0x0, 0x1f, 0xff, 0xfe, 0x0, 0x0, 0xf,
    0xff, 0xff, 0x0, 0x0, 0x7, 0xff, 0xff, 0x80,
    0x0, 0x3, 0xff, 0xff, 0xc0, 0x0, 0x1, 0xff,
    0xff, 0xe0, 0x0, 0x0, 0xff, 0xff, 0xf0, 0x0,
    0x0, 0x7f, 0xff, 0xf8, 0x0, 0x0, 0x3f, 0xff,
    0xfc, 0x0, 0x0, 0x1f, 0xff, 0xfe, 0x0, 0x0,
    0xf, 0xff, 0xff, 0x0, 0x0, 0x7, 0xff, 0xff,
    0x80, 0x0, 0x3, 0xff, 0xff, 0xc0, 0x0, 0x1,
    0xff, 0xff, 0xe0, 0x0, 0x0, 0xff, 0xff, 0xf0,
    0x0, 0x0, 0x7f, 0xff, 0xf8, 0x0, 0x0, 0x3f,
    0xff, 0xfc, 0x0, 0x0, 0x1f, 0xff, 0xfe, 0x0,
    0x0, 0xf, 0xff, 0xff, 0x0, 0x0, 0x7, 0xff,
    0xff, 0x80, 0x0, 0x3, 0xff, 0xff, 0xc0, 0x0,
    0x1, 0xff, 0xff, 0xe0, 0x0, 0x0, 0xff, 0xff,
    0xf0, 0x0, 0x0, 0x7f, 0xff, 0xf8, 0x0, 0x0,
    0x3f, 0xff, 0xfc, 0x0, 0x0, 0x1f, 0xff, 0xfe,
    0x0, 0x0, 0xf, 0xff, 0xff, 0x0, 0x0, 0x7,
    0xff, 0xff, 0x80, 0x0, 0x3, 0xff, 0xff, 0xc0,
    0x0, 0x1, 0xff, 0xff, 0xe0, 0x0, 0x0, 0xff,
    0xff, 0xf0, 0x0, 0x0, 0x7f, 0xff, 0xf8, 0x0,
    0x0, 0x3f, 0xff, 0xfc, 0x0, 0x0, 0x1f, 0xff,
    0xfe, 0x0, 0x0, 0xf, 0xff, 0xff, 0x0, 0x0,
    0x7, 0xff, 0xff, 0x80, 0x0, 0x3, 0xff, 0xff,
    0xc0, 0x0, 0x1, 0xff, 0xff, 0xe0, 0x0, 0x0,
    0xff, 0xff, 0xf0, 0x0, 0x0, 0x7f, 0xff, 0xf8,
    0x0, 0x0, 0x3f, 0xff, 0xfc, 0x0, 0x0, 0x1f,
    0xff, 0xfe, 0x0, 0x0, 0xf, 0xff, 0xff, 0x0,
    0x0, 0x7, 0xff, 0xff, 0x80, 0x0, 0x3, 0xff,
    0xff, 0xc0, 0x0, 0x1, 0xff, 0xff, 0xe0, 0x0,
    0x0, 0xff, 0xff, 0xf0, 0x0, 0x0, 0x7f, 0xff,
    0xf8, 0x0, 0x0, 0x3f, 0xff, 0xfc, 0x0, 0x0,
    0x1f, 0xff, 0xfe, 0x0, 0x0, 0xf, 0xff, 0xff,
    0x0, 0x0, 0x7, 0xff, 0xff, 0x80, 0x0, 0x3,
    0xff, 0xff, 0xc0, 0x0, 0x1, 0xff, 0xff, 0xe0,
    0x0, 0x0, 0xff, 0xff, 0xf0, 0x0, 0x0, 0x7f,
    0xff, 0xf8, 0x0, 0x0, 0x7f, 0xff, 0xfc, 0x0,
    0x0, 0x3f, 0xff, 0xfe, 0x0, 0x0, 0x1f, 0xff,
    0xfe, 0x0, 0x0, 0x1f, 0xff, 0xff, 0x0, 0x0,
    0x1f, 0xff, 0xff, 0x80, 0x0, 0x3f, 0xff, 0xff,
    0xc0, 0x0, 0x7f, 0xff, 0xff, 0xc0, 0xff, 0xff,
    0xff, 0xff, 0xe0, 0xff, 0xff, 0xff, 0xff, 0xf0,
    0xff, 0xff, 0xff, 0xff, 0xf0, 0xff, 0xff, 0xff,
    0xff, 0xf8, 0x7f, 0xff, 0xff, 0xff, 0xf8, 0x3f,
    0xff, 0xff, 0xff, 0xfc, 0x1f, 0xff, 0xff, 0xff,
    0xfc, 0x1f, 0xff, 0xff, 0xff, 0xfc, 0x7, 0xff,
    0xff, 0xff, 0xfc, 0x3, 0xff, 0xff, 0xff, 0xfc,
    0x1, 0xff, 0xff, 0xff, 0xfc, 0x0, 0xff, 0xff,
    0xff, 0xf8, 0x0, 0x3f, 0xff, 0xff, 0xf0, 0x0,
    0xf, 0xff, 0xff, 0xe0, 0x0, 0x3, 0xff, 0xff,
    0x80, 0x0, 0x0, 0x7f, 0xfc, 0x0, 0x0, 0x0,

    /* U+004B "K" */
    0x3, 0xfc, 0x0, 0x0, 0x0, 0x0, 0x0, 0x7,
    0xf0, 0x3, 0xff, 0xc0, 0x0, 0x0, 0x0, 0x0,
    0xf, 0xff, 0x1, 0xff, 0xf8, 0x0, 0x0, 0x0,
    0x0, 0x7, 0xff, 0xe0, 0xff, 0xff, 0x0, 0x0,
    0x0, 0x0, 0x3, 0xff, 0xfc, 0x7f, 0xff, 0xe0,
    0x0, 0x0, 0x0, 0x1, 0xff, 0xff, 0x1f, 0xff,
    0xf8, 0x0, 0x0, 0x0, 0x0, 0xff, 0xff, 0xcf,
    0xff, 0xff, 0x0, 0x0, 0x0, 0x0, 0x7f, 0xff,
    0xf3, 0xff, 0xff, 0xc0, 0x0, 0x0, 0x0, 0x3f,
    0xff, 0xfe, 0xff, 0xff, 0xf0, 0x0, 0x0, 0x0,
    0x1f, 0xff, 0xff, 0x3f, 0xff, 0xfc, 0x0, 0x0,
    0x0, 0xf, 0xff, 0xff, 0xcf, 0xff, 0xff, 0x0,
    0x0, 0x0, 0x7, 0xff, 0xff, 0xf3, 0xff, 0xff,
    0xc0, 0x0, 0x0, 0x3, 0xff, 0xff, 0xf8, 0xff,
    0xff, 0xf0, 0x0, 0x0, 0x1, 0xff, 0xff, 0xfc,
    0x3f, 0xff, 0xfc, 0x0, 0x0, 0x0, 0xff, 0xff,
    0xff, 0xf, 0xff, 0xff, 0x0, 0x0, 0x0, 0x7f,
    0xff, 0xff, 0x83, 0xff, 0xff, 0xc0, 0x0, 0x0,
    0x3f, 0xff, 0xff, 0xc0, 0xff, 0xff, 0xf0, 0x0,
    0x0, 0x1f, 0xff, 0xff, 0xe0, 0x3f, 0xff, 0xfc,
    0x0, 0x0, 0xf, 0xff, 0xff, 0xf0, 0xf, 0xff,
    0xff, 0x0, 0x0, 0x7, 0xff, 0xff, 0xf8, 0x3,
    0xff, 0xff, 0xc0, 0x0, 0x3, 0xff, 0xff, 0xfc,
    0x0, 0xff, 0xff, 0xf0, 0x0, 0x1, 0xff, 0xff,
    0xfe, 0x0, 0x3f, 0xff, 0xfc, 0x0, 0x0, 0xff,
    0xff, 0xff, 0x0, 0xf, 0xff, 0xff, 0x0, 0x0,
    0x7f, 0xff, 0xff, 0x80, 0x3, 0xff, 0xff, 0xc0,
    0x0, 0x3f, 0xff, 0xff, 0xc0, 0x0, 0xff, 0xff,
    0xf0, 0x0, 0x1f, 0xff, 0xff, 0xe0, 0x0, 0x3f,
    0xff, 0xfc, 0x0, 0xf, 0xff, 0xff, 0xf0, 0x0,
    0xf, 0xff, 0xff, 0x0, 0x7, 0xff, 0xff, 0xf8,
    0x0, 0x3, 0xff, 0xff, 0xc0, 0x3, 0xff, 0xff,
    0xfc, 0x0, 0x0, 0xff, 0xff, 0xf0, 0x1, 0xff,
    0xff, 0xfe, 0x0, 0x0, 0x3f, 0xff, 0xfc, 0x0,
    0x7f, 0xff, 0xff, 0x0, 0x0, 0xf, 0xff, 0xff,
    0x0, 0x3f, 0xff, 0xff, 0x80, 0x0, 0x3, 0xff,
    0xff, 0xc0, 0x1f, 0xff, 0xff, 0xc0, 0x0, 0x0,
    0xff, 0xff, 0xf0, 0xf, 0xff, 0xff, 0xe0, 0x0,
    0x0, 0x3f, 0xff, 0xfc, 0x7, 0xff, 0xff, 0xf0,
    0x0, 0x0, 0xf, 0xff, 0xff, 0x3, 0xff, 0xff,
    0xf8, 0x0, 0x0, 0x3, 0xff, 0xff, 0xc1, 0xff,
    0xff, 0xfc, 0x0, 0x0, 0x0, 0xff, 0xff, 0xf0,
    0xff, 0xff, 0xfe, 0x0, 0x0, 0x0, 0x3f, 0xff,
    0xfc, 0x7f, 0xff, 0xff, 0x0, 0x0, 0x0, 0xf,
    0xff, 0xff, 0x3f, 0xff, 0xff, 0x80, 0x0, 0x0,
    0x3, 0xff, 0xff, 0xdf, 0xff, 0xff, 0xc0, 0x0,
    0x0, 0x0, 0xff, 0xff, 0xff, 0xff, 0xff, 0xe0,
    0x0, 0x0, 0x0, 0x3f, 0xff, 0xff, 0xff, 0xff,
    0xf0, 0x0, 0x0, 0x0, 0xf, 0xff, 0xff, 0xff,
    0xff, 0xf8, 0x0, 0x0, 0x0, 0x3, 0xff, 0xff,
    0xff, 0xff, 0xfc, 0x0, 0x0, 0x0, 0x0, 0xff,
    0xff, 0xff, 0xff, 0xff, 0x0, 0x0, 0x0, 0x0,
    0x3f, 0xff, 0xff, 0xff, 0xff, 0xe0, 0x0, 0x0,
    0x0, 0xf, 0xff, 0xff, 0xff, 0xff, 0xfc, 0x0,
    0x0, 0x0, 0x3, 0xff, 0xff, 0xff, 0xff, 0xff,
    0x80, 0x0, 0x0, 0x0, 0xff, 0xff, 0xff, 0xff,
    0xff, 0xf0, 0x0, 0x0, 0x0, 0x3f, 0xff, 0xff,
    0xff, 0xff, 0xfe, 0x0, 0x0, 0x0, 0xf, 0xff,
    0xff, 0x7f, 0xff, 0xff, 0xc0, 0x0, 0x0, 0x3,
    0xff, 0xff, 0xcf, 0xff, 0xff, 0xf8, 0x0, 0x0,
    0x0, 0xff, 0xff, 0xf1, 0xff, 0xff, 0xfe, 0x0,
    0x0, 0x0, 0x3f, 0xff, 0xfc, 0x7f, 0xff, 0xff,
    0xc0, 0x0, 0x0, 0xf, 0xff, 0xff, 0xf, 0xff,
    0xff, 0xf8, 0x0, 0x0, 0x3, 0xff, 0xff, 0xc1,
    0xff, 0xff, 0xff, 0x0, 0x0, 0x0, 0xff, 0xff,
    0xf0, 0x3f, 0xff, 0xff, 0xe0, 0x0, 0x0, 0x3f,
    0xff, 0xfc, 0x7, 0xff, 0xff, 0xfc, 0x0, 0x0,
    0xf, 0xff, 0xff, 0x0, 0xff, 0xff, 0xff, 0x80,
    0x0, 0x3, 0xff, 0xff, 0xc0, 0x1f, 0xff, 0xff,
    0xf0, 0x0, 0x0, 0xff, 0xff, 0xf0, 0x3, 0xff,
    0xff, 0xfe, 0x0, 0x0, 0x3f, 0xff, 0xfc, 0x0,
    0x7f, 0xff, 0xff, 0xc0, 0x0, 0xf, 0xff, 0xff,
    0x0, 0xf, 0xff, 0xff, 0xf8, 0x0, 0x3, 0xff,
    0xff, 0xc0, 0x1, 0xff, 0xff, 0xff, 0x0, 0x0,
    0xff, 0xff, 0xf0, 0x0, 0x3f, 0xff, 0xff, 0xe0,
    0x0, 0x3f, 0xff, 0xfc, 0x0, 0x7, 0xff, 0xff,
    0xfc, 0x0, 0xf, 0xff, 0xff, 0x0, 0x0, 0xff,
    0xff, 0xff, 0x80, 0x3, 0xff, 0xff, 0xc0, 0x0,
    0x1f, 0xff, 0xff, 0xf0, 0x0, 0xff, 0xff, 0xf0,
    0x0, 0x3, 0xff, 0xff, 0xfc, 0x0, 0x3f, 0xff,
    0xfc, 0x0, 0x0, 0x7f, 0xff, 0xff, 0x80, 0xf,
    0xff, 0xff, 0x0, 0x0, 0xf, 0xff, 0xff, 0xf0,
    0x3, 0xff, 0xff, 0xc0, 0x0, 0x1, 0xff, 0xff,
    0xfe, 0x0, 0xff, 0xff, 0xf0, 0x0, 0x0, 0x3f,
    0xff, 0xff, 0xc0, 0x3f, 0xff, 0xfc, 0x0, 0x0,
    0xf, 0xff, 0xff, 0xf8, 0xf, 0xff, 0xff, 0x0,
    0x0, 0x1, 0xff, 0xff, 0xff, 0x3, 0xff, 0xff,
    0xc0, 0x0, 0x0, 0x3f, 0xff, 0xff, 0xe0, 0xff,
    0xff, 0xf0, 0x0, 0x0, 0x7, 0xff, 0xff, 0xfc,
    0x3f, 0xff, 0xfc, 0x0, 0x0, 0x0, 0xff, 0xff,
    0xff, 0x8f, 0xff, 0xff, 0x0, 0x0, 0x0, 0x1f,
    0xff, 0xff, 0xf3, 0xff, 0xff, 0xc0, 0x0, 0x0,
    0x3, 0xff, 0xff, 0xfc, 0xff, 0xff, 0xf0, 0x0,
    0x0, 0x0, 0x7f, 0xff, 0xff, 0xbf, 0xff, 0xfc,
    0x0, 0x0, 0x0, 0xf, 0xff, 0xff, 0xef, 0xff,
    0xff, 0x0, 0x0, 0x0, 0x1, 0xff, 0xff, 0xff,
    0xff, 0xff, 0xc0, 0x0, 0x0, 0x0, 0x3f, 0xff,
    0xff, 0xff, 0xff, 0xf0, 0x0, 0x0, 0x0, 0x7,
    0xff, 0xff, 0xff, 0xff, 0xfc, 0x0, 0x0, 0x0,
    0x0, 0xff, 0xff, 0xf7, 0xff, 0xfe, 0x0, 0x0,
    0x0, 0x0, 0x1f, 0xff, 0xfd, 0xff, 0xff, 0x80,
    0x0, 0x0, 0x0, 0x3, 0xff, 0xfe, 0x3f, 0xff,
    0xc0, 0x0, 0x0, 0x0, 0x0, 0x7f, 0xff, 0x87,
    0xff, 0xe0, 0x0, 0x0, 0x0, 0x0, 0xf, 0xff,
    0xc0, 0xff, 0xf0, 0x0, 0x0, 0x0, 0x0, 0x1,
    0xff, 0xe0, 0xf, 0xf0, 0x0, 0x0, 0x0, 0x0,
    0x0, 0xf, 0xe0,

    /* U+004C "L" */
    0x0, 0x0, 0x0, 0x0, 0x0, 0x0, 0x0, 0x0,
    0xf, 0xfc, 0x0, 0x0, 0x0, 0x0, 0x0, 0x0,
    0x7f, 0xfe, 0x0, 0x0, 0x0, 0x0, 0x0, 0x1,
    0xff, 0xfe, 0x0, 0x0, 0x0, 0x0, 0x0, 0x7,
    0xff, 0xfe, 0x0, 0x0, 0x0, 0x0, 0x0, 0xf,
    0xff, 0xfc, 0x0, 0x0, 0x0, 0x0, 0x0, 0x1f,
    0xff, 0xf8, 0x0, 0x0, 0x0, 0x0, 0x0, 0x7f,
    0xff, 0xf8, 0x0, 0x0, 0x0, 0x0, 0x0, 0xff,
    0xff, 0xf0, 0x0, 0x0, 0x0, 0x0, 0x1, 0xff,
    0xff, 0xe0, 0x0, 0x0, 0x0, 0x0, 0x3, 0xff,
    0xff, 0xc0, 0x0, 0x0, 0x0, 0x0, 0x7, 0xff,
    0xff, 0x80, 0x0, 0x0, 0x0, 0x0, 0xf, 0xff,
    0xff, 0x0, 0x0, 0x0, 0x0, 0x0, 0x1f, 0xff,
    0xfe, 0x0, 0x0, 0x0, 0x0, 0x0, 0x3f, 0xff,
    0xfc, 0x0, 0x0, 0x0, 0x0, 0x0, 0x7f, 0xff,
    0xf8, 0x0, 0x0, 0x0, 0x0, 0x0, 0xff, 0xff,
    0xf0, 0x0, 0x0, 0x0, 0x0, 0x1, 0xff, 0xff,
    0xe0, 0x0, 0x0, 0x0, 0x0, 0x3, 0xff, 0xff,
    0xc0, 0x0, 0x0, 0x0, 0x0, 0x7, 0xff, 0xff,
    0x80, 0x0, 0x0, 0x0, 0x0, 0xf, 0xff, 0xff,
    0x0, 0x0, 0x0, 0x0, 0x0, 0x1f, 0xff, 0xfe,
    0x0, 0x0, 0x0, 0x0, 0x0, 0x3f, 0xff, 0xfc,
    0x0, 0x0, 0x0, 0x0, 0x0, 0x7f, 0xff, 0xf8,
    0x0, 0x0, 0x0, 0x0, 0x0, 0xff, 0xff, 0xf0,
    0x0, 0x0, 0x0, 0x0, 0x1, 0xff, 0xff, 0xe0,
    0x0, 0x0, 0x0, 0x0, 0x3, 0xff, 0xff, 0xc0,
    0x0, 0x0, 0x0, 0x0, 0x7, 0xff, 0xff, 0x80,
    0x0, 0x0, 0x0, 0x0, 0xf, 0xff, 0xff, 0x0,
    0x0, 0x0, 0x0, 0x0, 0x1f, 0xff, 0xfe, 0x0,
    0x0, 0x0, 0x0, 0x0, 0x3f, 0xff, 0xfc, 0x0,
    0x0, 0x0, 0x0, 0x0, 0x7f, 0xff, 0xf8, 0x0,
    0x0, 0x0, 0x0, 0x0, 0xff, 0xff, 0xf0, 0x0,
    0x0, 0x0, 0x0, 0x1, 0xff, 0xff, 0xe0, 0x0,
    0x0, 0x0, 0x0, 0x3, 0xff, 0xff, 0xc0, 0x0,
    0x0, 0x0, 0x0, 0x7, 0xff, 0xff, 0x80, 0x0,
    0x0, 0x0, 0x0, 0xf, 0xff, 0xff, 0x0, 0x0,
    0x0, 0x0, 0x0, 0x1f, 0xff, 0xfe, 0x0, 0x0,
    0x0, 0x0, 0x0, 0x3f, 0xff, 0xfc, 0x0, 0x0,
    0x0, 0x0, 0x0, 0x7f, 0xff, 0xf8, 0x0, 0x0,
    0x0, 0x0, 0x0, 0xff, 0xff, 0xf0, 0x0, 0x0,
    0x0, 0x0, 0x1, 0xff, 0xff, 0xe0, 0x0, 0x0,
    0x0, 0x0, 0x3, 0xff, 0xff, 0xc0, 0x0, 0x0,
    0x0, 0x0, 0x7, 0xff, 0xff, 0x80, 0x0, 0x0,
    0x0, 0x0, 0xf, 0xff, 0xff, 0x0, 0x0, 0x0,
    0x0, 0x0, 0x1f, 0xff, 0xfe, 0x0, 0x0, 0x0,
    0x0, 0x0, 0x3f, 0xff, 0xfc, 0x0, 0x0, 0x0,
    0x0, 0x0, 0x7f, 0xff, 0xf8, 0x0, 0x0, 0x0,
    0x0, 0x0, 0xff, 0xff, 0xf0, 0x0, 0x0, 0x0,
    0x0, 0x1, 0xff, 0xff, 0xe0, 0x0, 0x0, 0x0,
    0x0, 0x3, 0xff, 0xff, 0xc0, 0x0, 0x0, 0x0,
    0x0, 0x7, 0xff, 0xff, 0x80, 0x0, 0x0, 0x0,
    0x0, 0xf, 0xff, 0xff, 0x0, 0x0, 0x0, 0x0,
    0x0, 0x1f, 0xff, 0xfe, 0x0, 0x0, 0x0, 0x0,
    0x0, 0x3f, 0xff, 0xfc, 0x0, 0x0, 0x0, 0x0,
    0x0, 0x7f, 0xff, 0xf8, 0x0, 0x0, 0x0, 0x0,
    0x0, 0xff, 0xff, 0xf0, 0x0, 0x0, 0x0, 0x0,
    0x1, 0xff, 0xff, 0xe0, 0x0, 0x0, 0x0, 0x0,
    0x3, 0xff, 0xff, 0xc0, 0x0, 0x0, 0x0, 0x0,
    0x7, 0xff, 0xff, 0x80, 0x0, 0x0, 0x0, 0x0,
    0xf, 0xff, 0xff, 0x0, 0x0, 0x0, 0x0, 0x0,
    0x1f, 0xff, 0xfe, 0x0, 0x0, 0x0, 0x0, 0x0,
    0x3f, 0xff, 0xfc, 0x0, 0x0, 0x0, 0x0, 0x0,
    0x7f, 0xff, 0xf8, 0x0, 0x0, 0x0, 0x0, 0x0,
    0xff, 0xff, 0xf0, 0x0, 0x0, 0x0, 0x0, 0x1,
    0xff, 0xff, 0xe0, 0x0, 0x0, 0x0, 0x0, 0x3,
    0xff, 0xff, 0xc0, 0x0, 0x0, 0x0, 0x0, 0x7,
    0xff, 0xff, 0x80, 0x0, 0x0, 0x0, 0x0, 0xf,
    0xff, 0xff, 0x0, 0x0, 0x0, 0x0, 0x0, 0x1f,
    0xff, 0xfe, 0x0, 0x0, 0x0, 0x0, 0x0, 0x3f,
    0xff, 0xfc, 0x0, 0x0, 0x0, 0x0, 0x0, 0x7f,
    0xff, 0xf8, 0x0, 0x0, 0x0, 0x0, 0x0, 0xff,
    0xff, 0xf0, 0x0, 0x0, 0x0, 0x0, 0x1, 0xff,
    0xff, 0xe0, 0x0, 0x0, 0x0, 0x0, 0x3, 0xff,
    0xff, 0xc0, 0x0, 0x0, 0x0, 0x0, 0x7, 0xff,
    0xff, 0xff, 0xff, 0xff, 0xff, 0xfe, 0xf, 0xff,
    0xff, 0xff, 0xff, 0xff, 0xff, 0xff, 0x1f, 0xff,
    0xff, 0xff, 0xff, 0xff, 0xff, 0xff, 0x3f, 0xff,
    0xff, 0xff, 0xff, 0xff, 0xff, 0xfe, 0x7f, 0xff,
    0xff, 0xff, 0xff, 0xff, 0xff, 0xfe, 0xff, 0xff,
    0xff, 0xff, 0xff, 0xff, 0xff, 0xfd, 0xff, 0xff,
    0xff, 0xff, 0xff, 0xff, 0xff, 0xfb, 0xff, 0xff,
    0xff, 0xff, 0xff, 0xff, 0xff, 0xf7, 0xff, 0xff,
    0xff, 0xff, 0xff, 0xff, 0xff, 0xef, 0xff, 0xff,
    0xff, 0xff, 0xff, 0xff, 0xff, 0xcf, 0xff, 0xff,
    0xff, 0xff, 0xff, 0xff, 0xff, 0x9f, 0xff, 0xff,
    0xff, 0xff, 0xff, 0xff, 0xff, 0x1f, 0xff, 0xff,
    0xff, 0xff, 0xff, 0xff, 0xfc, 0x1f, 0xff, 0xff,
    0xff, 0xff, 0xff, 0xff, 0xf8, 0x1f, 0xff, 0xff,
    0xff, 0xff, 0xff, 0xff, 0xe0, 0xf, 0xff, 0xff,
    0xff, 0xff, 0xff, 0xff, 0x0,

    /* U+004D "M" */
    0x3, 0xf8, 0x0, 0x0, 0x0, 0x0, 0x0, 0x0,
    0x0, 0x0, 0x7f, 0x0, 0x3f, 0xfc, 0x0, 0x0,
    0x0, 0x0, 0x0, 0x0, 0x0, 0x7, 0xff, 0x83,
    0xff, 0xf8, 0x0, 0x0, 0x0, 0x0, 0x0, 0x0,
    0x0, 0x3f, 0xff, 0xf, 0xff, 0xf0, 0x0, 0x0,
    0x0, 0x0, 0x0, 0x0, 0x1, 0xff, 0xfe, 0x7f,
    0xff, 0xc0, 0x0, 0x0, 0x0, 0x0, 0x0, 0x0,
    0xf, 0xff, 0xf9, 0xff, 0xff, 0x80, 0x0, 0x0,
    0x0, 0x0, 0x0, 0x0, 0x7f, 0xff, 0xef, 0xff,
    0xff, 0x0, 0x0, 0x0, 0x0, 0x0, 0x0, 0x1,
    0xff, 0xff, 0xff, 0xff, 0xfc, 0x0, 0x0, 0x0,
    0x0, 0x0, 0x0, 0xf, 0xff, 0xff, 0xff, 0xff,
    0xf8, 0x0, 0x0, 0x0, 0x0, 0x0, 0x0, 0x3f,
    0xff, 0xff, 0xff, 0xff, 0xe0, 0x0, 0x0, 0x0,
    0x0, 0x0, 0x1, 0xff, 0xff, 0xff, 0xff, 0xff,
    0xc0, 0x0, 0x0, 0x0, 0x0, 0x0, 0x7, 0xff,
    0xff, 0xff, 0xff, 0xff, 0x0, 0x0, 0x0, 0x0,
    0x0, 0x0, 0x3f, 0xff, 0xff, 0xff, 0xff, 0xfe,
    0x0, 0x0, 0x0, 0x0, 0x0, 0x1, 0xff, 0xff,
    0xff, 0xff, 0xff, 0xfc, 0x0, 0x0, 0x0, 0x0,
    0x0, 0x7, 0xff, 0xff, 0xff, 0xff, 0xff, 0xf0,
    0x0, 0x0, 0x0, 0x0, 0x0, 0x3f, 0xff, 0xff,
    0xff, 0xff, 0xff, 0xe0, 0x0, 0x0, 0x0, 0x0,
    0x0, 0xff, 0xff, 0xff, 0xff, 0xff, 0xff, 0x80,
    0x0, 0x0, 0x0, 0x0, 0x7, 0xff, 0xff, 0xff,
    0xff, 0xff, 0xff, 0x0, 0x0, 0x0, 0x0, 0x0,
    0x1f, 0xff, 0xff, 0xff, 0xff, 0xff, 0xfc, 0x0,
    0x0, 0x0, 0x0, 0x0, 0xff, 0xff, 0xff, 0xff,
    0xff, 0xff, 0xf8, 0x0, 0x0, 0x0, 0x0, 0x3,
    0xff, 0xff, 0xff, 0xff, 0xff, 0xff, 0xe0, 0x0,
    0x0, 0x0, 0x0, 0x1f, 0xff, 0xff, 0xff, 0xff,
    0xff, 0xff, 0xc0, 0x0, 0x0, 0x0, 0x0, 0xff,
    0xff, 0xff, 0xff, 0xff, 0xff, 0xff, 0x80, 0x0,
    0x0, 0x0, 0x3, 0xff, 0xff, 0xff, 0xff, 0xff,
    0xff, 0xfe, 0x0, 0x0, 0x0, 0x0, 0x1f, 0xff,
    0xff, 0xff, 0xff, 0xff, 0xff, 0xfc, 0x0, 0x0,
    0x0, 0x0, 0x7f, 0xff, 0xff, 0xff, 0xff, 0xff,
    0xff, 0xf0, 0x0, 0x0, 0x0, 0x3, 0xff, 0xff,
    0xff, 0xff, 0xff, 0xff, 0xff, 0xe0, 0x0, 0x0,
    0x0, 0xf, 0xff, 0xff, 0xff, 0xff, 0xff, 0xff,
    0xff, 0x80, 0x0, 0x0, 0x0, 0x7f, 0xff, 0xff,
    0xff, 0xff, 0xff, 0xff, 0xff, 0x0, 0x0, 0x0,
    0x1, 0xff, 0xff, 0xff, 0xff, 0xff, 0xff, 0xff,
    0xfc, 0x0, 0x0, 0x0, 0xf, 0xff, 0xff, 0xff,
    0xff, 0xff, 0xff, 0xff, 0xf8, 0x0, 0x0, 0x0,
    0x7f, 0xff, 0xff, 0xff, 0xff, 0xff, 0xff, 0xff,
    0xf0, 0x0, 0x0, 0x1, 0xff, 0xff, 0xff, 0xff,
    0xff, 0xff, 0xff, 0xff, 0xc0, 0x0, 0x0, 0xf,
    0xff, 0xff, 0xff, 0xff, 0xff, 0xff, 0xff, 0xff,
    0x80, 0x0, 0x0, 0x3f, 0xff, 0xff, 0xff, 0xff,
    0xff, 0xff, 0xff, 0xfe, 0x0, 0x0, 0x1, 0xff,
    0xff, 0xff, 0xff, 0xff, 0xff, 0xff, 0xff, 0xfc,
    0x0, 0x0, 0x7, 0xff, 0xff, 0xff, 0xff, 0xff,
    0xff, 0xff, 0xff, 0xf0, 0x0, 0x0, 0x3f, 0xff,
    0xff, 0xff, 0xff, 0xff, 0xff, 0xff, 0xff, 0xe0,
    0x0, 0x0, 0xff, 0xff, 0xbf, 0xff, 0xff, 0xff,
    0xfd, 0xff, 0xff, 0x80, 0x0, 0x7, 0xff, 0xfe,
    0xff, 0xff, 0xff, 0xff, 0xf3, 0xff, 0xff, 0x0,
    0x0, 0x3f, 0xff, 0xf3, 0xff, 0xff, 0xff, 0xff,
    0xcf, 0xff, 0xfe, 0x0, 0x0, 0xff, 0xff, 0xcf,
    0xff, 0xff, 0xff, 0xff, 0x1f, 0xff, 0xf8, 0x0,
    0x7, 0xff, 0xfe, 0x3f, 0xff, 0xff, 0xff, 0xfc,
    0x7f, 0xff, 0xf0, 0x0, 0x1f, 0xff, 0xf0, 0xff,
    0xff, 0xff, 0xff, 0xf0, 0xff, 0xff, 0xc0, 0x0,
    0xff, 0xff, 0xc3, 0xff, 0xff, 0xff, 0xff, 0xc3,
    0xff, 0xff, 0x80, 0x3, 0xff, 0xfe, 0xf, 0xff,
    0xff, 0xff, 0xff, 0x7, 0xff, 0xfe, 0x0, 0x1f,
    0xff, 0xf8, 0x3f, 0xff, 0xff, 0xff, 0xfc, 0xf,
    0xff, 0xfc, 0x0, 0x7f, 0xff, 0xc0, 0xff, 0xff,
    0xff, 0xff, 0xf0, 0x3f, 0xff, 0xf0, 0x3, 0xff,
    0xff, 0x3, 0xff, 0xff, 0xff, 0xff, 0xc0, 0x7f,
    0xff, 0xe0, 0xf, 0xff, 0xf8, 0xf, 0xff, 0xff,
    0xff, 0xff, 0x1, 0xff, 0xff, 0xc0, 0x7f, 0xff,
    0xe0, 0x3f, 0xff, 0xff, 0xff, 0xfc, 0x3, 0xff,
    0xff, 0x3, 0xff, 0xff, 0x0, 0xff, 0xff, 0xff,
    0xff, 0xf0, 0xf, 0xff, 0xfe, 0xf, 0xff, 0xf8,
    0x3, 0xff, 0xff, 0xff, 0xff, 0xc0, 0x1f, 0xff,
    0xf8, 0x7f, 0xff, 0xe0, 0xf, 0xff, 0xff, 0xff,
    0xff, 0x0, 0x3f, 0xff, 0xf1, 0xff, 0xff, 0x0,
    0x3f, 0xff, 0xff, 0xff, 0xfc, 0x0, 0xff, 0xff,
    0xcf, 0xff, 0xfc, 0x0, 0xff, 0xff, 0xff, 0xff,
    0xf0, 0x1, 0xff, 0xff, 0xbf, 0xff, 0xe0, 0x3,
    0xff, 0xff, 0xff, 0xff, 0xc0, 0x7, 0xff, 0xff,
    0xff, 0xff, 0x80, 0xf, 0xff, 0xff, 0xff, 0xff,
    0x0, 0xf, 0xff, 0xff, 0xff, 0xfc, 0x0, 0x3f,
    0xff, 0xff, 0xff, 0xfc, 0x0, 0x3f, 0xff, 0xff,
    0xff, 0xe0, 0x0, 0xff, 0xff, 0xff, 0xff, 0xf0,
    0x0, 0x7f, 0xff, 0xff, 0xff, 0x80, 0x3, 0xff,
    0xff, 0xff, 0xff, 0xc0, 0x0, 0xff, 0xff, 0xff,
    0xfc, 0x0, 0xf, 0xff, 0xff, 0xff, 0xff, 0x0,
    0x3, 0xff, 0xff, 0xff, 0xf0, 0x0, 0x3f, 0xff,
    0xff, 0xff, 0xfc, 0x0, 0x7, 0xff, 0xff, 0xff,
    0x80, 0x0, 0xff, 0xff, 0xff, 0xff, 0xf0, 0x0,
    0x1f, 0xff, 0xff, 0xfe, 0x0, 0x3, 0xff, 0xff,
    0xff, 0xff, 0xc0, 0x0, 0x3f, 0xff, 0xff, 0xf0,
    0x0, 0xf, 0xff, 0xff, 0xff, 0xff, 0x0, 0x0,
    0xff, 0xff, 0xff, 0x80, 0x0, 0x3f, 0xff, 0xff,
    0xff, 0xfc, 0x0, 0x1, 0xff, 0xff, 0xfe, 0x0,
    0x0, 0xff, 0xff, 0xff, 0xff, 0xf0, 0x0, 0x3,
    0xff, 0xff, 0xf0, 0x0, 0x3, 0xff, 0xff, 0xff,
    0xff, 0xc0, 0x0, 0xf, 0xff, 0xff, 0xc0, 0x0,
    0xf, 0xff, 0xff, 0xff, 0xff, 0x0, 0x0, 0x1f,
    0xff, 0xfe, 0x0, 0x0, 0x3f, 0xff, 0xff, 0xff,
    0xfc, 0x0, 0x0, 0x7f, 0xff, 0xf8, 0x0, 0x0,
    0xff, 0xff, 0xff, 0xff, 0xf0, 0x0, 0x0, 0xff,
    0xff, 0xc0, 0x0, 0x3, 0xff, 0xff, 0xff, 0xff,
    0xc0, 0x0, 0x3, 0xff, 0xff, 0x0, 0x0, 0xf,
    0xff, 0xff, 0xff, 0xff, 0x0, 0x0, 0x7, 0xff,
    0xf8, 0x0, 0x0, 0x3f, 0xff, 0xff, 0xff, 0xfc,
    0x0, 0x0, 0xf, 0xff, 0xc0, 0x0, 0x0, 0xff,
    0xff, 0xff, 0xff, 0xf0, 0x0, 0x0, 0x3f, 0xff,
    0x0, 0x0, 0x3, 0xff, 0xff, 0xff, 0xff, 0xc0,
    0x0, 0x0, 0x7f, 0xf8, 0x0, 0x0, 0xf, 0xff,
    0xff, 0xff, 0xff, 0x0, 0x0, 0x0, 0x7f, 0x80,
    0x0, 0x0, 0x3f, 0xff, 0xff, 0xff, 0xfc, 0x0,
    0x0, 0x0, 0x10, 0x0, 0x0, 0x0, 0xff, 0xff,
    0xff, 0xff, 0xf0, 0x0, 0x0, 0x0, 0x0, 0x0,
    0x0, 0x3, 0xff, 0xff, 0xff, 0xff, 0xc0, 0x0,
    0x0, 0x0, 0x0, 0x0, 0x0, 0xf, 0xff, 0xff,
    0xff, 0xff, 0x0, 0x0, 0x0, 0x0, 0x0, 0x0,
    0x0, 0x3f, 0xff, 0xff, 0xff, 0xfc, 0x0, 0x0,
    0x0, 0x0, 0x0, 0x0, 0x0, 0xff, 0xff, 0xff,
    0xff, 0xf0, 0x0, 0x0, 0x0, 0x0, 0x0, 0x0,
    0x3, 0xff, 0xff, 0xff, 0xff, 0xc0, 0x0, 0x0,
    0x0, 0x0, 0x0, 0x0, 0xf, 0xff, 0xff, 0xff,
    0xff, 0x0, 0x0, 0x0, 0x0, 0x0, 0x0, 0x0,
    0x3f, 0xff, 0xf7, 0xff, 0xfc, 0x0, 0x0, 0x0,
    0x0, 0x0, 0x0, 0x0, 0x7f, 0xff, 0x9f, 0xff,
    0xe0, 0x0, 0x0, 0x0, 0x0, 0x0, 0x0, 0x1,
    0xff, 0xfe, 0x7f, 0xff, 0x80, 0x0, 0x0, 0x0,
    0x0, 0x0, 0x0, 0x7, 0xff, 0xf8, 0xff, 0xfc,
    0x0, 0x0, 0x0, 0x0, 0x0, 0x0, 0x0, 0xf,
    0xff, 0xc1, 0xff, 0xe0, 0x0, 0x0, 0x0, 0x0,
    0x0, 0x0, 0x0, 0x1f, 0xfe, 0x0, 0xfe, 0x0,
    0x0, 0x0, 0x0, 0x0, 0x0, 0x0, 0x0, 0xf,
    0xc0,

    /* U+004E "N" */
    0x7, 0xf0, 0x0, 0x0, 0x0, 0x0, 0x0, 0x0,
    0x7f, 0x0, 0x3f, 0xf0, 0x0, 0x0, 0x0, 0x0,
    0x0, 0x7, 0xff, 0x3, 0xff, 0xe0, 0x0, 0x0,
    0x0, 0x0, 0x0, 0x7f, 0xff, 0xf, 0xff, 0xc0,
    0x0, 0x0, 0x0, 0x0, 0x1, 0xff, 0xfc, 0x7f,
    0xff, 0x80, 0x0, 0x0, 0x0, 0x0, 0xf, 0xff,
    0xf9, 0xff, 0xff, 0x0, 0x0, 0x0, 0x0, 0x0,
    0x3f, 0xff, 0xef, 0xff, 0xfe, 0x0, 0x0, 0x0,
    0x0, 0x1, 0xff, 0xff, 0xff, 0xff, 0xfc, 0x0,
    0x0, 0x0, 0x0, 0x7, 0xff, 0xff, 0xff, 0xff,
    0xf0, 0x0, 0x0, 0x0, 0x0, 0x1f, 0xff, 0xff,
    0xff, 0xff, 0xe0, 0x0, 0x0, 0x0, 0x0, 0x7f,
    0xff, 0xff, 0xff, 0xff, 0xc0, 0x0, 0x0, 0x0,
    0x1, 0xff, 0xff, 0xff, 0xff, 0xff, 0x80, 0x0,
    0x0, 0x0, 0x7, 0xff, 0xff, 0xff, 0xff, 0xfe,
    0x0, 0x0, 0x0, 0x0, 0x1f, 0xff, 0xff, 0xff,
    0xff, 0xfc, 0x0, 0x0, 0x0, 0x0, 0x7f, 0xff,
    0xff, 0xff, 0xff, 0xf8, 0x0, 0x0, 0x0, 0x1,
    0xff, 0xff, 0xff, 0xff, 0xff, 0xf0, 0x0, 0x0,
    0x0, 0x7, 0xff, 0xff, 0xff, 0xff, 0xff, 0xe0,
    0x0, 0x0, 0x0, 0x1f, 0xff, 0xff, 0xff, 0xff,
    0xff, 0x80, 0x0, 0x0, 0x0, 0x7f, 0xff, 0xff,
    0xff, 0xff, 0xff, 0x0, 0x0, 0x0, 0x1, 0xff,
    0xff, 0xff, 0xff, 0xff, 0xfe, 0x0, 0x0, 0x0,
    0x7, 0xff, 0xff, 0xff, 0xff, 0xff, 0xfc, 0x0,
    0x0, 0x0, 0x1f, 0xff, 0xff, 0xff, 0xff, 0xff,
    0xf0, 0x0, 0x0, 0x0, 0x7f, 0xff, 0xff, 0xff,
    0xff, 0xff, 0xe0, 0x0, 0x0, 0x1, 0xff, 0xff,
    0xff, 0xff, 0xff, 0xff, 0xc0, 0x0, 0x0, 0x7,
    0xff, 0xff, 0xff, 0xff, 0xff, 0xff, 0x80, 0x0,
    0x0, 0x1f, 0xff, 0xff, 0xff, 0xff, 0xff, 0xff,
    0x0, 0x0, 0x0, 0x7f, 0xff, 0xff, 0xff, 0xff,
    0xff, 0xfc, 0x0, 0x0, 0x1, 0xff, 0xff, 0xff,
    0xff, 0xff, 0xff, 0xf8, 0x0, 0x0, 0x7, 0xff,
    0xff, 0xff, 0xff, 0xff, 0xff, 0xf0, 0x0, 0x0,
    0x1f, 0xff, 0xff, 0xff, 0xff, 0xff, 0xff, 0xe0,
    0x0, 0x0, 0x7f, 0xff, 0xff, 0xff, 0xff, 0xff,
    0xff, 0x80, 0x0, 0x1, 0xff, 0xff, 0xff, 0xff,
    0xff, 0xff, 0xff, 0x0, 0x0, 0x7, 0xff, 0xff,
    0xff, 0xff, 0xff, 0xff, 0xfe, 0x0, 0x0, 0x1f,
    0xff, 0xff, 0xff, 0xff, 0xff, 0xff, 0xfc, 0x0,
    0x0, 0x7f, 0xff, 0xff, 0xff, 0xfe, 0xff, 0xff,
    0xf8, 0x0, 0x1, 0xff, 0xff, 0xff, 0xff, 0xfb,
    0xff, 0xff, 0xe0, 0x0, 0x7, 0xff, 0xff, 0xff,
    0xff, 0xe7, 0xff, 0xff, 0xc0, 0x0, 0x1f, 0xff,
    0xff, 0xff, 0xff, 0x8f, 0xff, 0xff, 0x80, 0x0,
    0x7f, 0xff, 0xff, 0xff, 0xfe, 0x1f, 0xff, 0xff,
    0x0, 0x1, 0xff, 0xff, 0xff, 0xff, 0xf8, 0x3f,
    0xff, 0xfc, 0x0, 0x7, 0xff, 0xff, 0xff, 0xff,
    0xe0, 0xff, 0xff, 0xf8, 0x0, 0x1f, 0xff, 0xff,
    0xff, 0xff, 0x81, 0xff, 0xff, 0xf0, 0x0, 0x7f,
    0xff, 0xff, 0xff, 0xfe, 0x3, 0xff, 0xff, 0xe0,
    0x1, 0xff, 0xff, 0xff, 0xff, 0xf8, 0x7, 0xff,
    0xff, 0xc0, 0x7, 0xff, 0xff, 0xff, 0xff, 0xe0,
    0x1f, 0xff, 0xff, 0x0, 0x1f, 0xff, 0xff, 0xff,
    0xff, 0x80, 0x3f, 0xff, 0xfe, 0x0, 0x7f, 0xff,
    0xff, 0xff, 0xfe, 0x0, 0x7f, 0xff, 0xfc, 0x1,
    0xff, 0xff, 0xff, 0xff, 0xf8, 0x0, 0xff, 0xff,
    0xf8, 0x7, 0xff, 0xff, 0xff, 0xff, 0xe0, 0x1,
    0xff, 0xff, 0xf0, 0x1f, 0xff, 0xff, 0xff, 0xff,
    0x80, 0x7, 0xff, 0xff, 0xc0, 0x7f, 0xff, 0xff,
    0xff, 0xfe, 0x0, 0xf, 0xff, 0xff, 0x81, 0xff,
    0xff, 0xff, 0xff, 0xf8, 0x0, 0x1f, 0xff, 0xff,
    0x7, 0xff, 0xff, 0xff, 0xff, 0xe0, 0x0, 0x3f,
    0xff, 0xfe, 0x1f, 0xff, 0xff, 0xff, 0xff, 0x80,
    0x0, 0xff, 0xff, 0xf8, 0x7f, 0xff, 0xff, 0xff,
    0xfe, 0x0, 0x1, 0xff, 0xff, 0xf1, 0xff, 0xff,
    0xff, 0xff, 0xf8, 0x0, 0x3, 0xff, 0xff, 0xe7,
    0xff, 0xff, 0xff, 0xff, 0xe0, 0x0, 0x7, 0xff,
    0xff, 0xdf, 0xff, 0xff, 0xff, 0xff, 0x80, 0x0,
    0xf, 0xff, 0xff, 0xff, 0xff, 0xff, 0xff, 0xfe,
    0x0, 0x0, 0x3f, 0xff, 0xff, 0xff, 0xff, 0xff,
    0xff, 0xf8, 0x0, 0x0, 0x7f, 0xff, 0xff, 0xff,
    0xff, 0xff, 0xff, 0xe0, 0x0, 0x0, 0xff, 0xff,
    0xff, 0xff, 0xff, 0xff, 0xff, 0x80, 0x0, 0x1,
    0xff, 0xff, 0xff, 0xff, 0xff, 0xff, 0xfe, 0x0,
    0x0, 0x7, 0xff, 0xff, 0xff, 0xff, 0xff, 0xff,
    0xf8, 0x0, 0x0, 0xf, 0xff, 0xff, 0xff, 0xff,
    0xff, 0xff, 0xe0, 0x0, 0x0, 0x1f, 0xff, 0xff,
    0xff, 0xff, 0xff, 0xff, 0x80, 0x0, 0x0, 0x3f,
    0xff, 0xff, 0xff, 0xff, 0xff, 0xfe, 0x0, 0x0,
    0x0, 0x7f, 0xff, 0xff, 0xff, 0xff, 0xff, 0xf8,
    0x0, 0x0, 0x1, 0xff, 0xff, 0xff, 0xff, 0xff,
    0xff, 0xe0, 0x0, 0x0, 0x3, 0xff, 0xff, 0xff,
    0xff, 0xff, 0xff, 0x80, 0x0, 0x0, 0x7, 0xff,
    0xff, 0xff, 0xff, 0xff, 0xfe, 0x0, 0x0, 0x0,
    0xf, 0xff, 0xff, 0xff, 0xff, 0xff, 0xf8, 0x0,
    0x0, 0x0, 0x3f, 0xff, 0xff, 0xff, 0xff, 0xff,
    0xe0, 0x0, 0x0, 0x0, 0x7f, 0xff, 0xff, 0xff,
    0xff, 0xff, 0x80, 0x0, 0x0, 0x0, 0xff, 0xff,
    0xff, 0xff, 0xff, 0xfe, 0x0, 0x0, 0x0, 0x1,
    0xff, 0xff, 0xff, 0xff, 0xff, 0xf8, 0x0, 0x0,
    0x0, 0x3, 0xff, 0xff, 0xff, 0xff, 0xff, 0xe0,
    0x0, 0x0, 0x0, 0xf, 0xff, 0xff, 0xff, 0xff,
    0xff, 0x80, 0x0, 0x0, 0x0, 0x1f, 0xff, 0xff,
    0xff, 0xff, 0xfe, 0x0, 0x0, 0x0, 0x0, 0x3f,
    0xff, 0xff, 0xff, 0xff, 0xf8, 0x0, 0x0, 0x0,
    0x0, 0x7f, 0xff, 0xff, 0xff, 0xff, 0xe0, 0x0,
    0x0, 0x0, 0x1, 0xff, 0xff, 0xff, 0xff, 0xff,
    0x80, 0x0, 0x0, 0x0, 0x3, 0xff, 0xff, 0xff,
    0xff, 0xfe, 0x0, 0x0, 0x0, 0x0, 0x7, 0xff,
    0xff, 0xff, 0xff, 0xf8, 0x0, 0x0, 0x0, 0x0,
    0xf, 0xff, 0xff, 0xff, 0xff, 0xe0, 0x0, 0x0,
    0x0, 0x0, 0x1f, 0xff, 0xff, 0xff, 0xff, 0x80,
    0x0, 0x0, 0x0, 0x0, 0x7f, 0xff, 0xf7, 0xff,
    0xfc, 0x0, 0x0, 0x0, 0x0, 0x0, 0xff, 0xff,
    0x9f, 0xff, 0xf0, 0x0, 0x0, 0x0, 0x0, 0x1,
    0xff, 0xfe, 0x3f, 0xff, 0x80, 0x0, 0x0, 0x0,
    0x0, 0x3, 0xff, 0xf8, 0xff, 0xfe, 0x0, 0x0,
    0x0, 0x0, 0x0, 0x7, 0xff, 0xc0, 0xff, 0xe0,
    0x0, 0x0, 0x0, 0x0, 0x0, 0xf, 0xfe, 0x0,
    0xfe, 0x0, 0x0, 0x0, 0x0, 0x0, 0x0, 0xf,
    0xe0,

    /* U+004F "O" */
    0x0, 0x0, 0x0, 0x0, 0x7, 0xff, 0xf0, 0x0,
    0x0, 0x0, 0x0, 0x0, 0x0, 0x0, 0x0, 0x7f,
    0xff, 0xff, 0xc0, 0x0, 0x0, 0x0, 0x0, 0x0,
    0x0, 0x3, 0xff, 0xff, 0xff, 0xfe, 0x0, 0x0,
    0x0, 0x0, 0x0, 0x0, 0x7, 0xff, 0xff, 0xff,
    0xff, 0xc0, 0x0, 0x0, 0x0, 0x0, 0x0, 0xf,
    0xff, 0xff, 0xff, 0xff, 0xfc, 0x0, 0x0, 0x0,
    0x0, 0x0, 0x1f, 0xff, 0xff, 0xff, 0xff, 0xff,
    0x0, 0x0, 0x0, 0x0, 0x0, 0x3f, 0xff, 0xff,
    0xff, 0xff, 0xff, 0xe0, 0x0, 0x0, 0x0, 0x0,
    0x7f, 0xff, 0xff, 0xff, 0xff, 0xff, 0xfc, 0x0,
    0x0, 0x0, 0x0, 0x7f, 0xff, 0xff, 0xff, 0xff,
    0xff, 0xff, 0x0, 0x0, 0x0, 0x0, 0x7f, 0xff,
    0xff, 0xff, 0xff, 0xff, 0xff, 0xc0, 0x0, 0x0,
    0x0, 0xff, 0xff, 0xff, 0xff, 0xff, 0xff, 0xff,
    0xf8, 0x0, 0x0, 0x0, 0xff, 0xff, 0xff, 0xff,
    0xff, 0xff, 0xff, 0xfe, 0x0, 0x0, 0x0, 0xff,
    0xff, 0xff, 0xff, 0xff, 0xff, 0xff, 0xff, 0x80,
    0x0, 0x0, 0xff, 0xff, 0xff, 0xff, 0xff, 0xff,
    0xff, 0xff, 0xe0, 0x0, 0x0, 0x7f, 0xff, 0xff,
    0xff, 0xff, 0xff, 0xff, 0xff, 0xf0, 0x0, 0x0,
    0x7f, 0xff, 0xff, 0xff, 0xff, 0xff, 0xff, 0xff,
    0xfc, 0x0, 0x0, 0x7f, 0xff, 0xff, 0xff, 0xff,
    0xff, 0xff, 0xff, 0xff, 0x0, 0x0, 0x7f, 0xff,
    0xff, 0xff, 0x0, 0x1f, 0xff, 0xff, 0xff, 0xc0,
    0x0, 0x3f, 0xff, 0xff, 0xfc, 0x0, 0x1, 0xff,
    0xff, 0xff, 0xe0, 0x0, 0x3f, 0xff, 0xff, 0xf8,
    0x0, 0x0, 0x1f, 0xff, 0xff, 0xf8, 0x0, 0x3f,
    0xff, 0xff, 0xf0, 0x0, 0x0, 0x7, 0xff, 0xff,
    0xfe, 0x0, 0x1f, 0xff, 0xff, 0xe0, 0x0, 0x0,
    0x0, 0xff, 0xff, 0xff, 0x0, 0x1f, 0xff, 0xff,
    0xe0, 0x0, 0x0, 0x0, 0x3f, 0xff, 0xff, 0xc0,
    0xf, 0xff, 0xff, 0xe0, 0x0, 0x0, 0x0, 0xf,
    0xff, 0xff, 0xe0, 0xf, 0xff, 0xff, 0xe0, 0x0,
    0x0, 0x0, 0x3, 0xff, 0xff, 0xf8, 0x7, 0xff,
    0xff, 0xf0, 0x0, 0x0, 0x0, 0x1, 0xff, 0xff,
    0xfc, 0x7, 0xff, 0xff, 0xf0, 0x0, 0x0, 0x0,
    0x0, 0x7f, 0xff, 0xff, 0x3, 0xff, 0xff, 0xf0,
    0x0, 0x0, 0x0, 0x0, 0x1f, 0xff, 0xff, 0x81,
    0xff, 0xff, 0xf8, 0x0, 0x0, 0x0, 0x0, 0xf,
    0xff, 0xff, 0xc1, 0xff, 0xff, 0xf8, 0x0, 0x0,
    0x0, 0x0, 0x3, 0xff, 0xff, 0xf0, 0xff, 0xff,
    0xfc, 0x0, 0x0, 0x0, 0x0, 0x1, 0xff, 0xff,
    0xf8, 0x7f, 0xff, 0xfc, 0x0, 0x0, 0x0, 0x0,
    0x0, 0x7f, 0xff, 0xfc, 0x3f, 0xff, 0xfe, 0x0,
    0x0, 0x0, 0x0, 0x0, 0x3f, 0xff, 0xfe, 0x3f,
    0xff, 0xff, 0x0, 0x0, 0x0, 0x0, 0x0, 0x1f,
    0xff, 0xff, 0x9f, 0xff, 0xff, 0x0, 0x0, 0x0,
    0x0, 0x0, 0x7, 0xff, 0xff, 0xcf, 0xff, 0xff,
    0x80, 0x0, 0x0, 0x0, 0x0, 0x3, 0xff, 0xff,
    0xe7, 0xff, 0xff, 0xc0, 0x0, 0x0, 0x0, 0x0,
    0x1, 0xff, 0xff, 0xf3, 0xff, 0xff, 0xe0, 0x0,
    0x0, 0x0, 0x0, 0x0, 0xff, 0xff, 0xfb, 0xff,
    0xff, 0xf0, 0x0, 0x0, 0x0, 0x0, 0x0, 0x7f,
    0xff, 0xff, 0xff, 0xff, 0xf0, 0x0, 0x0, 0x0,
    0x0, 0x0, 0x1f, 0xff, 0xff, 0xff, 0xff, 0xf8,
    0x0, 0x0, 0x0, 0x0, 0x0, 0xf, 0xff, 0xff,
    0xff, 0xff, 0xfc, 0x0, 0x0, 0x0, 0x0, 0x0,
    0x7, 0xff, 0xff, 0xff, 0xff, 0xfe, 0x0, 0x0,
    0x0, 0x0, 0x0, 0x3, 0xff, 0xff, 0xff, 0xff,
    0xff, 0x0, 0x0, 0x0, 0x0, 0x0, 0x1, 0xff,
    0xff, 0xff, 0xff, 0xff, 0x80, 0x0, 0x0, 0x0,
    0x0, 0x0, 0xff, 0xff, 0xff, 0xff, 0xff, 0xc0,
    0x0, 0x0, 0x0, 0x0, 0x0, 0x7f, 0xff, 0xff,
    0xff, 0xff, 0xe0, 0x0, 0x0, 0x0, 0x0, 0x0,
    0x3f, 0xff, 0xff, 0xff, 0xff, 0xf0, 0x0, 0x0,
    0x0, 0x0, 0x0, 0x1f, 0xff, 0xff, 0xff, 0xff,
    0xf8, 0x0, 0x0, 0x0, 0x0, 0x0, 0xf, 0xff,
    0xff, 0xff, 0xff, 0xfc, 0x0, 0x0, 0x0, 0x0,
    0x0, 0x7, 0xff, 0xff, 0xff, 0xff, 0xfe, 0x0,
    0x0, 0x0, 0x0, 0x0, 0x3, 0xff, 0xff, 0xff,
    0xff, 0xff, 0x0, 0x0, 0x0, 0x0, 0x0, 0x1,
    0xff, 0xff, 0xff, 0xff, 0xff, 0x80, 0x0, 0x0,
    0x0, 0x0, 0x0, 0xff, 0xff, 0xff, 0xff, 0xff,
    0xc0, 0x0, 0x0, 0x0, 0x0, 0x0, 0x7f, 0xff,
    0xff, 0xff, 0xff, 0xf0, 0x0, 0x0, 0x0, 0x0,
    0x0, 0x7f, 0xff, 0xfc, 0xff, 0xff, 0xf8, 0x0,
    0x0, 0x0, 0x0, 0x0, 0x3f, 0xff, 0xfe, 0x7f,
    0xff, 0xfc, 0x0, 0x0, 0x0, 0x0, 0x0, 0x1f,
    0xff, 0xff, 0x3f, 0xff, 0xfe, 0x0, 0x0, 0x0,
    0x0, 0x0, 0xf, 0xff, 0xff, 0x9f, 0xff, 0xff,
    0x0, 0x0, 0x0, 0x0, 0x0, 0xf, 0xff, 0xff,
    0xcf, 0xff, 0xff, 0xc0, 0x0, 0x0, 0x0, 0x0,
    0x7, 0xff, 0xff, 0xe3, 0xff, 0xff, 0xe0, 0x0,
    0x0, 0x0, 0x0, 0x3, 0xff, 0xff, 0xe1, 0xff,
    0xff, 0xf0, 0x0, 0x0, 0x0, 0x0, 0x3, 0xff,
    0xff, 0xf0, 0xff, 0xff, 0xfc, 0x0, 0x0, 0x0,
    0x0, 0x1, 0xff, 0xff, 0xf8, 0x7f, 0xff, 0xfe,
    0x0, 0x0, 0x0, 0x0, 0x0, 0xff, 0xff, 0xf8,
    0x1f, 0xff, 0xff, 0x80, 0x0, 0x0, 0x0, 0x0,
    0xff, 0xff, 0xfc, 0xf, 0xff, 0xff, 0xc0, 0x0,
    0x0, 0x0, 0x0, 0x7f, 0xff, 0xfe, 0x3, 0xff,
    0xff, 0xf0, 0x0, 0x0, 0x0, 0x0, 0x7f, 0xff,
    0xfe, 0x1, 0xff, 0xff, 0xfc, 0x0, 0x0, 0x0,
    0x0, 0x7f, 0xff, 0xff, 0x0, 0xff, 0xff, 0xfe,
    0x0, 0x0, 0x0, 0x0, 0x7f, 0xff, 0xff, 0x80,
    0x3f, 0xff, 0xff, 0x80, 0x0, 0x0, 0x0, 0x3f,
    0xff, 0xff, 0x80, 0x1f, 0xff, 0xff, 0xe0, 0x0,
    0x0, 0x0, 0x3f, 0xff, 0xff, 0xc0, 0x7, 0xff,
    0xff, 0xf8, 0x0, 0x0, 0x0, 0x7f, 0xff, 0xff,
    0xc0, 0x3, 0xff, 0xff, 0xff, 0x0, 0x0, 0x0,
    0x7f, 0xff, 0xff, 0xe0, 0x0, 0xff, 0xff, 0xff,
    0xe0, 0x0, 0x0, 0xff, 0xff, 0xff, 0xe0, 0x0,
    0x3f, 0xff, 0xff, 0xfc, 0x0, 0x1, 0xff, 0xff,
    0xff, 0xe0, 0x0, 0x1f, 0xff, 0xff, 0xff, 0xc0,
    0x7, 0xff, 0xff, 0xff, 0xf0, 0x0, 0x7, 0xff,
    0xff, 0xff, 0xff, 0xff, 0xff, 0xff, 0xff, 0xf0,
    0x0, 0x1, 0xff, 0xff, 0xff, 0xff, 0xff, 0xff,
    0xff, 0xff, 0xf0, 0x0, 0x0, 0x7f, 0xff, 0xff,
    0xff, 0xff, 0xff, 0xff, 0xff, 0xf0, 0x0, 0x0,
    0x1f, 0xff, 0xff, 0xff, 0xff, 0xff, 0xff, 0xff,
    0xf0, 0x0, 0x0, 0xf, 0xff, 0xff, 0xff, 0xff,
    0xff, 0xff, 0xff, 0xf0, 0x0, 0x0, 0x3, 0xff,
    0xff, 0xff, 0xff, 0xff, 0xff, 0xff, 0xf0, 0x0,
    0x0, 0x0, 0x7f, 0xff, 0xff, 0xff, 0xff, 0xff,
    0xff, 0xf0, 0x0, 0x0, 0x0, 0x1f, 0xff, 0xff,
    0xff, 0xff, 0xff, 0xff, 0xf0, 0x0, 0x0, 0x0,
    0x7, 0xff, 0xff, 0xff, 0xff, 0xff, 0xff, 0xf0,
    0x0, 0x0, 0x0, 0x1, 0xff, 0xff, 0xff, 0xff,
    0xff, 0xff, 0xf0, 0x0, 0x0, 0x0, 0x0, 0x3f,
    0xff, 0xff, 0xff, 0xff, 0xff, 0xe0, 0x0, 0x0,
    0x0, 0x0, 0x7, 0xff, 0xff, 0xff, 0xff, 0xff,
    0xc0, 0x0, 0x0, 0x0, 0x0, 0x0, 0xff, 0xff,
    0xff, 0xff, 0xff, 0x80, 0x0, 0x0, 0x0, 0x0,
    0x0, 0x1f, 0xff, 0xff, 0xff, 0xff, 0x0, 0x0,
    0x0, 0x0, 0x0, 0x0, 0x3, 0xff, 0xff, 0xff,
    0xfc, 0x0, 0x0, 0x0, 0x0, 0x0, 0x0, 0x0,
    0x1f, 0xff, 0xff, 0xf0, 0x0, 0x0, 0x0, 0x0,
    0x0, 0x0, 0x0, 0x0, 0x7f, 0xff, 0x0, 0x0,
    0x0, 0x0, 0x0,

    /* U+0050 "P" */
    0x3, 0xff, 0xff, 0xff, 0xff, 0xff, 0x80, 0x0,
    0x0, 0x7, 0xff, 0xff, 0xff, 0xff, 0xff, 0xfe,
    0x0, 0x0, 0x7, 0xff, 0xff, 0xff, 0xff, 0xff,
    0xff, 0xe0, 0x0, 0x7, 0xff, 0xff, 0xff, 0xff,
    0xff, 0xff, 0xfc, 0x0, 0x7, 0xff, 0xff, 0xff,
    0xff, 0xff, 0xff, 0xff, 0x80, 0x3, 0xff, 0xff,
    0xff, 0xff, 0xff, 0xff, 0xff, 0xe0, 0x3, 0xff,
    0xff, 0xff, 0xff, 0xff, 0xff, 0xff, 0xfc, 0x1,
    0xff, 0xff, 0xff, 0xff, 0xff, 0xff, 0xff, 0xff,
    0x0, 0xff, 0xff, 0xff, 0xff, 0xff, 0xff, 0xff,
    0xff, 0xc0, 0x7f, 0xff, 0xff, 0xff, 0xff, 0xff,
    0xff, 0xff, 0xf0, 0x3f, 0xff, 0xff, 0xff, 0xff,
    0xff, 0xff, 0xff, 0xfc, 0x1f, 0xff, 0xff, 0xff,
    0xff, 0xff, 0xff, 0xff, 0xfe, 0xf, 0xff, 0xff,
    0xff, 0xff, 0xff, 0xff, 0xff, 0xff, 0x87, 0xff,
    0xff, 0xff, 0xff, 0xff, 0xff, 0xff, 0xff, 0xc3,
    0xff, 0xff, 0xff, 0xff, 0xff, 0xff, 0xff, 0xff,
    0xf1, 0xff, 0xff, 0xe0, 0x0, 0x0, 0x3f, 0xff,
    0xff, 0xfc, 0xff, 0xff, 0xf0, 0x0, 0x0, 0x1,
    0xff, 0xff, 0xfe, 0x7f, 0xff, 0xf8, 0x0, 0x0,
    0x0, 0x3f, 0xff, 0xff, 0x3f, 0xff, 0xfc, 0x0,
    0x0, 0x0, 0xf, 0xff, 0xff, 0xdf, 0xff, 0xfe,
    0x0, 0x0, 0x0, 0x3, 0xff, 0xff, 0xef, 0xff,
    0xff, 0x0, 0x0, 0x0, 0x0, 0xff, 0xff, 0xf7,
    0xff, 0xff, 0x80, 0x0, 0x0, 0x0, 0x7f, 0xff,
    0xfb, 0xff, 0xff, 0xc0, 0x0, 0x0, 0x0, 0x1f,
    0xff, 0xff, 0xff, 0xff, 0xe0, 0x0, 0x0, 0x0,
    0xf, 0xff, 0xff, 0xff, 0xff, 0xf0, 0x0, 0x0,
    0x0, 0x3, 0xff, 0xff, 0xff, 0xff, 0xf8, 0x0,
    0x0, 0x0, 0x1, 0xff, 0xff, 0xff, 0xff, 0xfc,
    0x0, 0x0, 0x0, 0x0, 0xff, 0xff, 0xff, 0xff,
    0xfe, 0x0, 0x0, 0x0, 0x0, 0x7f, 0xff, 0xff,
    0xff, 0xff, 0x0, 0x0, 0x0, 0x0, 0x3f, 0xff,
    0xff, 0xff, 0xff, 0x80, 0x0, 0x0, 0x0, 0x1f,
    0xff, 0xff, 0xff, 0xff, 0xc0, 0x0, 0x0, 0x0,
    0xf, 0xff, 0xff, 0xff, 0xff, 0xe0, 0x0, 0x0,
    0x0, 0x7, 0xff, 0xff, 0xff, 0xff, 0xf0, 0x0,
    0x0, 0x0, 0x3, 0xff, 0xff, 0xff, 0xff, 0xf8,
    0x0, 0x0, 0x0, 0x3, 0xff, 0xff, 0xff, 0xff,
    0xfc, 0x0, 0x0, 0x0, 0x1, 0xff, 0xff, 0xff,
    0xff, 0xfe, 0x0, 0x0, 0x0, 0x1, 0xff, 0xff,
    0xef, 0xff, 0xff, 0x0, 0x0, 0x0, 0x0, 0xff,
    0xff, 0xf7, 0xff, 0xff, 0x80, 0x0, 0x0, 0x0,
    0xff, 0xff, 0xfb, 0xff, 0xff, 0xc0, 0x0, 0x0,
    0x0, 0xff, 0xff, 0xfd, 0xff, 0xff, 0xe0, 0x0,
    0x0, 0x0, 0xff, 0xff, 0xfc, 0xff, 0xff, 0xf0,
    0x0, 0x0, 0x1, 0xff, 0xff, 0xfe, 0x7f, 0xff,
    0xf8, 0x0, 0x0, 0x7, 0xff, 0xff, 0xfe, 0x3f,
    0xff, 0xff, 0xff, 0xff, 0xff, 0xff, 0xff, 0xff,
    0x1f, 0xff, 0xff, 0xff, 0xff, 0xff, 0xff, 0xff,
    0xff, 0x8f, 0xff, 0xff, 0xff, 0xff, 0xff, 0xff,
    0xff, 0xff, 0x87, 0xff, 0xff, 0xff, 0xff, 0xff,
    0xff, 0xff, 0xff, 0x83, 0xff, 0xff, 0xff, 0xff,
    0xff, 0xff, 0xff, 0xff, 0xc1, 0xff, 0xff, 0xff,
    0xff, 0xff, 0xff, 0xff, 0xff, 0xc0, 0xff, 0xff,
    0xff, 0xff, 0xff, 0xff, 0xff, 0xff, 0xc0, 0x7f,
    0xff, 0xff, 0xff, 0xff, 0xff, 0xff, 0xff, 0xc0,
    0x3f, 0xff, 0xff, 0xff, 0xff, 0xff, 0xff, 0xff,
    0xc0, 0x1f, 0xff, 0xff, 0xff, 0xff, 0xff, 0xff,
    0xff, 0x80, 0xf, 0xff, 0xff, 0xff, 0xff, 0xff,
    0xff, 0xff, 0x80, 0x7, 0xff, 0xff, 0xff, 0xff,
    0xff, 0xff, 0xff, 0x0, 0x3, 0xff, 0xff, 0xff,
    0xff, 0xff, 0xff, 0xfc, 0x0, 0x1, 0xff, 0xff,
    0xff, 0xff, 0xff, 0xff, 0xf0, 0x0, 0x0, 0xff,
    0xff, 0xff, 0xff, 0xff, 0xff, 0x80, 0x0, 0x0,
    0x7f, 0xff, 0xf8, 0x0, 0x0, 0x0, 0x0, 0x0,
    0x0, 0x3f, 0xff, 0xfc, 0x0, 0x0, 0x0, 0x0,
    0x0, 0x0, 0x1f, 0xff, 0xfe, 0x0, 0x0, 0x0,
    0x0, 0x0, 0x0, 0xf, 0xff, 0xff, 0x0, 0x0,
    0x0, 0x0, 0x0, 0x0, 0x7, 0xff, 0xff, 0x80,
    0x0, 0x0, 0x0, 0x0, 0x0, 0x3, 0xff, 0xff,
    0xc0, 0x0, 0x0, 0x0, 0x0, 0x0, 0x1, 0xff,
    0xff, 0xe0, 0x0, 0x0, 0x0, 0x0, 0x0, 0x0,
    0xff, 0xff, 0xf0, 0x0, 0x0, 0x0, 0x0, 0x0,
    0x0, 0x7f, 0xff, 0xf8, 0x0, 0x0, 0x0, 0x0,
    0x0, 0x0, 0x3f, 0xff, 0xfc, 0x0, 0x0, 0x0,
    0x0, 0x0, 0x0, 0x1f, 0xff, 0xfe, 0x0, 0x0,
    0x0, 0x0, 0x0, 0x0, 0xf, 0xff, 0xff, 0x0,
    0x0, 0x0, 0x0, 0x0, 0x0, 0x7, 0xff, 0xff,
    0x80, 0x0, 0x0, 0x0, 0x0, 0x0, 0x3, 0xff,
    0xff, 0xc0, 0x0, 0x0, 0x0, 0x0, 0x0, 0x1,
    0xff, 0xff, 0xe0, 0x0, 0x0, 0x0, 0x0, 0x0,
    0x0, 0xff, 0xff, 0xf0, 0x0, 0x0, 0x0, 0x0,
    0x0, 0x0, 0x7f, 0xff, 0xf8, 0x0, 0x0, 0x0,
    0x0, 0x0, 0x0, 0x3f, 0xff, 0xfc, 0x0, 0x0,
    0x0, 0x0, 0x0, 0x0, 0x1f, 0xff, 0xfe, 0x0,
    0x0, 0x0, 0x0, 0x0, 0x0, 0xf, 0xff, 0xff,
    0x0, 0x0, 0x0, 0x0, 0x0, 0x0, 0x7, 0xff,
    0xff, 0x80, 0x0, 0x0, 0x0, 0x0, 0x0, 0x3,
    0xff, 0xff, 0xc0, 0x0, 0x0, 0x0, 0x0, 0x0,
    0x1, 0xff, 0xff, 0xe0, 0x0, 0x0, 0x0, 0x0,
    0x0, 0x0, 0xff, 0xff, 0xf0, 0x0, 0x0, 0x0,
    0x0, 0x0, 0x0, 0x7f, 0xff, 0xf8, 0x0, 0x0,
    0x0, 0x0, 0x0, 0x0, 0x3f, 0xff, 0xfc, 0x0,
    0x0, 0x0, 0x0, 0x0, 0x0, 0x1f, 0xff, 0xfe,
    0x0, 0x0, 0x0, 0x0, 0x0, 0x0, 0x7, 0xff,
    0xfe, 0x0, 0x0, 0x0, 0x0, 0x0, 0x0, 0x3,
    0xff, 0xff, 0x0, 0x0, 0x0, 0x0, 0x0, 0x0,
    0x0, 0xff, 0xff, 0x0, 0x0, 0x0, 0x0, 0x0,
    0x0, 0x0, 0x7f, 0xff, 0x80, 0x0, 0x0, 0x0,
    0x0, 0x0, 0x0, 0x1f, 0xff, 0x80, 0x0, 0x0,
    0x0, 0x0, 0x0, 0x0, 0x3, 0xff, 0x0, 0x0,
    0x0, 0x0, 0x0, 0x0, 0x0, 0x0, 0x18, 0x0,
    0x0, 0x0, 0x0, 0x0, 0x0, 0x0, 0x0,

    /* U+0051 "Q" */
    0x0, 0x0, 0x0, 0x0, 0x7, 0xff, 0xf0, 0x0,
    0x0, 0x0, 0x0, 0x0, 0x0, 0x0, 0x0, 0x7f,
    0xff, 0xff, 0xc0, 0x0, 0x0, 0x0, 0x0, 0x0,
    0x0, 0x3, 0xff, 0xff, 0xff, 0xfe, 0x0, 0x0,
    0x0, 0x0, 0x0, 0x0, 0x7, 0xff, 0xff, 0xff,
    0xff, 0xc0, 0x0, 0x0, 0x0, 0x0, 0x0, 0xf,
    0xff, 0xff, 0xff, 0xff, 0xfc, 0x0, 0x0, 0x0,
    0x0, 0x0, 0x1f, 0xff, 0xff, 0xff, 0xff, 0xff,
    0x0, 0x0, 0x0, 0x0, 0x0, 0x3f, 0xff, 0xff,
    0xff, 0xff, 0xff, 0xe0, 0x0, 0x0, 0x0, 0x0,
    0x7f, 0xff, 0xff, 0xff, 0xff, 0xff, 0xfc, 0x0,
    0x0, 0x0, 0x0, 0x7f, 0xff, 0xff, 0xff, 0xff,
    0xff, 0xff, 0x0, 0x0, 0x0, 0x0, 0x7f, 0xff,
    0xff, 0xff, 0xff, 0xff, 0xff, 0xc0, 0x0, 0x0,
    0x0, 0xff, 0xff, 0xff, 0xff, 0xff, 0xff, 0xff,
    0xf8, 0x0, 0x0, 0x0, 0xff, 0xff, 0xff, 0xff,
    0xff, 0xff, 0xff, 0xfe, 0x0, 0x0, 0x0, 0xff,
    0xff, 0xff, 0xff, 0xff, 0xff, 0xff, 0xff, 0x80,
    0x0, 0x0, 0xff, 0xff, 0xff, 0xff, 0xff, 0xff,
    0xff, 0xff, 0xe0, 0x0, 0x0, 0x7f, 0xff, 0xff,
    0xff, 0xff, 0xff, 0xff, 0xff, 0xf0, 0x0, 0x0,
    0x7f, 0xff, 0xff, 0xff, 0xff, 0xff, 0xff, 0xff,
    0xfc, 0x0, 0x0, 0x7f, 0xff, 0xff, 0xff, 0xff,
    0xff, 0xff, 0xff, 0xff, 0x0, 0x0, 0x7f, 0xff,
    0xff, 0xff, 0x0, 0x1f, 0xff, 0xff, 0xff, 0xc0,
    0x0, 0x3f, 0xff, 0xff, 0xfc, 0x0, 0x1, 0xff,
    0xff, 0xff, 0xe0, 0x0, 0x3f, 0xff, 0xff, 0xf8,
    0x0, 0x0, 0x1f, 0xff, 0xff, 0xf8, 0x0, 0x3f,
    0xff, 0xff, 0xf0, 0x0, 0x0, 0x7, 0xff, 0xff,
    0xfe, 0x0, 0x1f, 0xff, 0xff, 0xe0, 0x0, 0x0,
    0x0, 0xff, 0xff, 0xff, 0x0, 0x1f, 0xff, 0xff,
    0xe0, 0x0, 0x0, 0x0, 0x3f, 0xff, 0xff, 0xc0,
    0xf, 0xff, 0xff, 0xe0, 0x0, 0x0, 0x0, 0xf,
    0xff, 0xff, 0xe0, 0xf, 0xff, 0xff, 0xe0, 0x0,
    0x0, 0x0, 0x3, 0xff, 0xff, 0xf8, 0x7, 0xff,
    0xff, 0xf0, 0x0, 0x0, 0x0, 0x1, 0xff, 0xff,
    0xfc, 0x7, 0xff, 0xff, 0xf0, 0x0, 0x0, 0x0,
    0x0, 0x7f, 0xff, 0xff, 0x3, 0xff, 0xff, 0xf0,
    0x0, 0x0, 0x0, 0x0, 0x1f, 0xff, 0xff, 0x81,
    0xff, 0xff, 0xf8, 0x0, 0x0, 0x0, 0x0, 0xf,
    0xff, 0xff, 0xc1, 0xff, 0xff, 0xf8, 0x0, 0x0,
    0x0, 0x0, 0x3, 0xff, 0xff, 0xf0, 0xff, 0xff,
    0xfc, 0x0, 0x0, 0x0, 0x0, 0x1, 0xff, 0xff,
    0xf8, 0x7f, 0xff, 0xfc, 0x0, 0x0, 0x0, 0x0,
    0x0, 0x7f, 0xff, 0xfc, 0x3f, 0xff, 0xfe, 0x0,
    0x0, 0x0, 0x0, 0x0, 0x3f, 0xff, 0xfe, 0x3f,
    0xff, 0xff, 0x0, 0x0, 0x0, 0x0, 0x0, 0x1f,
    0xff, 0xff, 0x9f, 0xff, 0xff, 0x0, 0x0, 0x0,
    0x0, 0x0, 0x7, 0xff, 0xff, 0xcf, 0xff, 0xff,
    0x80, 0x0, 0x0, 0x0, 0x0, 0x3, 0xff, 0xff,
    0xe7, 0xff, 0xff, 0xc0, 0x0, 0x0, 0x0, 0x0,
    0x1, 0xff, 0xff, 0xf3, 0xff, 0xff, 0xe0, 0x0,
    0x0, 0x0, 0x0, 0x0, 0xff, 0xff, 0xfb, 0xff,
    0xff, 0xf0, 0x0, 0x0, 0x0, 0x0, 0x0, 0x7f,
    0xff, 0xff, 0xff, 0xff, 0xf0, 0x0, 0x0, 0x0,
    0x0, 0x0, 0x1f, 0xff, 0xff, 0xff, 0xff, 0xf8,
    0x0, 0x0, 0x0, 0x0, 0x0, 0xf, 0xff, 0xff,
    0xff, 0xff, 0xfc, 0x0, 0x0, 0x0, 0x0, 0x0,
    0x7, 0xff, 0xff, 0xff, 0xff, 0xfe, 0x0, 0x0,
    0x0, 0x0, 0x0, 0x3, 0xff, 0xff, 0xff, 0xff,
    0xff, 0x0, 0x0, 0x0, 0x0, 0x0, 0x1, 0xff,
    0xff, 0xff, 0xff, 0xff, 0x80, 0x0, 0x0, 0x0,
    0x0, 0x0, 0xff, 0xff, 0xff, 0xff, 0xff, 0xc0,
    0x0, 0x0, 0x0, 0x0, 0x0, 0x7f, 0xff, 0xff,
    0xff, 0xff, 0xe0, 0x0, 0x0, 0x0, 0x0, 0x0,
    0x3f, 0xff, 0xff, 0xff, 0xff, 0xf0, 0x0, 0x0,
    0x0, 0x0, 0x0, 0x1f, 0xff, 0xff, 0xff, 0xff,
    0xf8, 0x0, 0x0, 0x0, 0x0, 0x0, 0xf, 0xff,
    0xff, 0xff, 0xff, 0xfc, 0x0, 0x0, 0x0, 0x0,
    0x0, 0x7, 0xff, 0xff, 0xff, 0xff, 0xfe, 0x0,
    0x0, 0x0, 0x0, 0x0, 0x3, 0xff, 0xff, 0xff,
    0xff, 0xff, 0x0, 0x0, 0x0, 0x0, 0x0, 0x1,
    0xff, 0xff, 0xff, 0xff, 0xff, 0x80, 0x0, 0x0,
    0x0, 0x0, 0x0, 0xff, 0xff, 0xff, 0xff, 0xff,
    0xc0, 0x0, 0x0, 0x0, 0x0, 0x0, 0x7f, 0xff,
    0xff, 0xff, 0xff, 0xf0, 0x0, 0x0, 0x0, 0x0,
    0x0, 0x7f, 0xff, 0xfc, 0xff, 0xff, 0xf8, 0x0,
    0x0, 0x0, 0x0, 0x0, 0x3f, 0xff, 0xfe, 0x7f,
    0xff, 0xfc, 0x0, 0x0, 0x0, 0x0, 0x0, 0x1f,
    0xff, 0xff, 0x3f, 0xff, 0xfe, 0x0, 0x0, 0x0,
    0x0, 0x0, 0xf, 0xff, 0xff, 0x9f, 0xff, 0xff,
    0x0, 0x0, 0x0, 0x0, 0x0, 0xf, 0xff, 0xff,
    0xcf, 0xff, 0xff, 0xc0, 0x0, 0x0, 0x0, 0x0,
    0x7, 0xff, 0xff, 0xe3, 0xff, 0xff, 0xe0, 0x0,
    0x0, 0x0, 0x0, 0x3, 0xff, 0xff, 0xe1, 0xff,
    0xff, 0xf0, 0x0, 0x0, 0x0, 0x0, 0x3, 0xff,
    0xff, 0xf0, 0xff, 0xff, 0xfc, 0x0, 0x0, 0x0,
    0x0, 0x1, 0xff, 0xff, 0xf8, 0x7f, 0xff, 0xfe,
    0x0, 0x0, 0x0, 0x0, 0x0, 0xff, 0xff, 0xf8,
    0x1f, 0xff, 0xff, 0x80, 0x0, 0x0, 0x0, 0x0,
    0xff, 0xff, 0xfc, 0xf, 0xff, 0xff, 0xc0, 0x0,
    0x0, 0x0, 0x0, 0x7f, 0xff, 0xfe, 0x3, 0xff,
    0xff, 0xf0, 0x0, 0x0, 0x0, 0x0, 0x7f, 0xff,
    0xfe, 0x1, 0xff, 0xff, 0xfc, 0x0, 0x0, 0x0,
    0x0, 0x7f, 0xff, 0xff, 0x0, 0xff, 0xff, 0xfe,
    0x0, 0x0, 0x0, 0x0, 0x7f, 0xff, 0xff, 0x80,
    0x3f, 0xff, 0xff, 0x80, 0x0, 0x0, 0x0, 0x3f,
    0xff, 0xff, 0x80, 0x1f, 0xff, 0xff, 0xe0, 0x0,
    0x0, 0x0, 0x3f, 0xff, 0xff, 0xc0, 0x7, 0xff,
    0xff, 0xf8, 0x0, 0x0, 0x0, 0x7f, 0xff, 0xff,
    0xc0, 0x3, 0xff, 0xff, 0xff, 0x0, 0x0, 0x0,
    0x7f, 0xff, 0xff, 0xe0, 0x0, 0xff, 0xff, 0xff,
    0xe0, 0x0, 0x0, 0xff, 0xff, 0xff, 0xe0, 0x0,
    0x3f, 0xff, 0xff, 0xfc, 0x0, 0x1, 0xff, 0xff,
    0xff, 0xe0, 0x0, 0x1f, 0xff, 0xff, 0xff, 0xc0,
    0x7, 0xff, 0xff, 0xff, 0xf0, 0x0, 0x7, 0xff,
    0xff, 0xff, 0xff, 0xff, 0xff, 0xff, 0xff, 0xf0,
    0x0, 0x1, 0xff, 0xff, 0xff, 0xff, 0xff, 0xff,
    0xff, 0xff, 0xf0, 0x0, 0x0, 0x7f, 0xff, 0xff,
    0xff, 0xff, 0xff, 0xff, 0xff, 0xf0, 0x0, 0x0,
    0x1f, 0xff, 0xff, 0xff, 0xff, 0xff, 0xff, 0xff,
    0xf0, 0x0, 0x0, 0xf, 0xff, 0xff, 0xff, 0xff,
    0xff, 0xff, 0xff, 0xf0, 0x0, 0x0, 0x3, 0xff,
    0xff, 0xff, 0xff, 0xff, 0xff, 0xff, 0xf0, 0x0,
    0x0, 0x0, 0x7f, 0xff, 0xff, 0xff, 0xff, 0xff,
    0xff, 0xf0, 0x0, 0x0, 0x0, 0x1f, 0xff, 0xff,
    0xff, 0xff, 0xff, 0xff, 0xf0, 0x0, 0x0, 0x0,
    0x7, 0xff, 0xff, 0xff, 0xff, 0xff, 0xff, 0xf0,
    0x0, 0x0, 0x0, 0x1, 0xff, 0xff, 0xff, 0xff,
    0xff, 0xff, 0xf0, 0x0, 0x0, 0x0, 0x0, 0x3f,
    0xff, 0xff, 0xff, 0xff, 0xff, 0xe0, 0x0, 0x0,
    0x0, 0x0, 0x7, 0xff, 0xff, 0xff, 0xff, 0xff,
    0xc0, 0x0, 0x0, 0x0, 0x0, 0x0, 0xff, 0xff,
    0xff, 0xff, 0xff, 0xe0, 0x0, 0x0, 0x0, 0x0,
    0x0, 0x1f, 0xff, 0xff, 0xff, 0xff, 0xfc, 0x0,
    0x0, 0x0, 0x0, 0x0, 0x3, 0xff, 0xff, 0xff,
    0xff, 0xff, 0x80, 0x0, 0x0, 0x0, 0x0, 0x0,
    0x1f, 0xff, 0xff, 0xff, 0xff, 0xe0, 0x0, 0x0,
    0x0, 0x0, 0x0, 0x0, 0x7f, 0xff, 0xff, 0xff,
    0xf8, 0x0, 0x0, 0x0, 0x0, 0x0, 0x0, 0x0,
    0x3, 0xff, 0xff, 0xfe, 0x0, 0x0, 0x0, 0x0,
    0x0, 0x0, 0x0, 0x0, 0x7f, 0xff, 0xff, 0x0,
    0x0, 0x0, 0x0, 0x0, 0x0, 0x0, 0x0, 0xf,
    0xff, 0xff, 0xc0, 0x0, 0x0, 0x0, 0x0, 0x0,
    0x0, 0x0, 0x3, 0xff, 0xff, 0xf0, 0x0, 0x0,
    0x0, 0x0, 0x0, 0x0, 0x0, 0x0, 0xff, 0xff,
    0xf8, 0x0, 0x0, 0x0, 0x0, 0x0, 0x0, 0x0,
    0x0, 0x7f, 0xff, 0xfe, 0x0, 0x0, 0x0, 0x0,
    0x0, 0x0, 0x0, 0x0, 0x1f, 0xff, 0xff, 0x80,
    0x0, 0x0, 0x0, 0x0, 0x0, 0x0, 0x0, 0x7,
    0xff, 0xff, 0xc0, 0x0, 0x0, 0x0, 0x0, 0x0,
    0x0, 0x0, 0x3, 0xff, 0xff, 0xf0, 0x0, 0x0,
    0x0, 0x0, 0x0, 0x0, 0x0, 0x0, 0xff, 0xff,
    0xfc, 0x0, 0x0, 0x0, 0x0, 0x0, 0x0, 0x0,
    0x0, 0x7f, 0xff, 0xfe, 0x0, 0x0, 0x0, 0x0,
    0x0, 0x0, 0x0, 0x0, 0x1f, 0xff, 0xff, 0x80,
    0x0, 0x0, 0x0, 0x0, 0x0, 0x0, 0x0, 0x7,
    0xff, 0xff, 0xc0, 0x0, 0x0, 0x0, 0x0, 0x0,
    0x0, 0x0, 0x3, 0xff, 0xff, 0xf0, 0x0, 0x0,
    0x0, 0x0, 0x0, 0x0, 0x0, 0x0, 0xff, 0xff,
    0xf8, 0x0, 0x0, 0x0, 0x0, 0x0, 0x0, 0x0,
    0x0, 0x3f, 0xff, 0xfc, 0x0, 0x0, 0x0, 0x0,
    0x0, 0x0, 0x0, 0x0, 0x1f, 0xff, 0xfe, 0x0,
    0x0, 0x0, 0x0, 0x0, 0x0, 0x0, 0x0, 0x7,
    0xff, 0xff, 0x0, 0x0, 0x0, 0x0, 0x0, 0x0,
    0x0, 0x0, 0x3, 0xff, 0xff, 0x80, 0x0, 0x0,
    0x0, 0x0, 0x0, 0x0, 0x0, 0x0, 0xff, 0xff,
    0xc0, 0x0, 0x0, 0x0, 0x0, 0x0, 0x0, 0x0,
    0x0, 0x3f, 0xff, 0xc0, 0x0, 0x0, 0x0, 0x0,
    0x0, 0x0, 0x0, 0x0, 0x1f, 0xff, 0xc0, 0x0,
    0x0, 0x0, 0x0, 0x0, 0x0, 0x0, 0x0, 0x3,
    0xff, 0xc0, 0x0, 0x0, 0x0, 0x0, 0x0, 0x0,
    0x0, 0x0, 0x0, 0xff, 0xc0, 0x0, 0x0, 0x0,
    0x0, 0x0, 0x0, 0x0, 0x0, 0x0, 0xf, 0x0,
    0x0,

    /* U+0052 "R" */
    0x3, 0xff, 0xff, 0xff, 0xff, 0xff, 0x80, 0x0,
    0x0, 0x3, 0xff, 0xff, 0xff, 0xff, 0xff, 0xff,
    0x0, 0x0, 0x1, 0xff, 0xff, 0xff, 0xff, 0xff,
    0xff, 0xf8, 0x0, 0x0, 0xff, 0xff, 0xff, 0xff,
    0xff, 0xff, 0xff, 0x80, 0x0, 0x7f, 0xff, 0xff,
    0xff, 0xff, 0xff, 0xff, 0xf8, 0x0, 0x1f, 0xff,
    0xff, 0xff, 0xff, 0xff, 0xff, 0xff, 0x0, 0xf,
    0xff, 0xff, 0xff, 0xff, 0xff, 0xff, 0xff, 0xf0,
    0x3, 0xff, 0xff, 0xff, 0xff, 0xff, 0xff, 0xff,
    0xfe, 0x0, 0xff, 0xff, 0xff, 0xff, 0xff, 0xff,
    0xff, 0xff, 0xc0, 0x3f, 0xff, 0xff, 0xff, 0xff,
    0xff, 0xff, 0xff, 0xf8, 0xf, 0xff, 0xff, 0xff,
    0xff, 0xff, 0xff, 0xff, 0xff, 0x3, 0xff, 0xff,
    0xff, 0xff, 0xff, 0xff, 0xff, 0xff, 0xc0, 0xff,
    0xff, 0xff, 0xff, 0xff, 0xff, 0xff, 0xff, 0xf8,
    0x3f, 0xff, 0xff, 0xff, 0xff, 0xff, 0xff, 0xff,
    0xff, 0xf, 0xff, 0xff, 0xff, 0xff, 0xff, 0xff,
    0xff, 0xff, 0xc3, 0xff, 0xff, 0xc0, 0x0, 0x0,
    0x7f, 0xff, 0xff, 0xf8, 0xff, 0xff, 0xf0, 0x0,
    0x0, 0x1, 0xff, 0xff, 0xfe, 0x3f, 0xff, 0xfc,
    0x0, 0x0, 0x0, 0x1f, 0xff, 0xff, 0x8f, 0xff,
    0xff, 0x0, 0x0, 0x0, 0x3, 0xff, 0xff, 0xf3,
    0xff, 0xff, 0xc0, 0x0, 0x0, 0x0, 0x7f, 0xff,
    0xfc, 0xff, 0xff, 0xf0, 0x0, 0x0, 0x0, 0xf,
    0xff, 0xff, 0x3f, 0xff, 0xfc, 0x0, 0x0, 0x0,
    0x1, 0xff, 0xff, 0xcf, 0xff, 0xff, 0x0, 0x0,
    0x0, 0x0, 0x7f, 0xff, 0xfb, 0xff, 0xff, 0xc0,
    0x0, 0x0, 0x0, 0x1f, 0xff, 0xfe, 0xff, 0xff,
    0xf0, 0x0, 0x0, 0x0, 0x3, 0xff, 0xff, 0xbf,
    0xff, 0xfc, 0x0, 0x0, 0x0, 0x0, 0xff, 0xff,
    0xef, 0xff, 0xff, 0x0, 0x0, 0x0, 0x0, 0x3f,
    0xff, 0xfb, 0xff, 0xff, 0xc0, 0x0, 0x0, 0x0,
    0xf, 0xff, 0xfe, 0xff, 0xff, 0xf0, 0x0, 0x0,
    0x0, 0x3, 0xff, 0xff, 0xbf, 0xff, 0xfc, 0x0,
    0x0, 0x0, 0x0, 0xff, 0xff, 0xef, 0xff, 0xff,
    0x0, 0x0, 0x0, 0x0, 0x3f, 0xff, 0xfb, 0xff,
    0xff, 0xc0, 0x0, 0x0, 0x0, 0xf, 0xff, 0xfe,
    0xff, 0xff, 0xf0, 0x0, 0x0, 0x0, 0x7, 0xff,
    0xff, 0xbf, 0xff, 0xfc, 0x0, 0x0, 0x0, 0x1,
    0xff, 0xff, 0xef, 0xff, 0xff, 0x0, 0x0, 0x0,
    0x0, 0x7f, 0xff, 0xf3, 0xff, 0xff, 0xc0, 0x0,
    0x0, 0x0, 0x3f, 0xff, 0xfc, 0xff, 0xff, 0xf0,
    0x0, 0x0, 0x0, 0x1f, 0xff, 0xff, 0x3f, 0xff,
    0xfc, 0x0, 0x0, 0x0, 0xf, 0xff, 0xff, 0x8f,
    0xff, 0xff, 0x0, 0x0, 0x0, 0x7, 0xff, 0xff,
    0xe3, 0xff, 0xff, 0xc0, 0x0, 0x0, 0x7, 0xff,
    0xff, 0xf8, 0xff, 0xff, 0xf0, 0x0, 0x0, 0xf,
    0xff, 0xff, 0xfc, 0x3f, 0xff, 0xff, 0xff, 0xff,
    0xff, 0xff, 0xff, 0xff, 0xf, 0xff, 0xff, 0xff,
    0xff, 0xff, 0xff, 0xff, 0xff, 0x83, 0xff, 0xff,
    0xff, 0xff, 0xff, 0xff, 0xff, 0xff, 0xc0, 0xff,
    0xff, 0xff, 0xff, 0xff, 0xff, 0xff, 0xff, 0xf0,
    0x3f, 0xff, 0xff, 0xff, 0xff, 0xff, 0xff, 0xff,
    0xf8, 0xf, 0xff, 0xff, 0xff, 0xff, 0xff, 0xff,
    0xff, 0xfc, 0x3, 0xff, 0xff, 0xff, 0xff, 0xff,
    0xff, 0xff, 0xfe, 0x0, 0xff, 0xff, 0xff, 0xff,
    0xff, 0xff, 0xff, 0xff, 0x0, 0x3f, 0xff, 0xff,
    0xff, 0xff, 0xff, 0xff, 0xff, 0x0, 0xf, 0xff,
    0xff, 0xff, 0xff, 0xff, 0xff, 0xff, 0x80, 0x3,
    0xff, 0xff, 0xff, 0xff, 0xff, 0xff, 0xff, 0x80,
    0x0, 0xff, 0xff, 0xff, 0xff, 0xff, 0xff, 0xff,
    0x80, 0x0, 0x3f, 0xff, 0xff, 0xff, 0xff, 0xff,
    0xff, 0x0, 0x0, 0xf, 0xff, 0xff, 0xff, 0xff,
    0xff, 0xff, 0xe0, 0x0, 0x3, 0xff, 0xff, 0xc0,
    0x0, 0xff, 0xff, 0xfe, 0x0, 0x0, 0xff, 0xff,
    0xf0, 0x0, 0x7, 0xff, 0xff, 0xc0, 0x0, 0x3f,
    0xff, 0xfc, 0x0, 0x0, 0xff, 0xff, 0xf8, 0x0,
    0xf, 0xff, 0xff, 0x0, 0x0, 0x1f, 0xff, 0xff,
    0x0, 0x3, 0xff, 0xff, 0xc0, 0x0, 0x3, 0xff,
    0xff, 0xe0, 0x0, 0xff, 0xff, 0xf0, 0x0, 0x0,
    0x7f, 0xff, 0xfc, 0x0, 0x3f, 0xff, 0xfc, 0x0,
    0x0, 0x1f, 0xff, 0xff, 0x80, 0xf, 0xff, 0xff,
    0x0, 0x0, 0x3, 0xff, 0xff, 0xe0, 0x3, 0xff,
    0xff, 0xc0, 0x0, 0x0, 0xff, 0xff, 0xfc, 0x0,
    0xff, 0xff, 0xf0, 0x0, 0x0, 0x1f, 0xff, 0xff,
    0x0, 0x3f, 0xff, 0xfc, 0x0, 0x0, 0x7, 0xff,
    0xff, 0xe0, 0xf, 0xff, 0xff, 0x0, 0x0, 0x0,
    0xff, 0xff, 0xfc, 0x3, 0xff, 0xff, 0xc0, 0x0,
    0x0, 0x1f, 0xff, 0xff, 0x0, 0xff, 0xff, 0xf0,
    0x0, 0x0, 0x7, 0xff, 0xff, 0xe0, 0x3f, 0xff,
    0xfc, 0x0, 0x0, 0x0, 0xff, 0xff, 0xf8, 0xf,
    0xff, 0xff, 0x0, 0x0, 0x0, 0x3f, 0xff, 0xff,
    0x3, 0xff, 0xff, 0xc0, 0x0, 0x0, 0x7, 0xff,
    0xff, 0xc0, 0xff, 0xff, 0xf0, 0x0, 0x0, 0x1,
    0xff, 0xff, 0xf8, 0x3f, 0xff, 0xfc, 0x0, 0x0,
    0x0, 0x3f, 0xff, 0xfe, 0xf, 0xff, 0xff, 0x0,
    0x0, 0x0, 0xf, 0xff, 0xff, 0xc3, 0xff, 0xff,
    0xc0, 0x0, 0x0, 0x1, 0xff, 0xff, 0xf0, 0xff,
    0xff, 0xf0, 0x0, 0x0, 0x0, 0x7f, 0xff, 0xfe,
    0x3f, 0xff, 0xfc, 0x0, 0x0, 0x0, 0xf, 0xff,
    0xff, 0x8f, 0xff, 0xff, 0x0, 0x0, 0x0, 0x1,
    0xff, 0xff, 0xf3, 0xff, 0xff, 0xc0, 0x0, 0x0,
    0x0, 0x7f, 0xff, 0xfc, 0xff, 0xff, 0xf0, 0x0,
    0x0, 0x0, 0xf, 0xff, 0xff, 0xbf, 0xff, 0xfc,
    0x0, 0x0, 0x0, 0x3, 0xff, 0xff, 0xef, 0xff,
    0xff, 0x0, 0x0, 0x0, 0x0, 0x7f, 0xff, 0xfb,
    0xff, 0xff, 0xc0, 0x0, 0x0, 0x0, 0x1f, 0xff,
    0xfe, 0xff, 0xff, 0xf0, 0x0, 0x0, 0x0, 0x3,
    0xff, 0xff, 0xdf, 0xff, 0xf8, 0x0, 0x0, 0x0,
    0x0, 0xff, 0xff, 0xe7, 0xff, 0xfe, 0x0, 0x0,
    0x0, 0x0, 0x1f, 0xff, 0xf8, 0xff, 0xff, 0x0,
    0x0, 0x0, 0x0, 0x3, 0xff, 0xfe, 0x1f, 0xff,
    0x80, 0x0, 0x0, 0x0, 0x0, 0x7f, 0xff, 0x3,
    0xff, 0xc0, 0x0, 0x0, 0x0, 0x0, 0x7, 0xff,
    0x80, 0x3f, 0xc0, 0x0, 0x0, 0x0, 0x0, 0x0,
    0x7f, 0x80,

    /* U+0053 "S" */
    0x0, 0x0, 0x0, 0x7, 0xff, 0xf8, 0x0, 0x0,
    0x0, 0x0, 0x0, 0x0, 0xff, 0xff, 0xff, 0xc0,
    0x0, 0x0, 0x0, 0x0, 0x7, 0xff, 0xff, 0xff,
    0xfc, 0x0, 0x0, 0x0, 0x0, 0x3f, 0xff, 0xff,
    0xff, 0xff, 0x80, 0x0, 0x0, 0x0, 0xff, 0xff,
    0xff, 0xff, 0xff, 0xe0, 0x0, 0x0, 0x3, 0xff,
    0xff, 0xff, 0xff, 0xff, 0xf8, 0x0, 0x0, 0x7,
    0xff, 0xff, 0xff, 0xff, 0xff, 0xfe, 0x0, 0x0,
    0x1f, 0xff, 0xff, 0xff, 0xff, 0xff, 0xff, 0x80,
    0x0, 0x3f, 0xff, 0xff, 0xff, 0xff, 0xff, 0xff,
    0xc0, 0x0, 0x7f, 0xff, 0xff, 0xff, 0xff, 0xff,
    0xff, 0xc0, 0x0, 0xff, 0xff, 0xff, 0xff, 0xff,
    0xff, 0xff, 0xe0, 0x1, 0xff, 0xff, 0xff, 0xff,
    0xff, 0xff, 0xff, 0xe0, 0x3, 0xff, 0xff, 0xff,
    0xff, 0xff, 0xff, 0xff, 0xe0, 0x3, 0xff, 0xff,
    0xff, 0xff, 0xff, 0xff, 0xff, 0xe0, 0x7, 0xff,
    0xff, 0xff, 0xff, 0xff, 0xff, 0xff, 0xe0, 0xf,
    0xff, 0xff, 0xff, 0xff, 0xff, 0xff, 0xff, 0xe0,
    0xf, 0xff, 0xff, 0xfe, 0x0, 0xf, 0xff, 0xff,
    0xe0, 0x1f, 0xff, 0xff, 0xf0, 0x0, 0x0, 0x7f,
    0xff, 0xe0, 0x1f, 0xff, 0xff, 0x80, 0x0, 0x0,
    0xf, 0xff, 0xc0, 0x3f, 0xff, 0xff, 0x0, 0x0,
    0x0, 0x3, 0xff, 0x80, 0x3f, 0xff, 0xfe, 0x0,
    0x0, 0x0, 0x0, 0xff, 0x0, 0x3f, 0xff, 0xfc,
    0x0, 0x0, 0x0, 0x0, 0x8, 0x0, 0x3f, 0xff,
    0xf8, 0x0, 0x0, 0x0, 0x0, 0x0, 0x0, 0x7f,
    0xff, 0xf8, 0x0, 0x0, 0x0, 0x0, 0x0, 0x0,
    0x7f, 0xff, 0xf0, 0x0, 0x0, 0x0, 0x0, 0x0,
    0x0, 0x7f, 0xff, 0xf0, 0x0, 0x0, 0x0, 0x0,
    0x0, 0x0, 0x7f, 0xff, 0xf0, 0x0, 0x0, 0x0,
    0x0, 0x0, 0x0, 0x7f, 0xff, 0xf0, 0x0, 0x0,
    0x0, 0x0, 0x0, 0x0, 0x7f, 0xff, 0xf0, 0x0,
    0x0, 0x0, 0x0, 0x0, 0x0, 0x7f, 0xff, 0xf0,
    0x0, 0x0, 0x0, 0x0, 0x0, 0x0, 0x7f, 0xff,
    0xf8, 0x0, 0x0, 0x0, 0x0, 0x0, 0x0, 0x7f,
    0xff, 0xf8, 0x0, 0x0, 0x0, 0x0, 0x0, 0x0,
    0x7f, 0xff, 0xfc, 0x0, 0x0, 0x0, 0x0, 0x0,
    0x0, 0x7f, 0xff, 0xfe, 0x0, 0x0, 0x0, 0x0,
    0x0, 0x0, 0x3f, 0xff, 0xff, 0x80, 0x0, 0x0,
    0x0, 0x0, 0x0, 0x3f, 0xff, 0xff, 0xe0, 0x0,
    0x0, 0x0, 0x0, 0x0, 0x3f, 0xff, 0xff, 0xfe,
    0x0, 0x0, 0x0, 0x0, 0x0, 0x3f, 0xff, 0xff,
    0xff, 0xe0, 0x0, 0x0, 0x0, 0x0, 0x1f, 0xff,
    0xff, 0xff, 0xff, 0x0, 0x0, 0x0, 0x0, 0x1f,
    0xff, 0xff, 0xff, 0xff, 0xf8, 0x0, 0x0, 0x0,
    0xf, 0xff, 0xff, 0xff, 0xff, 0xff, 0xc0, 0x0,
    0x0, 0xf, 0xff, 0xff, 0xff, 0xff, 0xff, 0xf8,
    0x0, 0x0, 0x7, 0xff, 0xff, 0xff, 0xff, 0xff,
    0xff, 0x0, 0x0, 0x3, 0xff, 0xff, 0xff, 0xff,
    0xff, 0xff, 0xc0, 0x0, 0x1, 0xff, 0xff, 0xff,
    0xff, 0xff, 0xff, 0xf0, 0x0, 0x0, 0xff, 0xff,
    0xff, 0xff, 0xff, 0xff, 0xfc, 0x0, 0x0, 0x7f,
    0xff, 0xff, 0xff, 0xff, 0xff, 0xfe, 0x0, 0x0,
    0x3f, 0xff, 0xff, 0xff, 0xff, 0xff, 0xff, 0x80,
    0x0, 0xf, 0xff, 0xff, 0xff, 0xff, 0xff, 0xff,
    0xc0, 0x0, 0x3, 0xff, 0xff, 0xff, 0xff, 0xff,
    0xff, 0xe0, 0x0, 0x0, 0xff, 0xff, 0xff, 0xff,
    0xff, 0xff, 0xf0, 0x0, 0x0, 0x3f, 0xff, 0xff,
    0xff, 0xff, 0xff, 0xf0, 0x0, 0x0, 0x3, 0xff,
    0xff, 0xff, 0xff, 0xff, 0xf8, 0x0, 0x0, 0x0,
    0x3f, 0xff, 0xff, 0xff, 0xff, 0xfc, 0x0, 0x0,
    0x0, 0x1, 0xff, 0xff, 0xff, 0xff, 0xfc, 0x0,
    0x0, 0x0, 0x0, 0xf, 0xff, 0xff, 0xff, 0xfe,
    0x0, 0x0, 0x0, 0x0, 0x0, 0xff, 0xff, 0xff,
    0xfe, 0x0, 0x0, 0x0, 0x0, 0x0, 0xf, 0xff,
    0xff, 0xfe, 0x0, 0x0, 0x0, 0x0, 0x0, 0x1,
    0xff, 0xff, 0xfe, 0x0, 0x0, 0x0, 0x0, 0x0,
    0x0, 0x7f, 0xff, 0xff, 0x0, 0x0, 0x0, 0x0,
    0x0, 0x0, 0x1f, 0xff, 0xff, 0x0, 0x0, 0x0,
    0x0, 0x0, 0x0, 0xf, 0xff, 0xff, 0x0, 0x0,
    0x0, 0x0, 0x0, 0x0, 0xf, 0xff, 0xff, 0x0,
    0x0, 0x0, 0x0, 0x0, 0x0, 0x7, 0xff, 0xff,
    0x0, 0x0, 0x0, 0x0, 0x0, 0x0, 0x7, 0xff,
    0xff, 0x0, 0x0, 0x0, 0x0, 0x0, 0x0, 0x7,
    0xff, 0xff, 0x0, 0x0, 0x0, 0x0, 0x0, 0x0,
    0x7, 0xff, 0xff, 0x0, 0x0, 0x0, 0x0, 0x0,
    0x0, 0x7, 0xff, 0xff, 0x0, 0x0, 0x0, 0x0,
    0x0, 0x0, 0x7, 0xff, 0xff, 0x3, 0xc0, 0x0,
    0x0, 0x0, 0x0, 0xf, 0xff, 0xfe, 0xf, 0xf0,
    0x0, 0x0, 0x0, 0x0, 0xf, 0xff, 0xfe, 0x1f,
    0xfc, 0x0, 0x0, 0x0, 0x0, 0x1f, 0xff, 0xfe,
    0x3f, 0xff, 0x80, 0x0, 0x0, 0x0, 0x3f, 0xff,
    0xfe, 0x7f, 0xff, 0xe0, 0x0, 0x0, 0x0, 0xff,
    0xff, 0xfc, 0x7f, 0xff, 0xfe, 0x0, 0x0, 0x3,
    0xff, 0xff, 0xfc, 0xff, 0xff, 0xff, 0xf8, 0x0,
    0x1f, 0xff, 0xff, 0xfc, 0xff, 0xff, 0xff, 0xff,
    0xff, 0xff, 0xff, 0xff, 0xf8, 0xff, 0xff, 0xff,
    0xff, 0xff, 0xff, 0xff, 0xff, 0xf0, 0xff, 0xff,
    0xff, 0xff, 0xff, 0xff, 0xff, 0xff, 0xf0, 0xff,
    0xff, 0xff, 0xff, 0xff, 0xff, 0xff, 0xff, 0xe0,
    0x7f, 0xff, 0xff, 0xff, 0xff, 0xff, 0xff, 0xff,
    0xc0, 0x7f, 0xff, 0xff, 0xff, 0xff, 0xff, 0xff,
    0xff, 0x80, 0x3f, 0xff, 0xff, 0xff, 0xff, 0xff,
    0xff, 0xff, 0x80, 0x1f, 0xff, 0xff, 0xff, 0xff,
    0xff, 0xff, 0xfe, 0x0, 0xf, 0xff, 0xff, 0xff,
    0xff, 0xff, 0xff, 0xfc, 0x0, 0x3, 0xff, 0xff,
    0xff, 0xff, 0xff, 0xff, 0xf8, 0x0, 0x0, 0xff,
    0xff, 0xff, 0xff, 0xff, 0xff, 0xe0, 0x0, 0x0,
    0x3f, 0xff, 0xff, 0xff, 0xff, 0xff, 0x80, 0x0,
    0x0, 0x7, 0xff, 0xff, 0xff, 0xff, 0xfe, 0x0,
    0x0, 0x0, 0x0, 0xff, 0xff, 0xff, 0xff, 0xf8,
    0x0, 0x0, 0x0, 0x0, 0x7, 0xff, 0xff, 0xff,
    0x80, 0x0, 0x0, 0x0, 0x0, 0x0, 0x1f, 0xff,
    0xf0, 0x0, 0x0, 0x0,

    /* U+0054 "T" */
    0x7, 0xff, 0xff, 0xff, 0xff, 0xff, 0xff, 0xff,
    0xff, 0xf8, 0x7, 0xff, 0xff, 0xff, 0xff, 0xff,
    0xff, 0xff, 0xff, 0xff, 0x83, 0xff, 0xff, 0xff,
    0xff, 0xff, 0xff, 0xff, 0xff, 0xff, 0xf1, 0xff,
    0xff, 0xff, 0xff, 0xff, 0xff, 0xff, 0xff, 0xff,
    0xfe, 0x7f, 0xff, 0xff, 0xff, 0xff, 0xff, 0xff,
    0xff, 0xff, 0xff, 0xbf, 0xff, 0xff, 0xff, 0xff,
    0xff, 0xff, 0xff, 0xff, 0xff, 0xff, 0xff, 0xff,
    0xff, 0xff, 0xff, 0xff, 0xff, 0xff, 0xff, 0xff,
    0xff, 0xff, 0xff, 0xff, 0xff, 0xff, 0xff, 0xff,
    0xff, 0xff, 0xff, 0xff, 0xff, 0xff, 0xff, 0xff,
    0xff, 0xff, 0xff, 0xff, 0xff, 0xff, 0xff, 0xff,
    0xff, 0xff, 0xff, 0xff, 0xff, 0xff, 0xff, 0xff,
    0xff, 0xff, 0xff, 0xff, 0xff, 0xff, 0xff, 0xff,
    0xfd, 0xff, 0xff, 0xff, 0xff, 0xff, 0xff, 0xff,
    0xff, 0xff, 0xfe, 0x7f, 0xff, 0xff, 0xff, 0xff,
    0xff, 0xff, 0xff, 0xff, 0xff, 0x8f, 0xff, 0xff,
    0xff, 0xff, 0xff, 0xff, 0xff, 0xff, 0xff, 0xc1,
    0xff, 0xff, 0xff, 0xff, 0xff, 0xff, 0xff, 0xff,
    0xff, 0xe0, 0x1f, 0xff, 0xff, 0xff, 0xff, 0xff,
    0xff, 0xff, 0xff, 0xe0, 0x0, 0x0, 0x0, 0x1,
    0xff, 0xff, 0xe0, 0x0, 0x0, 0x0, 0x0, 0x0,
    0x0, 0x0, 0x7f, 0xff, 0xf8, 0x0, 0x0, 0x0,
    0x0, 0x0, 0x0, 0x0, 0x1f, 0xff, 0xfe, 0x0,
    0x0, 0x0, 0x0, 0x0, 0x0, 0x0, 0x7, 0xff,
    0xff, 0x80, 0x0, 0x0, 0x0, 0x0, 0x0, 0x0,
    0x1, 0xff, 0xff, 0xe0, 0x0, 0x0, 0x0, 0x0,
    0x0, 0x0, 0x0, 0x7f, 0xff, 0xf8, 0x0, 0x0,
    0x0, 0x0, 0x0, 0x0, 0x0, 0x1f, 0xff, 0xfe,
    0x0, 0x0, 0x0, 0x0, 0x0, 0x0, 0x0, 0x7,
    0xff, 0xff, 0x80, 0x0, 0x0, 0x0, 0x0, 0x0,
    0x0, 0x1, 0xff, 0xff, 0xe0, 0x0, 0x0, 0x0,
    0x0, 0x0, 0x0, 0x0, 0x7f, 0xff, 0xf8, 0x0,
    0x0, 0x0, 0x0, 0x0, 0x0, 0x0, 0x1f, 0xff,
    0xfe, 0x0, 0x0, 0x0, 0x0, 0x0, 0x0, 0x0,
    0x7, 0xff, 0xff, 0x80, 0x0, 0x0, 0x0, 0x0,
    0x0, 0x0, 0x1, 0xff, 0xff, 0xe0, 0x0, 0x0,
    0x0, 0x0, 0x0, 0x0, 0x0, 0x7f, 0xff, 0xf8,
    0x0, 0x0, 0x0, 0x0, 0x0, 0x0, 0x0, 0x1f,
    0xff, 0xfe, 0x0, 0x0, 0x0, 0x0, 0x0, 0x0,
    0x0, 0x7, 0xff, 0xff, 0x80, 0x0, 0x0, 0x0,
    0x0, 0x0, 0x0, 0x1, 0xff, 0xff, 0xe0, 0x0,
    0x0, 0x0, 0x0, 0x0, 0x0, 0x0, 0x7f, 0xff,
    0xf8, 0x0, 0x0, 0x0, 0x0, 0x0, 0x0, 0x0,
    0x1f, 0xff, 0xfe, 0x0, 0x0, 0x0, 0x0, 0x0,
    0x0, 0x0, 0x7, 0xff, 0xff, 0x80, 0x0, 0x0,
    0x0, 0x0, 0x0, 0x0, 0x1, 0xff, 0xff, 0xe0,
    0x0, 0x0, 0x0, 0x0, 0x0, 0x0, 0x0, 0x7f,
    0xff, 0xf8, 0x0, 0x0, 0x0, 0x0, 0x0, 0x0,
    0x0, 0x1f, 0xff, 0xfe, 0x0, 0x0, 0x0, 0x0,
    0x0, 0x0, 0x0, 0x7, 0xff, 0xff, 0x80, 0x0,
    0x0, 0x0, 0x0, 0x0, 0x0, 0x1, 0xff, 0xff,
    0xe0, 0x0, 0x0, 0x0, 0x0, 0x0, 0x0, 0x0,
    0x7f, 0xff, 0xf8, 0x0, 0x0, 0x0, 0x0, 0x0,
    0x0, 0x0, 0x1f, 0xff, 0xfe, 0x0, 0x0, 0x0,
    0x0, 0x0, 0x0, 0x0, 0x7, 0xff, 0xff, 0x80,
    0x0, 0x0, 0x0, 0x0, 0x0, 0x0, 0x1, 0xff,
    0xff, 0xe0, 0x0, 0x0, 0x0, 0x0, 0x0, 0x0,
    0x0, 0x7f, 0xff, 0xf8, 0x0, 0x0, 0x0, 0x0,
    0x0, 0x0, 0x0, 0x1f, 0xff, 0xfe, 0x0, 0x0,
    0x0, 0x0, 0x0, 0x0, 0x0, 0x7, 0xff, 0xff,
    0x80, 0x0, 0x0, 0x0, 0x0, 0x0, 0x0, 0x1,
    0xff, 0xff, 0xe0, 0x0, 0x0, 0x0, 0x0, 0x0,
    0x0, 0x0, 0x7f, 0xff, 0xf8, 0x0, 0x0, 0x0,
    0x0, 0x0, 0x0, 0x0, 0x1f, 0xff, 0xfe, 0x0,
    0x0, 0x0, 0x0, 0x0, 0x0, 0x0, 0x7, 0xff,
    0xff, 0x80, 0x0, 0x0, 0x0, 0x0, 0x0, 0x0,
    0x1, 0xff, 0xff, 0xe0, 0x0, 0x0, 0x0, 0x0,
    0x0, 0x0, 0x0, 0x7f, 0xff, 0xf8, 0x0, 0x0,
    0x0, 0x0, 0x0, 0x0, 0x0, 0x1f, 0xff, 0xfe,
    0x0, 0x0, 0x0, 0x0, 0x0, 0x0, 0x0, 0x7,
    0xff, 0xff, 0x80, 0x0, 0x0, 0x0, 0x0, 0x0,
    0x0, 0x1, 0xff, 0xff, 0xe0, 0x0, 0x0, 0x0,
    0x0, 0x0, 0x0, 0x0, 0x7f, 0xff, 0xf8, 0x0,
    0x0, 0x0, 0x0, 0x0, 0x0, 0x0, 0x1f, 0xff,
    0xfe, 0x0, 0x0, 0x0, 0x0, 0x0, 0x0, 0x0,
    0x7, 0xff, 0xff, 0x80, 0x0, 0x0, 0x0, 0x0,
    0x0, 0x0, 0x1, 0xff, 0xff, 0xe0, 0x0, 0x0,
    0x0, 0x0, 0x0, 0x0, 0x0, 0x7f, 0xff, 0xf8,
    0x0, 0x0, 0x0, 0x0, 0x0, 0x0, 0x0, 0x1f,
    0xff, 0xfe, 0x0, 0x0, 0x0, 0x0, 0x0, 0x0,
    0x0, 0x7, 0xff, 0xff, 0x80, 0x0, 0x0, 0x0,
    0x0, 0x0, 0x0, 0x1, 0xff, 0xff, 0xe0, 0x0,
    0x0, 0x0, 0x0, 0x0, 0x0, 0x0, 0x7f, 0xff,
    0xf8, 0x0, 0x0, 0x0, 0x0, 0x0, 0x0, 0x0,
    0x1f, 0xff, 0xfe, 0x0, 0x0, 0x0, 0x0, 0x0,
    0x0, 0x0, 0x7, 0xff, 0xff, 0x80, 0x0, 0x0,
    0x0, 0x0, 0x0, 0x0, 0x1, 0xff, 0xff, 0xe0,
    0x0, 0x0, 0x0, 0x0, 0x0, 0x0, 0x0, 0x7f,
    0xff, 0xf8, 0x0, 0x0, 0x0, 0x0, 0x0, 0x0,
    0x0, 0x1f, 0xff, 0xfe, 0x0, 0x0, 0x0, 0x0,
    0x0, 0x0, 0x0, 0x7, 0xff, 0xff, 0x80, 0x0,
    0x0, 0x0, 0x0, 0x0, 0x0, 0x1, 0xff, 0xff,
    0xe0, 0x0, 0x0, 0x0, 0x0, 0x0, 0x0, 0x0,
    0x7f, 0xff, 0xf8, 0x0, 0x0, 0x0, 0x0, 0x0,
    0x0, 0x0, 0x1f, 0xff, 0xfe, 0x0, 0x0, 0x0,
    0x0, 0x0, 0x0, 0x0, 0x7, 0xff, 0xff, 0x80,
    0x0, 0x0, 0x0, 0x0, 0x0, 0x0, 0x1, 0xff,
    0xff, 0xe0, 0x0, 0x0, 0x0, 0x0, 0x0, 0x0,
    0x0, 0x7f, 0xff, 0xf8, 0x0, 0x0, 0x0, 0x0,
    0x0, 0x0, 0x0, 0x1f, 0xff, 0xfe, 0x0, 0x0,
    0x0, 0x0, 0x0, 0x0, 0x0, 0x7, 0xff, 0xff,
    0x80, 0x0, 0x0, 0x0, 0x0, 0x0, 0x0, 0x1,
    0xff, 0xff, 0xe0, 0x0, 0x0, 0x0, 0x0, 0x0,
    0x0, 0x0, 0x7f, 0xff, 0xf8, 0x0, 0x0, 0x0,
    0x0, 0x0, 0x0, 0x0, 0x1f, 0xff, 0xfe, 0x0,
    0x0, 0x0, 0x0, 0x0, 0x0, 0x0, 0x7, 0xff,
    0xff, 0x80, 0x0, 0x0, 0x0, 0x0, 0x0, 0x0,
    0x1, 0xff, 0xff, 0xe0, 0x0, 0x0, 0x0, 0x0,
    0x0, 0x0, 0x0, 0x3f, 0xff, 0xf0, 0x0, 0x0,
    0x0, 0x0, 0x0, 0x0, 0x0, 0xf, 0xff, 0xfc,
    0x0, 0x0, 0x0, 0x0, 0x0, 0x0, 0x0, 0x1,
    0xff, 0xfe, 0x0, 0x0, 0x0, 0x0, 0x0, 0x0,
    0x0, 0x0, 0x3f, 0xff, 0x0, 0x0, 0x0, 0x0,
    0x0, 0x0, 0x0, 0x0, 0x7, 0xff, 0x80, 0x0,
    0x0, 0x0, 0x0, 0x0, 0x0, 0x0, 0x0, 0x7f,
    0x80, 0x0, 0x0, 0x0, 0x0,

    /* U+0055 "U" */
    0x3, 0xfc, 0x0, 0x0, 0x0, 0x0, 0x0, 0x0,
    0x7f, 0x0, 0x3f, 0xfc, 0x0, 0x0, 0x0, 0x0,
    0x0, 0x7, 0xff, 0x1, 0xff, 0xf8, 0x0, 0x0,
    0x0, 0x0, 0x0, 0x3f, 0xff, 0xf, 0xff, 0xf0,
    0x0, 0x0, 0x0, 0x0, 0x1, 0xff, 0xfc, 0x7f,
    0xff, 0xe0, 0x0, 0x0, 0x0, 0x0, 0xf, 0xff,
    0xf9, 0xff, 0xff, 0x80, 0x0, 0x0, 0x0, 0x0,
    0x3f, 0xff, 0xef, 0xff, 0xff, 0x0, 0x0, 0x0,
    0x0, 0x1, 0xff, 0xff, 0xff, 0xff, 0xfc, 0x0,
    0x0, 0x0, 0x0, 0x7, 0xff, 0xff, 0xff, 0xff,
    0xf0, 0x0, 0x0, 0x0, 0x0, 0x1f, 0xff, 0xff,
    0xff, 0xff, 0xc0, 0x0, 0x0, 0x0, 0x0, 0x7f,
    0xff, 0xff, 0xff, 0xff, 0x0, 0x0, 0x0, 0x0,
    0x1, 0xff, 0xff, 0xff, 0xff, 0xfc, 0x0, 0x0,
    0x0, 0x0, 0x7, 0xff, 0xff, 0xff, 0xff, 0xf0,
    0x0, 0x0, 0x0, 0x0, 0x1f, 0xff, 0xff, 0xff,
    0xff, 0xc0, 0x0, 0x0, 0x0, 0x0, 0x7f, 0xff,
    0xff, 0xff, 0xff, 0x0, 0x0, 0x0, 0x0, 0x1,
    0xff, 0xff, 0xff, 0xff, 0xfc, 0x0, 0x0, 0x0,
    0x0, 0x7, 0xff, 0xff, 0xff, 0xff, 0xf0, 0x0,
    0x0, 0x0, 0x0, 0x1f, 0xff, 0xff, 0xff, 0xff,
    0xc0, 0x0, 0x0, 0x0, 0x0, 0x7f, 0xff, 0xff,
    0xff, 0xff, 0x0, 0x0, 0x0, 0x0, 0x1, 0xff,
    0xff, 0xff, 0xff, 0xfc, 0x0, 0x0, 0x0, 0x0,
    0x7, 0xff, 0xff, 0xff, 0xff, 0xf0, 0x0, 0x0,
    0x0, 0x0, 0x1f, 0xff, 0xff, 0xff, 0xff, 0xc0,
    0x0, 0x0, 0x0, 0x0, 0x7f, 0xff, 0xff, 0xff,
    0xff, 0x0, 0x0, 0x0, 0x0, 0x1, 0xff, 0xff,
    0xff, 0xff, 0xfc, 0x0, 0x0, 0x0, 0x0, 0x7,
    0xff, 0xff, 0xff, 0xff, 0xf0, 0x0, 0x0, 0x0,
    0x0, 0x1f, 0xff, 0xff, 0xff, 0xff, 0xc0, 0x0,
    0x0, 0x0, 0x0, 0x7f, 0xff, 0xff, 0xff, 0xff,
    0x0, 0x0, 0x0, 0x0, 0x1, 0xff, 0xff, 0xff,
    0xff, 0xfc, 0x0, 0x0, 0x0, 0x0, 0x7, 0xff,
    0xff, 0xff, 0xff, 0xf0, 0x0, 0x0, 0x0, 0x0,
    0x1f, 0xff, 0xff, 0xff, 0xff, 0xc0, 0x0, 0x0,
    0x0, 0x0, 0x7f, 0xff, 0xff, 0xff, 0xff, 0x0,
    0x0, 0x0, 0x0, 0x1, 0xff, 0xff, 0xff, 0xff,
    0xfc, 0x0, 0x0, 0x0, 0x0, 0x7, 0xff, 0xff,
    0xff, 0xff, 0xf0, 0x0, 0x0, 0x0, 0x0, 0x1f,
    0xff, 0xff, 0xff, 0xff, 0xc0, 0x0, 0x0, 0x0,
    0x0, 0x7f, 0xff, 0xff, 0xff, 0xff, 0x0, 0x0,
    0x0, 0x0, 0x1, 0xff, 0xff, 0xff, 0xff, 0xfc,
    0x0, 0x0, 0x0, 0x0, 0x7, 0xff, 0xff, 0xff,
    0xff, 0xf0, 0x0, 0x0, 0x0, 0x0, 0x1f, 0xff,
    0xff, 0xff, 0xff, 0xc0, 0x0, 0x0, 0x0, 0x0,
    0x7f, 0xff, 0xff, 0xff, 0xff, 0x0, 0x0, 0x0,
    0x0, 0x1, 0xff, 0xff, 0xff, 0xff, 0xfc, 0x0,
    0x0, 0x0, 0x0, 0x7, 0xff, 0xff, 0xff, 0xff,
    0xf0, 0x0, 0x0, 0x0, 0x0, 0x1f, 0xff, 0xff,
    0xff, 0xff, 0xc0, 0x0, 0x0, 0x0, 0x0, 0x7f,
    0xff, 0xff, 0xff, 0xff, 0x0, 0x0, 0x0, 0x0,
    0x1, 0xff, 0xff, 0xff, 0xff, 0xfc, 0x0, 0x0,
    0x0, 0x0, 0x7, 0xff, 0xff, 0xff, 0xff, 0xf0,
    0x0, 0x0, 0x0, 0x0, 0x1f, 0xff, 0xff, 0xff,
    0xff, 0xc0, 0x0, 0x0, 0x0, 0x0, 0x7f, 0xff,
    0xff, 0xff, 0xff, 0x0, 0x0, 0x0, 0x0, 0x1,
    0xff, 0xff, 0xff, 0xff, 0xfc, 0x0, 0x0, 0x0,
    0x0, 0x7, 0xff, 0xff, 0xff, 0xff, 0xf0, 0x0,
    0x0, 0x0, 0x0, 0x1f, 0xff, 0xff, 0xff, 0xff,
    0xc0, 0x0, 0x0, 0x0, 0x0, 0x7f, 0xff, 0xff,
    0xff, 0xff, 0x0, 0x0, 0x0, 0x0, 0x1, 0xff,
    0xff, 0xff, 0xff, 0xfc, 0x0, 0x0, 0x0, 0x0,
    0x7, 0xff, 0xff, 0xff, 0xff, 0xf0, 0x0, 0x0,
    0x0, 0x0, 0x1f, 0xff, 0xff, 0xff, 0xff, 0xc0,
    0x0, 0x0, 0x0, 0x0, 0x7f, 0xff, 0xff, 0xff,
    0xff, 0x0, 0x0, 0x0, 0x0, 0x1, 0xff, 0xff,
    0xff, 0xff, 0xfc, 0x0, 0x0, 0x0, 0x0, 0x7,
    0xff, 0xff, 0xff, 0xff, 0xf0, 0x0, 0x0, 0x0,
    0x0, 0x1f, 0xff, 0xff, 0xff, 0xff, 0xc0, 0x0,
    0x0, 0x0, 0x0, 0x7f, 0xff, 0xff, 0xff, 0xff,
    0x0, 0x0, 0x0, 0x0, 0x1, 0xff, 0xff, 0xff,
    0xff, 0xfc, 0x0, 0x0, 0x0, 0x0, 0x7, 0xff,
    0xff, 0xff, 0xff, 0xf8, 0x0, 0x0, 0x0, 0x0,
    0x3f, 0xff, 0xff, 0xff, 0xff, 0xe0, 0x0, 0x0,
    0x0, 0x0, 0xff, 0xff, 0xf7, 0xff, 0xff, 0x80,
    0x0, 0x0, 0x0, 0x3, 0xff, 0xff, 0x9f, 0xff,
    0xfe, 0x0, 0x0, 0x0, 0x0, 0xf, 0xff, 0xfe,
    0x7f, 0xff, 0xfc, 0x0, 0x0, 0x0, 0x0, 0x7f,
    0xff, 0xf9, 0xff, 0xff, 0xf0, 0x0, 0x0, 0x0,
    0x1, 0xff, 0xff, 0xe7, 0xff, 0xff, 0xc0, 0x0,
    0x0, 0x0, 0x7, 0xff, 0xff, 0x9f, 0xff, 0xff,
    0x80, 0x0, 0x0, 0x0, 0x3f, 0xff, 0xfc, 0x3f,
    0xff, 0xff, 0x0, 0x0, 0x0, 0x1, 0xff, 0xff,
    0xf0, 0xff, 0xff, 0xfc, 0x0, 0x0, 0x0, 0x7,
    0xff, 0xff, 0xc3, 0xff, 0xff, 0xf8, 0x0, 0x0,
    0x0, 0x3f, 0xff, 0xff, 0x7, 0xff, 0xff, 0xf0,
    0x0, 0x0, 0x1, 0xff, 0xff, 0xf8, 0x1f, 0xff,
    0xff, 0xe0, 0x0, 0x0, 0xf, 0xff, 0xff, 0xe0,
    0x7f, 0xff, 0xff, 0xe0, 0x0, 0x0, 0xff, 0xff,
    0xff, 0x0, 0xff, 0xff, 0xff, 0xe0, 0x0, 0xf,
    0xff, 0xff, 0xfc, 0x3, 0xff, 0xff, 0xff, 0xf0,
    0x1, 0xff, 0xff, 0xff, 0xf0, 0x7, 0xff, 0xff,
    0xff, 0xff, 0xff, 0xff, 0xff, 0xff, 0x80, 0xf,
    0xff, 0xff, 0xff, 0xff, 0xff, 0xff, 0xff, 0xfc,
    0x0, 0x3f, 0xff, 0xff, 0xff, 0xff, 0xff, 0xff,
    0xff, 0xf0, 0x0, 0x7f, 0xff, 0xff, 0xff, 0xff,
    0xff, 0xff, 0xff, 0x80, 0x0, 0xff, 0xff, 0xff,
    0xff, 0xff, 0xff, 0xff, 0xfc, 0x0, 0x3, 0xff,
    0xff, 0xff, 0xff, 0xff, 0xff, 0xff, 0xf0, 0x0,
    0x7, 0xff, 0xff, 0xff, 0xff, 0xff, 0xff, 0xff,
    0x80, 0x0, 0xf, 0xff, 0xff, 0xff, 0xff, 0xff,
    0xff, 0xfc, 0x0, 0x0, 0x1f, 0xff, 0xff, 0xff,
    0xff, 0xff, 0xff, 0xe0, 0x0, 0x0, 0x1f, 0xff,
    0xff, 0xff, 0xff, 0xff, 0xff, 0x0, 0x0, 0x0,
    0x3f, 0xff, 0xff, 0xff, 0xff, 0xff, 0xf0, 0x0,
    0x0, 0x0, 0x3f, 0xff, 0xff, 0xff, 0xff, 0xff,
    0x80, 0x0, 0x0, 0x0, 0x7f, 0xff, 0xff, 0xff,
    0xff, 0xf8, 0x0, 0x0, 0x0, 0x0, 0x3f, 0xff,
    0xff, 0xff, 0xff, 0x80, 0x0, 0x0, 0x0, 0x0,
    0x3f, 0xff, 0xff, 0xff, 0xf0, 0x0, 0x0, 0x0,
    0x0, 0x0, 0xf, 0xff, 0xff, 0xfe, 0x0, 0x0,
    0x0, 0x0, 0x0, 0x0, 0x1, 0xff, 0xfe, 0x0,
    0x0, 0x0, 0x0,

    /* U+0056 "V" */
    0x3, 0xf8, 0x0, 0x0, 0x0, 0x0, 0x0, 0x0,
    0x0, 0x7, 0xf0, 0x3, 0xff, 0x80, 0x0, 0x0,
    0x0, 0x0, 0x0, 0x0, 0x7, 0xff, 0x1, 0xff,
    0xf8, 0x0, 0x0, 0x0, 0x0, 0x0, 0x0, 0x7,
    0xff, 0xe0, 0xff, 0xfe, 0x0, 0x0, 0x0, 0x0,
    0x0, 0x0, 0x3, 0xff, 0xfc, 0x7f, 0xff, 0xc0,
    0x0, 0x0, 0x0, 0x0, 0x0, 0x0, 0xff, 0xff,
    0x1f, 0xff, 0xf8, 0x0, 0x0, 0x0, 0x0, 0x0,
    0x0, 0x7f, 0xff, 0xef, 0xff, 0xfe, 0x0, 0x0,
    0x0, 0x0, 0x0, 0x0, 0x1f, 0xff, 0xfb, 0xff,
    0xff, 0xc0, 0x0, 0x0, 0x0, 0x0, 0x0, 0xf,
    0xff, 0xfe, 0xff, 0xff, 0xf0, 0x0, 0x0, 0x0,
    0x0, 0x0, 0x3, 0xff, 0xff, 0xbf, 0xff, 0xfe,
    0x0, 0x0, 0x0, 0x0, 0x0, 0x1, 0xff, 0xff,
    0xef, 0xff, 0xff, 0x80, 0x0, 0x0, 0x0, 0x0,
    0x0, 0x7f, 0xff, 0xf9, 0xff, 0xff, 0xe0, 0x0,
    0x0, 0x0, 0x0, 0x0, 0x3f, 0xff, 0xfe, 0x7f,
    0xff, 0xfc, 0x0, 0x0, 0x0, 0x0, 0x0, 0xf,
    0xff, 0xff, 0x1f, 0xff, 0xff, 0x0, 0x0, 0x0,
    0x0, 0x0, 0x3, 0xff, 0xff, 0xc3, 0xff, 0xff,
    0xe0, 0x0, 0x0, 0x0, 0x0, 0x1, 0xff, 0xff,
    0xe0, 0xff, 0xff, 0xf8, 0x0, 0x0, 0x0, 0x0,
    0x0, 0x7f, 0xff, 0xf8, 0x1f, 0xff, 0xff, 0x0,
    0x0, 0x0, 0x0, 0x0, 0x3f, 0xff, 0xfc, 0x7,
    0xff, 0xff, 0xc0, 0x0, 0x0, 0x0, 0x0, 0xf,
    0xff, 0xff, 0x0, 0xff, 0xff, 0xf8, 0x0, 0x0,
    0x0, 0x0, 0x7, 0xff, 0xff, 0xc0, 0x3f, 0xff,
    0xfe, 0x0, 0x0, 0x0, 0x0, 0x1, 0xff, 0xff,
    0xe0, 0x7, 0xff, 0xff, 0x80, 0x0, 0x0, 0x0,
    0x0, 0x7f, 0xff, 0xf8, 0x1, 0xff, 0xff, 0xf0,
    0x0, 0x0, 0x0, 0x0, 0x3f, 0xff, 0xfc, 0x0,
    0x7f, 0xff, 0xfc, 0x0, 0x0, 0x0, 0x0, 0xf,
    0xff, 0xff, 0x0, 0xf, 0xff, 0xff, 0x80, 0x0,
    0x0, 0x0, 0x7, 0xff, 0xff, 0x80, 0x3, 0xff,
    0xff, 0xe0, 0x0, 0x0, 0x0, 0x1, 0xff, 0xff,
    0xe0, 0x0, 0x7f, 0xff, 0xfc, 0x0, 0x0, 0x0,
    0x0, 0xff, 0xff, 0xf0, 0x0, 0x1f, 0xff, 0xff,
    0x0, 0x0, 0x0, 0x0, 0x3f, 0xff, 0xfc, 0x0,
    0x3, 0xff, 0xff, 0xc0, 0x0, 0x0, 0x0, 0x1f,
    0xff, 0xfe, 0x0, 0x0, 0xff, 0xff, 0xf8, 0x0,
    0x0, 0x0, 0x7, 0xff, 0xff, 0x80, 0x0, 0x1f,
    0xff, 0xfe, 0x0, 0x0, 0x0, 0x1, 0xff, 0xff,
    0xe0, 0x0, 0x7, 0xff, 0xff, 0xc0, 0x0, 0x0,
    0x0, 0xff, 0xff, 0xf0, 0x0, 0x0, 0xff, 0xff,
    0xf0, 0x0, 0x0, 0x0, 0x3f, 0xff, 0xfc, 0x0,
    0x0, 0x3f, 0xff, 0xfe, 0x0, 0x0, 0x0, 0x1f,
    0xff, 0xfe, 0x0, 0x0, 0xf, 0xff, 0xff, 0x80,
    0x0, 0x0, 0x7, 0xff, 0xff, 0x80, 0x0, 0x1,
    0xff, 0xff, 0xe0, 0x0, 0x0, 0x3, 0xff, 0xff,
    0xc0, 0x0, 0x0, 0x7f, 0xff, 0xfc, 0x0, 0x0,
    0x0, 0xff, 0xff, 0xf0, 0x0, 0x0, 0xf, 0xff,
    0xff, 0x0, 0x0, 0x0, 0x3f, 0xff, 0xf8, 0x0,
    0x0, 0x3, 0xff, 0xff, 0xe0, 0x0, 0x0, 0x1f,
    0xff, 0xfe, 0x0, 0x0, 0x0, 0x7f, 0xff, 0xf8,
    0x0, 0x0, 0x7, 0xff, 0xff, 0x80, 0x0, 0x0,
    0x1f, 0xff, 0xff, 0x0, 0x0, 0x3, 0xff, 0xff,
    0xc0, 0x0, 0x0, 0x3, 0xff, 0xff, 0xc0, 0x0,
    0x0, 0xff, 0xff, 0xf0, 0x0, 0x0, 0x0, 0xff,
    0xff, 0xf0, 0x0, 0x0, 0x7f, 0xff, 0xf8, 0x0,
    0x0, 0x0, 0x3f, 0xff, 0xfe, 0x0, 0x0, 0x1f,
    0xff, 0xfe, 0x0, 0x0, 0x0, 0x7, 0xff, 0xff,
    0x80, 0x0, 0x7, 0xff, 0xff, 0x0, 0x0, 0x0,
    0x1, 0xff, 0xff, 0xf0, 0x0, 0x3, 0xff, 0xff,
    0xc0, 0x0, 0x0, 0x0, 0x3f, 0xff, 0xfc, 0x0,
    0x0, 0xff, 0xff, 0xe0, 0x0, 0x0, 0x0, 0xf,
    0xff, 0xff, 0x80, 0x0, 0x7f, 0xff, 0xf8, 0x0,
    0x0, 0x0, 0x1, 0xff, 0xff, 0xe0, 0x0, 0x1f,
    0xff, 0xfc, 0x0, 0x0, 0x0, 0x0, 0x7f, 0xff,
    0xfc, 0x0, 0xf, 0xff, 0xff, 0x0, 0x0, 0x0,
    0x0, 0xf, 0xff, 0xff, 0x0, 0x3, 0xff, 0xff,
    0xc0, 0x0, 0x0, 0x0, 0x3, 0xff, 0xff, 0xc0,
    0x0, 0xff, 0xff, 0xe0, 0x0, 0x0, 0x0, 0x0,
    0x7f, 0xff, 0xf8, 0x0, 0x7f, 0xff, 0xf8, 0x0,
    0x0, 0x0, 0x0, 0x1f, 0xff, 0xfe, 0x0, 0x1f,
    0xff, 0xfc, 0x0, 0x0, 0x0, 0x0, 0x7, 0xff,
    0xff, 0xc0, 0xf, 0xff, 0xff, 0x0, 0x0, 0x0,
    0x0, 0x0, 0xff, 0xff, 0xf0, 0x3, 0xff, 0xff,
    0x80, 0x0, 0x0, 0x0, 0x0, 0x3f, 0xff, 0xfe,
    0x1, 0xff, 0xff, 0xe0, 0x0, 0x0, 0x0, 0x0,
    0x7, 0xff, 0xff, 0x80, 0x7f, 0xff, 0xf0, 0x0,
    0x0, 0x0, 0x0, 0x1, 0xff, 0xff, 0xe0, 0x1f,
    0xff, 0xfc, 0x0, 0x0, 0x0, 0x0, 0x0, 0x3f,
    0xff, 0xfc, 0xf, 0xff, 0xff, 0x0, 0x0, 0x0,
    0x0, 0x0, 0xf, 0xff, 0xff, 0x3, 0xff, 0xff,
    0x80, 0x0, 0x0, 0x0, 0x0, 0x1, 0xff, 0xff,
    0xe1, 0xff, 0xff, 0xe0, 0x0, 0x0, 0x0, 0x0,
    0x0, 0x7f, 0xff, 0xf8, 0x7f, 0xff, 0xf0, 0x0,
    0x0, 0x0, 0x0, 0x0, 0x1f, 0xff, 0xff, 0x3f,
    0xff, 0xfc, 0x0, 0x0, 0x0, 0x0, 0x0, 0x3,
    0xff, 0xff, 0xcf, 0xff, 0xfe, 0x0, 0x0, 0x0,
    0x0, 0x0, 0x0, 0xff, 0xff, 0xf3, 0xff, 0xff,
    0x80, 0x0, 0x0, 0x0, 0x0, 0x0, 0x1f, 0xff,
    0xff, 0xff, 0xff, 0xc0, 0x0, 0x0, 0x0, 0x0,
    0x0, 0x7, 0xff, 0xff, 0xff, 0xff, 0xf0, 0x0,
    0x0, 0x0, 0x0, 0x0, 0x0, 0xff, 0xff, 0xff,
    0xff, 0xf8, 0x0, 0x0, 0x0, 0x0, 0x0, 0x0,
    0x3f, 0xff, 0xff, 0xff, 0xfe, 0x0, 0x0, 0x0,
    0x0, 0x0, 0x0, 0x7, 0xff, 0xff, 0xff, 0xff,
    0x80, 0x0, 0x0, 0x0, 0x0, 0x0, 0x1, 0xff,
    0xff, 0xff, 0xff, 0xc0, 0x0, 0x0, 0x0, 0x0,
    0x0, 0x0, 0x3f, 0xff, 0xff, 0xff, 0xf0, 0x0,
    0x0, 0x0, 0x0, 0x0, 0x0, 0xf, 0xff, 0xff,
    0xff, 0xf8, 0x0, 0x0, 0x0, 0x0, 0x0, 0x0,
    0x3, 0xff, 0xff, 0xff, 0xfe, 0x0, 0x0, 0x0,
    0x0, 0x0, 0x0, 0x0, 0x7f, 0xff, 0xff, 0xff,
    0x0, 0x0, 0x0, 0x0, 0x0, 0x0, 0x0, 0x1f,
    0xff, 0xff, 0xff, 0xc0, 0x0, 0x0, 0x0, 0x0,
    0x0, 0x0, 0x3, 0xff, 0xff, 0xff, 0xe0, 0x0,
    0x0, 0x0, 0x0, 0x0, 0x0, 0x0, 0xff, 0xff,
    0xff, 0xf8, 0x0, 0x0, 0x0, 0x0, 0x0, 0x0,
    0x0, 0x1f, 0xff, 0xff, 0xfe, 0x0, 0x0, 0x0,
    0x0, 0x0, 0x0, 0x0, 0x7, 0xff, 0xff, 0xff,
    0x0, 0x0, 0x0, 0x0, 0x0, 0x0, 0x0, 0x0,
    0xff, 0xff, 0xff, 0xc0, 0x0, 0x0, 0x0, 0x0,
    0x0, 0x0, 0x0, 0x3f, 0xff, 0xff, 0xe0, 0x0,
    0x0, 0x0, 0x0, 0x0, 0x0, 0x0, 0xf, 0xff,
    0xff, 0xf8, 0x0, 0x0, 0x0, 0x0, 0x0, 0x0,
    0x0, 0x1, 0xff, 0xff, 0xfc, 0x0, 0x0, 0x0,
    0x0, 0x0, 0x0, 0x0, 0x0, 0x7f, 0xff, 0xff,
    0x0, 0x0, 0x0, 0x0, 0x0, 0x0, 0x0, 0x0,
    0xf, 0xff, 0xff, 0x80, 0x0, 0x0, 0x0, 0x0,
    0x0, 0x0, 0x0, 0x3, 0xff, 0xff, 0xe0, 0x0,
    0x0, 0x0, 0x0, 0x0, 0x0, 0x0, 0x0, 0x7f,
    0xff, 0xf0, 0x0, 0x0, 0x0, 0x0, 0x0, 0x0,
    0x0, 0x0, 0xf, 0xff, 0xf8, 0x0, 0x0, 0x0,
    0x0, 0x0, 0x0, 0x0, 0x0, 0x1, 0xff, 0xfe,
    0x0, 0x0, 0x0, 0x0, 0x0, 0x0, 0x0, 0x0,
    0x0, 0x3f, 0xff, 0x0, 0x0, 0x0, 0x0, 0x0,
    0x0, 0x0, 0x0, 0x0, 0x7, 0xff, 0x0, 0x0,
    0x0, 0x0, 0x0, 0x0, 0x0, 0x0, 0x0, 0x0,
    0x8, 0x0, 0x0, 0x0, 0x0, 0x0, 0x0,

    /* U+0057 "W" */
    0x1, 0xfe, 0x0, 0x0, 0x0, 0x0, 0x0, 0x0,
    0x7f, 0x0, 0x0, 0x0, 0x0, 0x0, 0x0, 0x3f,
    0x80, 0xf, 0xff, 0x0, 0x0, 0x0, 0x0, 0x0,
    0x3, 0xff, 0x80, 0x0, 0x0, 0x0, 0x0, 0x1,
    0xff, 0xc0, 0x7f, 0xff, 0x0, 0x0, 0x0, 0x0,
    0x0, 0xf, 0xff, 0x80, 0x0, 0x0, 0x0, 0x0,
    0x7, 0xff, 0xc0, 0xff, 0xff, 0x0, 0x0, 0x0,
    0x0, 0x0, 0x3f, 0xff, 0x80, 0x0, 0x0, 0x0,
    0x0, 0x1f, 0xff, 0xc3, 0xff, 0xfe, 0x0, 0x0,
    0x0, 0x0, 0x0, 0xff, 0xff, 0x0, 0x0, 0x0,
    0x0, 0x0, 0x7f, 0xff, 0xc7, 0xff, 0xfe, 0x0,
    0x0, 0x0, 0x0, 0x1, 0xff, 0xff, 0x0, 0x0,
    0x0, 0x0, 0x0, 0xff, 0xff, 0x9f, 0xff, 0xfc,
    0x0, 0x0, 0x0, 0x0, 0x7, 0xff, 0xfe, 0x0,
    0x0, 0x0, 0x0, 0x3, 0xff, 0xff, 0x3f, 0xff,
    0xfc, 0x0, 0x0, 0x0, 0x0, 0xf, 0xff, 0xfe,
    0x0, 0x0, 0x0, 0x0, 0x7, 0xff, 0xfe, 0x7f,
    0xff, 0xf8, 0x0, 0x0, 0x0, 0x0, 0x1f, 0xff,
    0xfc, 0x0, 0x0, 0x0, 0x0, 0xf, 0xff, 0xfc,
    0xff, 0xff, 0xf0, 0x0, 0x0, 0x0, 0x0, 0x7f,
    0xff, 0xf8, 0x0, 0x0, 0x0, 0x0, 0x3f, 0xff,
    0xf8, 0xff, 0xff, 0xf0, 0x0, 0x0, 0x0, 0x0,
    0xff, 0xff, 0xf8, 0x0, 0x0, 0x0, 0x0, 0x7f,
    0xff, 0xf1, 0xff, 0xff, 0xe0, 0x0, 0x0, 0x0,
    0x3, 0xff, 0xff, 0xf0, 0x0, 0x0, 0x0, 0x0,
    0xff, 0xff, 0xe3, 0xff, 0xff, 0xc0, 0x0, 0x0,
    0x0, 0x7, 0xff, 0xff, 0xe0, 0x0, 0x0, 0x0,
    0x3, 0xff, 0xff, 0x87, 0xff, 0xff, 0xc0, 0x0,
    0x0, 0x0, 0xf, 0xff, 0xff, 0xe0, 0x0, 0x0,
    0x0, 0x7, 0xff, 0xff, 0x7, 0xff, 0xff, 0x80,
    0x0, 0x0, 0x0, 0x3f, 0xff, 0xff, 0xc0, 0x0,
    0x0, 0x0, 0xf, 0xff, 0xfe, 0xf, 0xff, 0xff,
    0x0, 0x0, 0x0, 0x0, 0x7f, 0xff, 0xff, 0x80,
    0x0, 0x0, 0x0, 0x3f, 0xff, 0xf8, 0xf, 0xff,
    0xff, 0x0, 0x0, 0x0, 0x0, 0xff, 0xff, 0xff,
    0x80, 0x0, 0x0, 0x0, 0x7f, 0xff, 0xf0, 0x1f,
    0xff, 0xfe, 0x0, 0x0, 0x0, 0x3, 0xff, 0xff,
    0xff, 0x0, 0x0, 0x0, 0x0, 0xff, 0xff, 0xe0,
    0x3f, 0xff, 0xfc, 0x0, 0x0, 0x0, 0x7, 0xff,
    0xff, 0xfe, 0x0, 0x0, 0x0, 0x3, 0xff, 0xff,
    0x80, 0x3f, 0xff, 0xfc, 0x0, 0x0, 0x0, 0xf,
    0xff, 0xff, 0xfe, 0x0, 0x0, 0x0, 0x7, 0xff,
    0xff, 0x0, 0x7f, 0xff, 0xf8, 0x0, 0x0, 0x0,
    0x3f, 0xff, 0xff, 0xfc, 0x0, 0x0, 0x0, 0xf,
    0xff, 0xfc, 0x0, 0xff, 0xff, 0xf0, 0x0, 0x0,
    0x0, 0x7f, 0xff, 0xff, 0xf8, 0x0, 0x0, 0x0,
    0x3f, 0xff, 0xf8, 0x0, 0xff, 0xff, 0xf0, 0x0,
    0x0, 0x0, 0xff, 0xff, 0xff, 0xf8, 0x0, 0x0,
    0x0, 0x7f, 0xff, 0xf0, 0x1, 0xff, 0xff, 0xe0,
    0x0, 0x0, 0x3, 0xff, 0xff, 0xff, 0xf0, 0x0,
    0x0, 0x0, 0xff, 0xff, 0xc0, 0x3, 0xff, 0xff,
    0xc0, 0x0, 0x0, 0x7, 0xff, 0xff, 0xff, 0xe0,
    0x0, 0x0, 0x3, 0xff, 0xff, 0x80, 0x3, 0xff,
    0xff, 0xc0, 0x0, 0x0, 0xf, 0xff, 0xff, 0xff,
    0xe0, 0x0, 0x0, 0x7, 0xff, 0xff, 0x0, 0x7,
    0xff, 0xff, 0x80, 0x0, 0x0, 0x3f, 0xff, 0xff,
    0xff, 0xc0, 0x0, 0x0, 0xf, 0xff, 0xfc, 0x0,
    0xf, 0xff, 0xff, 0x0, 0x0, 0x0, 0x7f, 0xff,
    0xff, 0xff, 0x80, 0x0, 0x0, 0x3f, 0xff, 0xf8,
    0x0, 0xf, 0xff, 0xff, 0x0, 0x0, 0x1, 0xff,
    0xff, 0xff, 0xff, 0x80, 0x0, 0x0, 0x7f, 0xff,
    0xf0, 0x0, 0x1f, 0xff, 0xfe, 0x0, 0x0, 0x3,
    0xff, 0xff, 0xff, 0xff, 0x0, 0x0, 0x0, 0xff,
    0xff, 0xc0, 0x0, 0x1f, 0xff, 0xfc, 0x0, 0x0,
    0x7, 0xff, 0xff, 0xff, 0xff, 0x0, 0x0, 0x3,
    0xff, 0xff, 0x80, 0x0, 0x3f, 0xff, 0xfc, 0x0,
    0x0, 0x1f, 0xff, 0xff, 0xff, 0xfe, 0x0, 0x0,
    0x7, 0xff, 0xff, 0x0, 0x0, 0x7f, 0xff, 0xf8,
    0x0, 0x0, 0x3f, 0xff, 0xef, 0xff, 0xfc, 0x0,
    0x0, 0xf, 0xff, 0xfc, 0x0, 0x0, 0x7f, 0xff,
    0xf0, 0x0, 0x0, 0x7f, 0xff, 0xdf, 0xff, 0xfc,
    0x0, 0x0, 0x3f, 0xff, 0xf8, 0x0, 0x0, 0xff,
    0xff, 0xf0, 0x0, 0x1, 0xff, 0xff, 0x9f, 0xff,
    0xf8, 0x0, 0x0, 0x7f, 0xff, 0xe0, 0x0, 0x1,
    0xff, 0xff, 0xe0, 0x0, 0x3, 0xff, 0xfe, 0x3f,
    0xff, 0xf0, 0x0, 0x1, 0xff, 0xff, 0xc0, 0x0,
    0x1, 0xff, 0xff, 0xc0, 0x0, 0x7, 0xff, 0xfc,
    0x3f, 0xff, 0xf0, 0x0, 0x3, 0xff, 0xff, 0x80,
    0x0, 0x3, 0xff, 0xff, 0xc0, 0x0, 0x1f, 0xff,
    0xf8, 0x7f, 0xff, 0xe0, 0x0, 0x7, 0xff, 0xfe,
    0x0, 0x0, 0x7, 0xff, 0xff, 0x80, 0x0, 0x3f,
    0xff, 0xe0, 0xff, 0xff, 0xc0, 0x0, 0x1f, 0xff,
    0xfc, 0x0, 0x0, 0x7, 0xff, 0xff, 0x0, 0x0,
    0x7f, 0xff, 0xc0, 0xff, 0xff, 0xc0, 0x0, 0x3f,
    0xff, 0xf8, 0x0, 0x0, 0xf, 0xff, 0xff, 0x0,
    0x1, 0xff, 0xff, 0x81, 0xff, 0xff, 0x80, 0x0,
    0x7f, 0xff, 0xe0, 0x0, 0x0, 0x1f, 0xff, 0xfe,
    0x0, 0x3, 0xff, 0xfe, 0x3, 0xff, 0xff, 0x0,
    0x1, 0xff, 0xff, 0xc0, 0x0, 0x0, 0x1f, 0xff,
    0xfc, 0x0, 0xf, 0xff, 0xfc, 0x3, 0xff, 0xff,
    0x0, 0x3, 0xff, 0xff, 0x80, 0x0, 0x0, 0x3f,
    0xff, 0xfc, 0x0, 0x1f, 0xff, 0xf8, 0x7, 0xff,
    0xfe, 0x0, 0x7, 0xff, 0xfe, 0x0, 0x0, 0x0,
    0x3f, 0xff, 0xf8, 0x0, 0x3f, 0xff, 0xe0, 0xf,
    0xff, 0xfc, 0x0, 0x1f, 0xff, 0xfc, 0x0, 0x0,
    0x0, 0x7f, 0xff, 0xf0, 0x0, 0xff, 0xff, 0xc0,
    0xf, 0xff, 0xfc, 0x0, 0x3f, 0xff, 0xf8, 0x0,
    0x0, 0x0, 0xff, 0xff, 0xf0, 0x1, 0xff, 0xff,
    0x0, 0x1f, 0xff, 0xf8, 0x0, 0x7f, 0xff, 0xe0,
    0x0, 0x0, 0x0, 0xff, 0xff, 0xe0, 0x3, 0xff,
    0xfe, 0x0, 0x3f, 0xff, 0xf0, 0x1, 0xff, 0xff,
    0xc0, 0x0, 0x0, 0x1, 0xff, 0xff, 0xc0, 0xf,
    0xff, 0xfc, 0x0, 0x3f, 0xff, 0xf0, 0x3, 0xff,
    0xff, 0x0, 0x0, 0x0, 0x3, 0xff, 0xff, 0xc0,
    0x1f, 0xff, 0xf0, 0x0, 0x7f, 0xff, 0xe0, 0x7,
    0xff, 0xfe, 0x0, 0x0, 0x0, 0x3, 0xff, 0xff,
    0x80, 0x3f, 0xff, 0xe0, 0x0, 0xff, 0xff, 0xc0,
    0x1f, 0xff, 0xfc, 0x0, 0x0, 0x0, 0x7, 0xff,
    0xff, 0x0, 0xff, 0xff, 0xc0, 0x0, 0xff, 0xff,
    0xc0, 0x3f, 0xff, 0xf0, 0x0, 0x0, 0x0, 0xf,
    0xff, 0xff, 0x1, 0xff, 0xff, 0x0, 0x1, 0xff,
    0xff, 0x80, 0x7f, 0xff, 0xe0, 0x0, 0x0, 0x0,
    0xf, 0xff, 0xfe, 0x3, 0xff, 0xfe, 0x0, 0x1,
    0xff, 0xff, 0x1, 0xff, 0xff, 0xc0, 0x0, 0x0,
    0x0, 0x1f, 0xff, 0xfc, 0xf, 0xff, 0xfc, 0x0,
    0x3, 0xff, 0xff, 0x3, 0xff, 0xff, 0x0, 0x0,
    0x0, 0x0, 0x3f, 0xff, 0xfc, 0x1f, 0xff, 0xf0,
    0x0, 0x7, 0xff, 0xfe, 0x7, 0xff, 0xfe, 0x0,
    0x0, 0x0, 0x0, 0x3f, 0xff, 0xf8, 0x3f, 0xff,
    0xe0, 0x0, 0x7, 0xff, 0xfc, 0x1f, 0xff, 0xfc,
    0x0, 0x0, 0x0, 0x0, 0x7f, 0xff, 0xf8, 0xff,
    0xff, 0xc0, 0x0, 0xf, 0xff, 0xfc, 0x3f, 0xff,
    0xf0, 0x0, 0x0, 0x0, 0x0, 0x7f, 0xff, 0xf1,
    0xff, 0xff, 0x0, 0x0, 0x1f, 0xff, 0xf8, 0x7f,
    0xff, 0xe0, 0x0, 0x0, 0x0, 0x0, 0xff, 0xff,
    0xe7, 0xff, 0xfe, 0x0, 0x0, 0x1f, 0xff, 0xf1,
    0xff, 0xff, 0x80, 0x0, 0x0, 0x0, 0x1, 0xff,
    0xff, 0xef, 0xff, 0xf8, 0x0, 0x0, 0x3f, 0xff,
    0xf3, 0xff, 0xff, 0x0, 0x0, 0x0, 0x0, 0x1,
    0xff, 0xff, 0xdf, 0xff, 0xf0, 0x0, 0x0, 0x7f,
    0xff, 0xe7, 0xff, 0xfe, 0x0, 0x0, 0x0, 0x0,
    0x3, 0xff, 0xff, 0xff, 0xff, 0xe0, 0x0, 0x0,
    0x7f, 0xff, 0xdf, 0xff, 0xf8, 0x0, 0x0, 0x0,
    0x0, 0x7, 0xff, 0xff, 0xff, 0xff, 0x80, 0x0,
    0x0, 0xff, 0xff, 0xff, 0xff, 0xf0, 0x0, 0x0,
    0x0, 0x0, 0x7, 0xff, 0xff, 0xff, 0xff, 0x0,
    0x0, 0x1, 0xff, 0xff, 0xff, 0xff, 0xe0, 0x0,
    0x0, 0x0, 0x0, 0xf, 0xff, 0xff, 0xff, 0xfe,
    0x0, 0x0, 0x1, 0xff, 0xff, 0xff, 0xff, 0x80,
    0x0, 0x0, 0x0, 0x0, 0x1f, 0xff, 0xff, 0xff,
    0xf8, 0x0, 0x0, 0x3, 0xff, 0xff, 0xff, 0xff,
    0x0, 0x0, 0x0, 0x0, 0x0, 0x1f, 0xff, 0xff,
    0xff, 0xf0, 0x0, 0x0, 0x3, 0xff, 0xff, 0xff,
    0xfe, 0x0, 0x0, 0x0, 0x0, 0x0, 0x3f, 0xff,
    0xff, 0xff, 0xe0, 0x0, 0x0, 0x7, 0xff, 0xff,
    0xff, 0xf8, 0x0, 0x0, 0x0, 0x0, 0x0, 0x7f,
    0xff, 0xff, 0xff, 0x80, 0x0, 0x0, 0xf, 0xff,
    0xff, 0xff, 0xf0, 0x0, 0x0, 0x0, 0x0, 0x0,
    0x7f, 0xff, 0xff, 0xff, 0x0, 0x0, 0x0, 0xf,
    0xff, 0xff, 0xff, 0xe0, 0x0, 0x0, 0x0, 0x0,
    0x0, 0xff, 0xff, 0xff, 0xfe, 0x0, 0x0, 0x0,
    0x1f, 0xff, 0xff, 0xff, 0x80, 0x0, 0x0, 0x0,
    0x0, 0x0, 0xff, 0xff, 0xff, 0xf8, 0x0, 0x0,
    0x0, 0x3f, 0xff, 0xff, 0xff, 0x0, 0x0, 0x0,
    0x0, 0x0, 0x1, 0xff, 0xff, 0xff, 0xf0, 0x0,
    0x0, 0x0, 0x3f, 0xff, 0xff, 0xfc, 0x0, 0x0,
    0x0, 0x0, 0x0, 0x3, 0xff, 0xff, 0xff, 0xc0,
    0x0, 0x0, 0x0, 0x7f, 0xff, 0xff, 0xf8, 0x0,
    0x0, 0x0, 0x0, 0x0, 0x3, 0xff, 0xff, 0xff,
    0x80, 0x0, 0x0, 0x0, 0xff, 0xff, 0xff, 0xf0,
    0x0, 0x0, 0x0, 0x0, 0x0, 0x7, 0xff, 0xff,
    0xff, 0x0, 0x0, 0x0, 0x0, 0xff, 0xff, 0xff,
    0xc0, 0x0, 0x0, 0x0, 0x0, 0x0, 0xf, 0xff,
    0xff, 0xfc, 0x0, 0x0, 0x0, 0x1, 0xff, 0xff,
    0xff, 0x80, 0x0, 0x0, 0x0, 0x0, 0x0, 0xf,
    0xff, 0xff, 0xf8, 0x0, 0x0, 0x0, 0x3, 0xff,
    0xff, 0xff, 0x0, 0x0, 0x0, 0x0, 0x0, 0x0,
    0x1f, 0xff, 0xff, 0xf0, 0x0, 0x0, 0x0, 0x3,
    0xff, 0xff, 0xfc, 0x0, 0x0, 0x0, 0x0, 0x0,
    0x0, 0x3f, 0xff, 0xff, 0xc0, 0x0, 0x0, 0x0,
    0x7, 0xff, 0xff, 0xf8, 0x0, 0x0, 0x0, 0x0,
    0x0, 0x0, 0x3f, 0xff, 0xff, 0x80, 0x0, 0x0,
    0x0, 0xf, 0xff, 0xff, 0xf0, 0x0, 0x0, 0x0,
    0x0, 0x0, 0x0, 0x7f, 0xff, 0xff, 0x0, 0x0,
    0x0, 0x0, 0xf, 0xff, 0xff, 0xc0, 0x0, 0x0,
    0x0, 0x0, 0x0, 0x0, 0xff, 0xff, 0xfc, 0x0,
    0x0, 0x0, 0x0, 0x1f, 0xff, 0xff, 0x80, 0x0,
    0x0, 0x0, 0x0, 0x0, 0x0, 0xff, 0xff, 0xf8,
    0x0, 0x0, 0x0, 0x0, 0x1f, 0xff, 0xff, 0x0,
    0x0, 0x0, 0x0, 0x0, 0x0, 0x1, 0xff, 0xff,
    0xe0, 0x0, 0x0, 0x0, 0x0, 0x3f, 0xff, 0xfc,
    0x0, 0x0, 0x0, 0x0, 0x0, 0x0, 0x1, 0xff,
    0xff, 0xc0, 0x0, 0x0, 0x0, 0x0, 0x7f, 0xff,
    0xf8, 0x0, 0x0, 0x0, 0x0, 0x0, 0x0, 0x3,
    0xff, 0xff, 0x0, 0x0, 0x0, 0x0, 0x0, 0x7f,
    0xff, 0xe0, 0x0, 0x0, 0x0, 0x0, 0x0, 0x0,
    0x3, 0xff, 0xfe, 0x0, 0x0, 0x0, 0x0, 0x0,
    0x7f, 0xff, 0x80, 0x0, 0x0, 0x0, 0x0, 0x0,
    0x0, 0x3, 0xff, 0xf8, 0x0, 0x0, 0x0, 0x0,
    0x0, 0xff, 0xff, 0x0, 0x0, 0x0, 0x0, 0x0,
    0x0, 0x0, 0x3, 0xff, 0xe0, 0x0, 0x0, 0x0,
    0x0, 0x0, 0xff, 0xfc, 0x0, 0x0, 0x0, 0x0,
    0x0, 0x0, 0x0, 0x3, 0xff, 0x0, 0x0, 0x0,
    0x0, 0x0, 0x0, 0x7f, 0xe0, 0x0, 0x0, 0x0,
    0x0, 0x0, 0x0, 0x0, 0x0, 0x20, 0x0, 0x0,
    0x0, 0x0, 0x0, 0x0, 0xc, 0x0, 0x0, 0x0,
    0x0, 0x0,

    /* U+0058 "X" */
    0x1, 0xfc, 0x0, 0x0, 0x0, 0x0, 0x0, 0x0,
    0xfe, 0x0, 0x1f, 0xfc, 0x0, 0x0, 0x0, 0x0,
    0x0, 0xf, 0xfe, 0x0, 0xff, 0xfc, 0x0, 0x0,
    0x0, 0x0, 0x0, 0xff, 0xfc, 0x7, 0xff, 0xf8,
    0x0, 0x0, 0x0, 0x0, 0x7, 0xff, 0xf8, 0x1f,
    0xff, 0xf0, 0x0, 0x0, 0x0, 0x0, 0x3f, 0xff,
    0xf0, 0xff, 0xff, 0xc0, 0x0, 0x0, 0x0, 0x1,
    0xff, 0xff, 0xc3, 0xff, 0xff, 0x80, 0x0, 0x0,
    0x0, 0x7, 0xff, 0xff, 0xf, 0xff, 0xff, 0x0,
    0x0, 0x0, 0x0, 0x3f, 0xff, 0xfe, 0x3f, 0xff,
    0xfe, 0x0, 0x0, 0x0, 0x1, 0xff, 0xff, 0xf8,
    0xff, 0xff, 0xf8, 0x0, 0x0, 0x0, 0x7, 0xff,
    0xff, 0xc3, 0xff, 0xff, 0xf0, 0x0, 0x0, 0x0,
    0x3f, 0xff, 0xff, 0xf, 0xff, 0xff, 0xe0, 0x0,
    0x0, 0x1, 0xff, 0xff, 0xfc, 0x1f, 0xff, 0xff,
    0xc0, 0x0, 0x0, 0xf, 0xff, 0xff, 0xe0, 0x3f,
    0xff, 0xff, 0x0, 0x0, 0x0, 0x3f, 0xff, 0xff,
    0x80, 0xff, 0xff, 0xfe, 0x0, 0x0, 0x1, 0xff,
    0xff, 0xfc, 0x1, 0xff, 0xff, 0xfc, 0x0, 0x0,
    0xf, 0xff, 0xff, 0xe0, 0x3, 0xff, 0xff, 0xf8,
    0x0, 0x0, 0x3f, 0xff, 0xff, 0x0, 0x7, 0xff,
    0xff, 0xe0, 0x0, 0x1, 0xff, 0xff, 0xfc, 0x0,
    0x1f, 0xff, 0xff, 0xc0, 0x0, 0xf, 0xff, 0xff,
    0xe0, 0x0, 0x3f, 0xff, 0xff, 0x80, 0x0, 0x7f,
    0xff, 0xff, 0x0, 0x0, 0x7f, 0xff, 0xfe, 0x0,
    0x1, 0xff, 0xff, 0xf8, 0x0, 0x0, 0xff, 0xff,
    0xfc, 0x0, 0xf, 0xff, 0xff, 0xc0, 0x0, 0x3,
    0xff, 0xff, 0xf8, 0x0, 0x7f, 0xff, 0xff, 0x0,
    0x0, 0x7, 0xff, 0xff, 0xf0, 0x3, 0xff, 0xff,
    0xf8, 0x0, 0x0, 0xf, 0xff, 0xff, 0xc0, 0xf,
    0xff, 0xff, 0xc0, 0x0, 0x0, 0x1f, 0xff, 0xff,
    0x80, 0x7f, 0xff, 0xfe, 0x0, 0x0, 0x0, 0x7f,
    0xff, 0xff, 0x3, 0xff, 0xff, 0xf8, 0x0, 0x0,
    0x0, 0xff, 0xff, 0xfe, 0xf, 0xff, 0xff, 0xc0,
    0x0, 0x0, 0x1, 0xff, 0xff, 0xf8, 0x7f, 0xff,
    0xfe, 0x0, 0x0, 0x0, 0x3, 0xff, 0xff, 0xf3,
    0xff, 0xff, 0xf0, 0x0, 0x0, 0x0, 0xf, 0xff,
    0xff, 0xff, 0xff, 0xff, 0xc0, 0x0, 0x0, 0x0,
    0x1f, 0xff, 0xff, 0xff, 0xff, 0xfe, 0x0, 0x0,
    0x0, 0x0, 0x3f, 0xff, 0xff, 0xff, 0xff, 0xf0,
    0x0, 0x0, 0x0, 0x0, 0x7f, 0xff, 0xff, 0xff,
    0xff, 0x80, 0x0, 0x0, 0x0, 0x1, 0xff, 0xff,
    0xff, 0xff, 0xfe, 0x0, 0x0, 0x0, 0x0, 0x3,
    0xff, 0xff, 0xff, 0xff, 0xf0, 0x0, 0x0, 0x0,
    0x0, 0x7, 0xff, 0xff, 0xff, 0xff, 0x80, 0x0,
    0x0, 0x0, 0x0, 0xf, 0xff, 0xff, 0xff, 0xfc,
    0x0, 0x0, 0x0, 0x0, 0x0, 0x3f, 0xff, 0xff,
    0xff, 0xf0, 0x0, 0x0, 0x0, 0x0, 0x0, 0x7f,
    0xff, 0xff, 0xff, 0x80, 0x0, 0x0, 0x0, 0x0,
    0x0, 0xff, 0xff, 0xff, 0xfc, 0x0, 0x0, 0x0,
    0x0, 0x0, 0x1, 0xff, 0xff, 0xff, 0xe0, 0x0,
    0x0, 0x0, 0x0, 0x0, 0x3, 0xff, 0xff, 0xff,
    0x80, 0x0, 0x0, 0x0, 0x0, 0x0, 0xf, 0xff,
    0xff, 0xfc, 0x0, 0x0, 0x0, 0x0, 0x0, 0x0,
    0x1f, 0xff, 0xff, 0xe0, 0x0, 0x0, 0x0, 0x0,
    0x0, 0x0, 0x3f, 0xff, 0xff, 0x0, 0x0, 0x0,
    0x0, 0x0, 0x0, 0x1, 0xff, 0xff, 0xfe, 0x0,
    0x0, 0x0, 0x0, 0x0, 0x0, 0xf, 0xff, 0xff,
    0xfc, 0x0, 0x0, 0x0, 0x0, 0x0, 0x0, 0x7f,
    0xff, 0xff, 0xf8, 0x0, 0x0, 0x0, 0x0, 0x0,
    0x1, 0xff, 0xff, 0xff, 0xe0, 0x0, 0x0, 0x0,
    0x0, 0x0, 0xf, 0xff, 0xff, 0xff, 0xc0, 0x0,
    0x0, 0x0, 0x0, 0x0, 0x7f, 0xff, 0xff, 0xff,
    0x80, 0x0, 0x0, 0x0, 0x0, 0x3, 0xff, 0xff,
    0xff, 0xff, 0x0, 0x0, 0x0, 0x0, 0x0, 0x1f,
    0xff, 0xff, 0xff, 0xfc, 0x0, 0x0, 0x0, 0x0,
    0x0, 0x7f, 0xff, 0xff, 0xff, 0xf8, 0x0, 0x0,
    0x0, 0x0, 0x3, 0xff, 0xff, 0xff, 0xff, 0xf0,
    0x0, 0x0, 0x0, 0x0, 0x1f, 0xff, 0xff, 0xff,
    0xff, 0xe0, 0x0, 0x0, 0x0, 0x0, 0xff, 0xff,
    0xff, 0xff, 0xff, 0x80, 0x0, 0x0, 0x0, 0x3,
    0xff, 0xff, 0xff, 0xff, 0xff, 0x0, 0x0, 0x0,
    0x0, 0x1f, 0xff, 0xff, 0xff, 0xff, 0xfe, 0x0,
    0x0, 0x0, 0x0, 0xff, 0xff, 0xff, 0xff, 0xff,
    0xfc, 0x0, 0x0, 0x0, 0x7, 0xff, 0xff, 0xf3,
    0xff, 0xff, 0xf8, 0x0, 0x0, 0x0, 0x1f, 0xff,
    0xff, 0x87, 0xff, 0xff, 0xe0, 0x0, 0x0, 0x0,
    0xff, 0xff, 0xfc, 0xf, 0xff, 0xff, 0xc0, 0x0,
    0x0, 0x7, 0xff, 0xff, 0xf0, 0x3f, 0xff, 0xff,
    0x80, 0x0, 0x0, 0x3f, 0xff, 0xff, 0x80, 0x7f,
    0xff, 0xff, 0x0, 0x0, 0x0, 0xff, 0xff, 0xfc,
    0x0, 0xff, 0xff, 0xfc, 0x0, 0x0, 0x7, 0xff,
    0xff, 0xe0, 0x1, 0xff, 0xff, 0xf8, 0x0, 0x0,
    0x3f, 0xff, 0xff, 0x80, 0x7, 0xff, 0xff, 0xf0,
    0x0, 0x1, 0xff, 0xff, 0xfc, 0x0, 0xf, 0xff,
    0xff, 0xe0, 0x0, 0x7, 0xff, 0xff, 0xe0, 0x0,
    0x1f, 0xff, 0xff, 0x80, 0x0, 0x3f, 0xff, 0xff,
    0x0, 0x0, 0x3f, 0xff, 0xff, 0x0, 0x1, 0xff,
    0xff, 0xfc, 0x0, 0x0, 0xff, 0xff, 0xfe, 0x0,
    0xf, 0xff, 0xff, 0xe0, 0x0, 0x1, 0xff, 0xff,
    0xfc, 0x0, 0x3f, 0xff, 0xff, 0x0, 0x0, 0x3,
    0xff, 0xff, 0xf0, 0x1, 0xff, 0xff, 0xfc, 0x0,
    0x0, 0xf, 0xff, 0xff, 0xe0, 0xf, 0xff, 0xff,
    0xe0, 0x0, 0x0, 0x1f, 0xff, 0xff, 0xc0, 0x7f,
    0xff, 0xff, 0x0, 0x0, 0x0, 0x3f, 0xff, 0xff,
    0x81, 0xff, 0xff, 0xf8, 0x0, 0x0, 0x0, 0x7f,
    0xff, 0xfe, 0xf, 0xff, 0xff, 0xe0, 0x0, 0x0,
    0x1, 0xff, 0xff, 0xfc, 0x7f, 0xff, 0xff, 0x0,
    0x0, 0x0, 0x3, 0xff, 0xff, 0xf9, 0xff, 0xff,
    0xf8, 0x0, 0x0, 0x0, 0x7, 0xff, 0xff, 0xe7,
    0xff, 0xff, 0xc0, 0x0, 0x0, 0x0, 0xf, 0xff,
    0xff, 0x9f, 0xff, 0xff, 0x0, 0x0, 0x0, 0x0,
    0x3f, 0xff, 0xfe, 0x7f, 0xff, 0xf8, 0x0, 0x0,
    0x0, 0x0, 0x7f, 0xff, 0xf9, 0xff, 0xff, 0xc0,
    0x0, 0x0, 0x0, 0x0, 0xff, 0xff, 0xe7, 0xff,
    0xff, 0x0, 0x0, 0x0, 0x0, 0x3, 0xff, 0xff,
    0x8f, 0xff, 0xf8, 0x0, 0x0, 0x0, 0x0, 0x7,
    0xff, 0xfe, 0x3f, 0xff, 0xc0, 0x0, 0x0, 0x0,
    0x0, 0xf, 0xff, 0xf0, 0x7f, 0xfe, 0x0, 0x0,
    0x0, 0x0, 0x0, 0x1f, 0xff, 0x80, 0xff, 0xe0,
    0x0, 0x0, 0x0, 0x0, 0x0, 0x1f, 0xfc, 0x0,
    0xfe, 0x0, 0x0, 0x0, 0x0, 0x0, 0x0, 0x1f,
    0xc0,

    /* U+0059 "Y" */
    0x3, 0xf8, 0x0, 0x0, 0x0, 0x0, 0x0, 0x0,
    0xfe, 0x0, 0xff, 0xe0, 0x0, 0x0, 0x0, 0x0,
    0x0, 0x3f, 0xf8, 0x1f, 0xff, 0x0, 0x0, 0x0,
    0x0, 0x0, 0xf, 0xff, 0xc3, 0xff, 0xf8, 0x0,
    0x0, 0x0, 0x0, 0x1, 0xff, 0xfe, 0x7f, 0xff,
    0xc0, 0x0, 0x0, 0x0, 0x0, 0x3f, 0xff, 0xe7,
    0xff, 0xfe, 0x0, 0x0, 0x0, 0x0, 0x7, 0xff,
    0xff, 0x7f, 0xff, 0xf0, 0x0, 0x0, 0x0, 0x0,
    0x7f, 0xff, 0xff, 0xff, 0xff, 0x80, 0x0, 0x0,
    0x0, 0xf, 0xff, 0xff, 0xff, 0xff, 0xf8, 0x0,
    0x0, 0x0, 0x1, 0xff, 0xff, 0xff, 0xff, 0xff,
    0xc0, 0x0, 0x0, 0x0, 0x1f, 0xff, 0xff, 0x7f,
    0xff, 0xfe, 0x0, 0x0, 0x0, 0x3, 0xff, 0xff,
    0xe7, 0xff, 0xff, 0xe0, 0x0, 0x0, 0x0, 0x7f,
    0xff, 0xfe, 0x7f, 0xff, 0xff, 0x0, 0x0, 0x0,
    0x7, 0xff, 0xff, 0xe3, 0xff, 0xff, 0xf8, 0x0,
    0x0, 0x0, 0xff, 0xff, 0xfc, 0x1f, 0xff, 0xff,
    0x80, 0x0, 0x0, 0x1f, 0xff, 0xff, 0x81, 0xff,
    0xff, 0xfc, 0x0, 0x0, 0x3, 0xff, 0xff, 0xf8,
    0xf, 0xff, 0xff, 0xe0, 0x0, 0x0, 0x3f, 0xff,
    0xff, 0x0, 0x7f, 0xff, 0xff, 0x0, 0x0, 0x7,
    0xff, 0xff, 0xe0, 0x7, 0xff, 0xff, 0xf0, 0x0,
    0x0, 0xff, 0xff, 0xfc, 0x0, 0x3f, 0xff, 0xff,
    0x80, 0x0, 0xf, 0xff, 0xff, 0xc0, 0x1, 0xff,
    0xff, 0xfc, 0x0, 0x1, 0xff, 0xff, 0xf8, 0x0,
    0xf, 0xff, 0xff, 0xc0, 0x0, 0x3f, 0xff, 0xff,
    0x0, 0x0, 0xff, 0xff, 0xfe, 0x0, 0x3, 0xff,
    0xff, 0xf0, 0x0, 0x7, 0xff, 0xff, 0xf0, 0x0,
    0x7f, 0xff, 0xfe, 0x0, 0x0, 0x3f, 0xff, 0xff,
    0x0, 0xf, 0xff, 0xff, 0xc0, 0x0, 0x3, 0xff,
    0xff, 0xf8, 0x0, 0xff, 0xff, 0xfc, 0x0, 0x0,
    0x1f, 0xff, 0xff, 0xc0, 0x1f, 0xff, 0xff, 0x80,
    0x0, 0x0, 0xff, 0xff, 0xfe, 0x3, 0xff, 0xff,
    0xf0, 0x0, 0x0, 0xf, 0xff, 0xff, 0xe0, 0x7f,
    0xff, 0xfe, 0x0, 0x0, 0x0, 0x7f, 0xff, 0xff,
    0x7, 0xff, 0xff, 0xe0, 0x0, 0x0, 0x3, 0xff,
    0xff, 0xf8, 0xff, 0xff, 0xfc, 0x0, 0x0, 0x0,
    0x1f, 0xff, 0xff, 0x9f, 0xff, 0xff, 0x80, 0x0,
    0x0, 0x1, 0xff, 0xff, 0xfd, 0xff, 0xff, 0xf8,
    0x0, 0x0, 0x0, 0xf, 0xff, 0xff, 0xff, 0xff,
    0xff, 0x0, 0x0, 0x0, 0x0, 0x7f, 0xff, 0xff,
    0xff, 0xff, 0xe0, 0x0, 0x0, 0x0, 0x7, 0xff,
    0xff, 0xff, 0xff, 0xfe, 0x0, 0x0, 0x0, 0x0,
    0x3f, 0xff, 0xff, 0xff, 0xff, 0xc0, 0x0, 0x0,
    0x0, 0x1, 0xff, 0xff, 0xff, 0xff, 0xf8, 0x0,
    0x0, 0x0, 0x0, 0x1f, 0xff, 0xff, 0xff, 0xff,
    0x80, 0x0, 0x0, 0x0, 0x0, 0xff, 0xff, 0xff,
    0xff, 0xf0, 0x0, 0x0, 0x0, 0x0, 0x7, 0xff,
    0xff, 0xff, 0xfe, 0x0, 0x0, 0x0, 0x0, 0x0,
    0x3f, 0xff, 0xff, 0xff, 0xc0, 0x0, 0x0, 0x0,
    0x0, 0x3, 0xff, 0xff, 0xff, 0xfc, 0x0, 0x0,
    0x0, 0x0, 0x0, 0x1f, 0xff, 0xff, 0xff, 0x80,
    0x0, 0x0, 0x0, 0x0, 0x0, 0xff, 0xff, 0xff,
    0xf0, 0x0, 0x0, 0x0, 0x0, 0x0, 0xf, 0xff,
    0xff, 0xff, 0x0, 0x0, 0x0, 0x0, 0x0, 0x0,
    0x7f, 0xff, 0xff, 0xe0, 0x0, 0x0, 0x0, 0x0,
    0x0, 0x3, 0xff, 0xff, 0xfc, 0x0, 0x0, 0x0,
    0x0, 0x0, 0x0, 0x1f, 0xff, 0xff, 0xc0, 0x0,
    0x0, 0x0, 0x0, 0x0, 0x1, 0xff, 0xff, 0xf8,
    0x0, 0x0, 0x0, 0x0, 0x0, 0x0, 0xf, 0xff,
    0xff, 0x0, 0x0, 0x0, 0x0, 0x0, 0x0, 0x0,
    0xff, 0xff, 0xf0, 0x0, 0x0, 0x0, 0x0, 0x0,
    0x0, 0xf, 0xff, 0xff, 0x0, 0x0, 0x0, 0x0,
    0x0, 0x0, 0x0, 0xff, 0xff, 0xf0, 0x0, 0x0,
    0x0, 0x0, 0x0, 0x0, 0xf, 0xff, 0xff, 0x0,
    0x0, 0x0, 0x0, 0x0, 0x0, 0x0, 0xff, 0xff,
    0xf0, 0x0, 0x0, 0x0, 0x0, 0x0, 0x0, 0xf,
    0xff, 0xff, 0x0, 0x0, 0x0, 0x0, 0x0, 0x0,
    0x0, 0xff, 0xff, 0xf0, 0x0, 0x0, 0x0, 0x0,
    0x0, 0x0, 0xf, 0xff, 0xff, 0x0, 0x0, 0x0,
    0x0, 0x0, 0x0, 0x0, 0xff, 0xff, 0xf0, 0x0,
    0x0, 0x0, 0x0, 0x0, 0x0, 0xf, 0xff, 0xff,
    0x0, 0x0, 0x0, 0x0, 0x0, 0x0, 0x0, 0xff,
    0xff, 0xf0, 0x0, 0x0, 0x0, 0x0, 0x0, 0x0,
    0xf, 0xff, 0xff, 0x0, 0x0, 0x0, 0x0, 0x0,
    0x0, 0x0, 0xff, 0xff, 0xf0, 0x0, 0x0, 0x0,
    0x0, 0x0, 0x0, 0xf, 0xff, 0xff, 0x0, 0x0,
    0x0, 0x0, 0x0, 0x0, 0x0, 0xff, 0xff, 0xf0,
    0x0, 0x0, 0x0, 0x0, 0x0, 0x0, 0xf, 0xff,
    0xff, 0x0, 0x0, 0x0, 0x0, 0x0, 0x0, 0x0,
    0xff, 0xff, 0xf0, 0x0, 0x0, 0x0, 0x0, 0x0,
    0x0, 0xf, 0xff, 0xff, 0x0, 0x0, 0x0, 0x0,
    0x0, 0x0, 0x0, 0xff, 0xff, 0xf0, 0x0, 0x0,
    0x0, 0x0, 0x0, 0x0, 0xf, 0xff, 0xff, 0x0,
    0x0, 0x0, 0x0, 0x0, 0x0, 0x0, 0xff, 0xff,
    0xf0, 0x0, 0x0, 0x0, 0x0, 0x0, 0x0, 0xf,
    0xff, 0xff, 0x0, 0x0, 0x0, 0x0, 0x0, 0x0,
    0x0, 0xff, 0xff, 0xf0, 0x0, 0x0, 0x0, 0x0,
    0x0, 0x0, 0xf, 0xff, 0xff, 0x0, 0x0, 0x0,
    0x0, 0x0, 0x0, 0x0, 0xff, 0xff, 0xf0, 0x0,
    0x0, 0x0, 0x0, 0x0, 0x0, 0xf, 0xff, 0xff,
    0x0, 0x0, 0x0, 0x0, 0x0, 0x0, 0x0, 0xff,
    0xff, 0xf0, 0x0, 0x0, 0x0, 0x0, 0x0, 0x0,
    0xf, 0xff, 0xff, 0x0, 0x0, 0x0, 0x0, 0x0,
    0x0, 0x0, 0xff, 0xff, 0xf0, 0x0, 0x0, 0x0,
    0x0, 0x0, 0x0, 0xf, 0xff, 0xff, 0x0, 0x0,
    0x0, 0x0, 0x0, 0x0, 0x0, 0xff, 0xff, 0xf0,
    0x0, 0x0, 0x0, 0x0, 0x0, 0x0, 0xf, 0xff,
    0xff, 0x0, 0x0, 0x0, 0x0, 0x0, 0x0, 0x0,
    0xff, 0xff, 0xf0, 0x0, 0x0, 0x0, 0x0, 0x0,
    0x0, 0xf, 0xff, 0xff, 0x0, 0x0, 0x0, 0x0,
    0x0, 0x0, 0x0, 0xff, 0xff, 0xf0, 0x0, 0x0,
    0x0, 0x0, 0x0, 0x0, 0x7, 0xff, 0xfe, 0x0,
    0x0, 0x0, 0x0, 0x0, 0x0, 0x0, 0x7f, 0xff,
    0xe0, 0x0, 0x0, 0x0, 0x0, 0x0, 0x0, 0x3,
    0xff, 0xfe, 0x0, 0x0, 0x0, 0x0, 0x0, 0x0,
    0x0, 0x3f, 0xff, 0xc0, 0x0, 0x0, 0x0, 0x0,
    0x0, 0x0, 0x1, 0xff, 0xf8, 0x0, 0x0, 0x0,
    0x0, 0x0, 0x0, 0x0, 0x7, 0xfe, 0x0, 0x0,
    0x0, 0x0, 0x0, 0x0, 0x0, 0x0, 0x6, 0x0,
    0x0, 0x0, 0x0, 0x0,

    /* U+005A "Z" */
    0x7, 0xff, 0xff, 0xff, 0xff, 0xff, 0xff, 0xff,
    0x80, 0xf, 0xff, 0xff, 0xff, 0xff, 0xff, 0xff,
    0xff, 0xf0, 0xf, 0xff, 0xff, 0xff, 0xff, 0xff,
    0xff, 0xff, 0xfc, 0xf, 0xff, 0xff, 0xff, 0xff,
    0xff, 0xff, 0xff, 0xff, 0x7, 0xff, 0xff, 0xff,
    0xff, 0xff, 0xff, 0xff, 0xff, 0xc7, 0xff, 0xff,
    0xff, 0xff, 0xff, 0xff, 0xff, 0xff, 0xe3, 0xff,
    0xff, 0xff, 0xff, 0xff, 0xff, 0xff, 0xff, 0xf1,
    0xff, 0xff, 0xff, 0xff, 0xff, 0xff, 0xff, 0xff,
    0xfc, 0xff, 0xff, 0xff, 0xff, 0xff, 0xff, 0xff,
    0xff, 0xfe, 0x7f, 0xff, 0xff, 0xff, 0xff, 0xff,
    0xff, 0xff, 0xff, 0x3f, 0xff, 0xff, 0xff, 0xff,
    0xff, 0xff, 0xff, 0xff, 0xf, 0xff, 0xff, 0xff,
    0xff, 0xff, 0xff, 0xff, 0xff, 0x87, 0xff, 0xff,
    0xff, 0xff, 0xff, 0xff, 0xff, 0xff, 0xc1, 0xff,
    0xff, 0xff, 0xff, 0xff, 0xff, 0xff, 0xff, 0xe0,
    0x7f, 0xff, 0xff, 0xff, 0xff, 0xff, 0xff, 0xff,
    0xe0, 0xf, 0xff, 0xff, 0xff, 0xff, 0xff, 0xff,
    0xff, 0xf0, 0x0, 0x0, 0x0, 0x0, 0x0, 0x3,
    0xff, 0xff, 0xf0, 0x0, 0x0, 0x0, 0x0, 0x0,
    0x3, 0xff, 0xff, 0xf0, 0x0, 0x0, 0x0, 0x0,
    0x0, 0x1, 0xff, 0xff, 0xf8, 0x0, 0x0, 0x0,
    0x0, 0x0, 0x1, 0xff, 0xff, 0xf8, 0x0, 0x0,
    0x0, 0x0, 0x0, 0x1, 0xff, 0xff, 0xf8, 0x0,
    0x0, 0x0, 0x0, 0x0, 0x1, 0xff, 0xff, 0xf8,
    0x0, 0x0, 0x0, 0x0, 0x0, 0x0, 0xff, 0xff,
    0xfc, 0x0, 0x0, 0x0, 0x0, 0x0, 0x0, 0xff,
    0xff, 0xfc, 0x0, 0x0, 0x0, 0x0, 0x0, 0x0,
    0xff, 0xff, 0xfc, 0x0, 0x0, 0x0, 0x0, 0x0,
    0x0, 0xff, 0xff, 0xfc, 0x0, 0x0, 0x0, 0x0,
    0x0, 0x0, 0x7f, 0xff, 0xfe, 0x0, 0x0, 0x0,
    0x0, 0x0, 0x0, 0x7f, 0xff, 0xfe, 0x0, 0x0,
    0x0, 0x0, 0x0, 0x0, 0x7f, 0xff, 0xfe, 0x0,
    0x0, 0x0, 0x0, 0x0, 0x0, 0x7f, 0xff, 0xfe,
    0x0, 0x0, 0x0, 0x0, 0x0, 0x0, 0x7f, 0xff,
    0xff, 0x0, 0x0, 0x0, 0x0, 0x0, 0x0, 0x3f,
    0xff, 0xff, 0x0, 0x0, 0x0, 0x0, 0x0, 0x0,
    0x3f, 0xff, 0xff, 0x0, 0x0, 0x0, 0x0, 0x0,
    0x0, 0x3f, 0xff, 0xff, 0x0, 0x0, 0x0, 0x0,
    0x0, 0x0, 0x3f, 0xff, 0xff, 0x80, 0x0, 0x0,
    0x0, 0x0, 0x0, 0x1f, 0xff, 0xff, 0x80, 0x0,
    0x0, 0x0, 0x0, 0x0, 0x1f, 0xff, 0xff, 0x80,
    0x0, 0x0, 0x0, 0x0, 0x0, 0x1f, 0xff, 0xff,
    0x80, 0x0, 0x0, 0x0, 0x0, 0x0, 0x1f, 0xff,
    0xff, 0x80, 0x0, 0x0, 0x0, 0x0, 0x0, 0xf,
    0xff, 0xff, 0xc0, 0x0, 0x0, 0x0, 0x0, 0x0,
    0xf, 0xff, 0xff, 0xc0, 0x0, 0x0, 0x0, 0x0,
    0x0, 0xf, 0xff, 0xff, 0xc0, 0x0, 0x0, 0x0,
    0x0, 0x0, 0xf, 0xff, 0xff, 0xc0, 0x0, 0x0,
    0x0, 0x0, 0x0, 0x7, 0xff, 0xff, 0xe0, 0x0,
    0x0, 0x0, 0x0, 0x0, 0x7, 0xff, 0xff, 0xe0,
    0x0, 0x0, 0x0, 0x0, 0x0, 0x7, 0xff, 0xff,
    0xe0, 0x0, 0x0, 0x0, 0x0, 0x0, 0x7, 0xff,
    0xff, 0xe0, 0x0, 0x0, 0x0, 0x0, 0x0, 0x3,
    0xff, 0xff, 0xf0, 0x0, 0x0, 0x0, 0x0, 0x0,
    0x3, 0xff, 0xff, 0xf0, 0x0, 0x0, 0x0, 0x0,
    0x0, 0x3, 0xff, 0xff, 0xf0, 0x0, 0x0, 0x0,
    0x0, 0x0, 0x3, 0xff, 0xff, 0xf0, 0x0, 0x0,
    0x0, 0x0, 0x0, 0x3, 0xff, 0xff, 0xf8, 0x0,
    0x0, 0x0, 0x0, 0x0, 0x1, 0xff, 0xff, 0xf8,
    0x0, 0x0, 0x0, 0x0, 0x0, 0x1, 0xff, 0xff,
    0xf8, 0x0, 0x0, 0x0, 0x0, 0x0, 0x1, 0xff,
    0xff, 0xf8, 0x0, 0x0, 0x0, 0x0, 0x0, 0x1,
    0xff, 0xff, 0xfc, 0x0, 0x0, 0x0, 0x0, 0x0,
    0x0, 0xff, 0xff, 0xfc, 0x0, 0x0, 0x0, 0x0,
    0x0, 0x0, 0xff, 0xff, 0xfc, 0x0, 0x0, 0x0,
    0x0, 0x0, 0x0, 0xff, 0xff, 0xfc, 0x0, 0x0,
    0x0, 0x0, 0x0, 0x0, 0xff, 0xff, 0xfc, 0x0,
    0x0, 0x0, 0x0, 0x0, 0x0, 0x7f, 0xff, 0xfe,
    0x0, 0x0, 0x0, 0x0, 0x0, 0x0, 0x7f, 0xff,
    0xfe, 0x0, 0x0, 0x0, 0x0, 0x0, 0x0, 0x7f,
    0xff, 0xfe, 0x0, 0x0, 0x0, 0x0, 0x0, 0x0,
    0x7f, 0xff, 0xfe, 0x0, 0x0, 0x0, 0x0, 0x0,
    0x0, 0x3f, 0xff, 0xff, 0x0, 0x0, 0x0, 0x0,
    0x0, 0x0, 0x3f, 0xff, 0xff, 0x0, 0x0, 0x0,
    0x0, 0x0, 0x0, 0x3f, 0xff, 0xff, 0x0, 0x0,
    0x0, 0x0, 0x0, 0x0, 0x3f, 0xff, 0xff, 0x0,
    0x0, 0x0, 0x0, 0x0, 0x0, 0x1f, 0xff, 0xff,
    0x80, 0x0, 0x0, 0x0, 0x0, 0x0, 0x1f, 0xff,
    0xff, 0x80, 0x0, 0x0, 0x0, 0x0, 0x0, 0x1f,
    0xff, 0xff, 0x80, 0x0, 0x0, 0x0, 0x0, 0x0,
    0x1f, 0xff, 0xff, 0x80, 0x0, 0x0, 0x0, 0x0,
    0x0, 0x1f, 0xff, 0xff, 0xc0, 0x0, 0x0, 0x0,
    0x0, 0x0, 0xf, 0xff, 0xff, 0xc0, 0x0, 0x0,
    0x0, 0x0, 0x0, 0xf, 0xff, 0xff, 0xff, 0xff,
    0xff, 0xff, 0xff, 0xfc, 0x7, 0xff, 0xff, 0xff,
    0xff, 0xff, 0xff, 0xff, 0xff, 0x87, 0xff, 0xff,
    0xff, 0xff, 0xff, 0xff, 0xff, 0xff, 0xe3, 0xff,
    0xff, 0xff, 0xff, 0xff, 0xff, 0xff, 0xff, 0xf9,
    0xff, 0xff, 0xff, 0xff, 0xff, 0xff, 0xff, 0xff,
    0xfc, 0xff, 0xff, 0xff, 0xff, 0xff, 0xff, 0xff,
    0xff, 0xff, 0xff, 0xff, 0xff, 0xff, 0xff, 0xff,
    0xff, 0xff, 0xff, 0xff, 0xff, 0xff, 0xff, 0xff,
    0xff, 0xff, 0xff, 0xff, 0xdf, 0xff, 0xff, 0xff,
    0xff, 0xff, 0xff, 0xff, 0xff, 0xef, 0xff, 0xff,
    0xff, 0xff, 0xff, 0xff, 0xff, 0xff, 0xf7, 0xff,
    0xff, 0xff, 0xff, 0xff, 0xff, 0xff, 0xff, 0xfb,
    0xff, 0xff, 0xff, 0xff, 0xff, 0xff, 0xff, 0xff,
    0xf8, 0xff, 0xff, 0xff, 0xff, 0xff, 0xff, 0xff,
    0xff, 0xfc, 0x3f, 0xff, 0xff, 0xff, 0xff, 0xff,
    0xff, 0xff, 0xfc, 0xf, 0xff, 0xff, 0xff, 0xff,
    0xff, 0xff, 0xff, 0xfc, 0x1, 0xff, 0xff, 0xff,
    0xff, 0xff, 0xff, 0xff, 0xf8, 0x0,

    /* U+005B "[" */
    0x7, 0xff, 0xff, 0xfc, 0x7, 0xff, 0xff, 0xff,
    0x83, 0xff, 0xff, 0xff, 0xf1, 0xff, 0xff, 0xff,
    0xfe, 0x7f, 0xff, 0xff, 0xff, 0xff, 0xff, 0xff,
    0xff, 0xff, 0xff, 0xff, 0xff, 0xff, 0xff, 0xff,
    0xff, 0xff, 0xff, 0xff, 0xff, 0xff, 0xff, 0xff,
    0xff, 0xff, 0xff, 0xff, 0xff, 0xff, 0xfb, 0xff,
    0xff, 0xff, 0xfc, 0xff, 0xff, 0xff, 0xfe, 0x3f,
    0xff, 0xff, 0xfe, 0xf, 0xff, 0xfe, 0x0, 0x3,
    0xff, 0xff, 0x80, 0x0, 0xff, 0xff, 0xe0, 0x0,
    0x3f, 0xff, 0xf8, 0x0, 0xf, 0xff, 0xfe, 0x0,
    0x3, 0xff, 0xff, 0x80, 0x0, 0xff, 0xff, 0xe0,
    0x0, 0x3f, 0xff, 0xf8, 0x0, 0xf, 0xff, 0xfe,
    0x0, 0x3, 0xff, 0xff, 0x80, 0x0, 0xff, 0xff,
    0xe0, 0x0, 0x3f, 0xff, 0xf8, 0x0, 0xf, 0xff,
    0xfe, 0x0, 0x3, 0xff, 0xff, 0x80, 0x0, 0xff,
    0xff, 0xe0, 0x0, 0x3f, 0xff, 0xf8, 0x0, 0xf,
    0xff, 0xfe, 0x0, 0x3, 0xff, 0xff, 0x80, 0x0,
    0xff, 0xff, 0xe0, 0x0, 0x3f, 0xff, 0xf8, 0x0,
    0xf, 0xff, 0xfe, 0x0, 0x3, 0xff, 0xff, 0x80,
    0x0, 0xff, 0xff, 0xe0, 0x0, 0x3f, 0xff, 0xf8,
    0x0, 0xf, 0xff, 0xfe, 0x0, 0x3, 0xff, 0xff,
    0x80, 0x0, 0xff, 0xff, 0xe0, 0x0, 0x3f, 0xff,
    0xf8, 0x0, 0xf, 0xff, 0xfe, 0x0, 0x3, 0xff,
    0xff, 0x80, 0x0, 0xff, 0xff, 0xe0, 0x0, 0x3f,
    0xff, 0xf8, 0x0, 0xf, 0xff, 0xfe, 0x0, 0x3,
    0xff, 0xff, 0x80, 0x0, 0xff, 0xff, 0xe0, 0x0,
    0x3f, 0xff, 0xf8, 0x0, 0xf, 0xff, 0xfe, 0x0,
    0x3, 0xff, 0xff, 0x80, 0x0, 0xff, 0xff, 0xe0,
    0x0, 0x3f, 0xff, 0xf8, 0x0, 0xf, 0xff, 0xfe,
    0x0, 0x3, 0xff, 0xff, 0x80, 0x0, 0xff, 0xff,
    0xe0, 0x0, 0x3f, 0xff, 0xf8, 0x0, 0xf, 0xff,
    0xfe, 0x0, 0x3, 0xff, 0xff, 0x80, 0x0, 0xff,
    0xff, 0xe0, 0x0, 0x3f, 0xff, 0xf8, 0x0, 0xf,
    0xff, 0xfe, 0x0, 0x3, 0xff, 0xff, 0x80, 0x0,
    0xff, 0xff, 0xe0, 0x0, 0x3f, 0xff, 0xf8, 0x0,
    0xf, 0xff, 0xfe, 0x0, 0x3, 0xff, 0xff, 0x80,
    0x0, 0xff, 0xff, 0xe0, 0x0, 0x3f, 0xff, 0xf8,
    0x0, 0xf, 0xff, 0xfe, 0x0, 0x3, 0xff, 0xff,
    0x80, 0x0, 0xff, 0xff, 0xe0, 0x0, 0x3f, 0xff,
    0xf8, 0x0, 0xf, 0xff, 0xfe, 0x0, 0x3, 0xff,
    0xff, 0x80, 0x0, 0xff, 0xff, 0xe0, 0x0, 0x3f,
    0xff, 0xf8, 0x0, 0xf, 0xff, 0xfe, 0x0, 0x3,
    0xff, 0xff, 0x80, 0x0, 0xff, 0xff, 0xe0, 0x0,
    0x3f, 0xff, 0xf8, 0x0, 0xf, 0xff, 0xfe, 0x0,
    0x3, 0xff, 0xff, 0x80, 0x0, 0xff, 0xff, 0xe0,
    0x0, 0x3f, 0xff, 0xf8, 0x0, 0xf, 0xff, 0xfe,
    0x0, 0x3, 0xff, 0xff, 0x80, 0x0, 0xff, 0xff,
    0xe0, 0x0, 0x3f, 0xff, 0xf8, 0x0, 0xf, 0xff,
    0xfe, 0x0, 0x3, 0xff, 0xff, 0x80, 0x0, 0xff,
    0xff, 0xe0, 0x0, 0x3f, 0xff, 0xf8, 0x0, 0xf,
    0xff, 0xfe, 0x0, 0x3, 0xff, 0xff, 0x80, 0x0,
    0xff, 0xff, 0xe0, 0x0, 0x3f, 0xff, 0xf8, 0x0,
    0xf, 0xff, 0xfe, 0x0, 0x3, 0xff, 0xff, 0xff,
    0xf0, 0xff, 0xff, 0xff, 0xfe, 0x3f, 0xff, 0xff,
    0xff, 0xcf, 0xff, 0xff, 0xff, 0xfb, 0xff, 0xff,
    0xff, 0xff, 0xff, 0xff, 0xff, 0xff, 0xff, 0xff,
    0xff, 0xff, 0xff, 0xff, 0xff, 0xff, 0xff, 0xff,
    0xff, 0xff, 0xff, 0x7f, 0xff, 0xff, 0xff, 0xdf,
    0xff, 0xff, 0xff, 0xe3, 0xff, 0xff, 0xff, 0xf0,
    0x7f, 0xff, 0xff, 0xf8, 0x7, 0xff, 0xff, 0xfc,
    0x0,

    /* U+005C "\\" */
    0x0, 0x0, 0x0, 0x0, 0x0, 0x0, 0x7f, 0x0,
    0x0, 0x0, 0x0, 0xf, 0xfe, 0x0, 0x0, 0x0,
    0x0, 0xff, 0xf8, 0x0, 0x0, 0x0, 0x7, 0xff,
    0xc0, 0x0, 0x0, 0x0, 0x7f, 0xff, 0x0, 0x0,
    0x0, 0x3, 0xff, 0xf8, 0x0, 0x0, 0x0, 0x1f,
    0xff, 0xc0, 0x0, 0x0, 0x0, 0xff, 0xff, 0x0,
    0x0, 0x0, 0x7, 0xff, 0xf8, 0x0, 0x0, 0x0,
    0x1f, 0xff, 0xc0, 0x0, 0x0, 0x0, 0xff, 0xff,
    0x0, 0x0, 0x0, 0x7, 0xff, 0xf8, 0x0, 0x0,
    0x0, 0x1f, 0xff, 0xc0, 0x0, 0x0, 0x0, 0xff,
    0xff, 0x0, 0x0, 0x0, 0x7, 0xff, 0xf8, 0x0,
    0x0, 0x0, 0x1f, 0xff, 0xc0, 0x0, 0x0, 0x0,
    0xff, 0xff, 0x0, 0x0, 0x0, 0x7, 0xff, 0xf8,
    0x0, 0x0, 0x0, 0x1f, 0xff, 0xc0, 0x0, 0x0,
    0x0, 0xff, 0xfe, 0x0, 0x0, 0x0, 0x7, 0xff,
    0xf8, 0x0, 0x0, 0x0, 0x1f, 0xff, 0xc0, 0x0,
    0x0, 0x0, 0xff, 0xfe, 0x0, 0x0, 0x0, 0x7,
    0xff, 0xf8, 0x0, 0x0, 0x0, 0x3f, 0xff, 0xc0,
    0x0, 0x0, 0x0, 0xff, 0xfe, 0x0, 0x0, 0x0,
    0x7, 0xff, 0xf8, 0x0, 0x0, 0x0, 0x3f, 0xff,
    0xc0, 0x0, 0x0, 0x0, 0xff, 0xfe, 0x0, 0x0,
    0x0, 0x7, 0xff, 0xf8, 0x0, 0x0, 0x0, 0x3f,
    0xff, 0xc0, 0x0, 0x0, 0x0, 0xff, 0xfe, 0x0,
    0x0, 0x0, 0x7, 0xff, 0xf8, 0x0, 0x0, 0x0,
    0x3f, 0xff, 0xc0, 0x0, 0x0, 0x0, 0xff, 0xfe,
    0x0, 0x0, 0x0, 0x7, 0xff, 0xf8, 0x0, 0x0,
    0x0, 0x3f, 0xff, 0xc0, 0x0, 0x0, 0x0, 0xff,
    0xfe, 0x0, 0x0, 0x0, 0x7, 0xff, 0xf8, 0x0,
    0x0, 0x0, 0x3f, 0xff, 0xc0, 0x0, 0x0, 0x0,
    0xff, 0xfe, 0x0, 0x0, 0x0, 0x7, 0xff, 0xf8,
    0x0, 0x0, 0x0, 0x3f, 0xff, 0xc0, 0x0, 0x0,
    0x0, 0xff, 0xfe, 0x0, 0x0, 0x0, 0x7, 0xff,
    0xf8, 0x0, 0x0, 0x0, 0x3f, 0xff, 0xc0, 0x0,
    0x0, 0x0, 0xff, 0xfe, 0x0, 0x0, 0x0, 0x7,
    0xff, 0xf0, 0x0, 0x0, 0x0, 0x3f, 0xff, 0xc0,
    0x0, 0x0, 0x1, 0xff, 0xfe, 0x0, 0x0, 0x0,
    0x7, 0xff, 0xf0, 0x0, 0x0, 0x0, 0x3f, 0xff,
    0xc0, 0x0, 0x0, 0x1, 0xff, 0xfe, 0x0, 0x0,
    0x0, 0x7, 0xff, 0xf0, 0x0, 0x0, 0x0, 0x3f,
    0xff, 0xc0, 0x0, 0x0, 0x1, 0xff, 0xfe, 0x0,
    0x0, 0x0, 0x7, 0xff, 0xf0, 0x0, 0x0, 0x0,
    0x3f, 0xff, 0xc0, 0x0, 0x0, 0x1, 0xff, 0xfe,
    0x0, 0x0, 0x0, 0x7, 0xff, 0xf0, 0x0, 0x0,
    0x0, 0x3f, 0xff, 0xc0, 0x0, 0x0, 0x1, 0xff,
    0xfe, 0x0, 0x0, 0x0, 0x7, 0xff, 0xf0, 0x0,
    0x0, 0x0, 0x3f, 0xff, 0xc0, 0x0, 0x0, 0x1,
    0xff, 0xfe, 0x0, 0x0, 0x0, 0x7, 0xff, 0xf0,
    0x0, 0x0, 0x0, 0x3f, 0xff, 0xc0, 0x0, 0x0,
    0x1, 0xff, 0xfe, 0x0, 0x0, 0x0, 0x7, 0xff,
    0xf0, 0x0, 0x0, 0x0, 0x3f, 0xff, 0xc0, 0x0,
    0x0, 0x1, 0xff, 0xfe, 0x0, 0x0, 0x0, 0x7,
    0xff, 0xf0, 0x0, 0x0, 0x0, 0x3f, 0xff, 0x80,
    0x0, 0x0, 0x1, 0xff, 0xfe, 0x0, 0x0, 0x0,
    0xf, 0xff, 0xf0, 0x0, 0x0, 0x0, 0x3f, 0xff,
    0x80, 0x0, 0x0, 0x1, 0xff, 0xfe, 0x0, 0x0,
    0x0, 0xf, 0xff, 0xf0, 0x0, 0x0, 0x0, 0x3f,
    0xff, 0x80, 0x0, 0x0, 0x1, 0xff, 0xfe, 0x0,
    0x0, 0x0, 0xf, 0xff, 0xf0, 0x0, 0x0, 0x0,
    0x3f, 0xff, 0x80, 0x0, 0x0, 0x1, 0xff, 0xfe,
    0x0, 0x0, 0x0, 0xf, 0xff, 0xf0, 0x0, 0x0,
    0x0, 0x3f, 0xff, 0x80, 0x0, 0x0, 0x1, 0xff,
    0xfe, 0x0, 0x0, 0x0, 0xf, 0xff, 0xf0, 0x0,
    0x0, 0x0, 0x3f, 0xff, 0x80, 0x0, 0x0, 0x1,
    0xff, 0xfe, 0x0, 0x0, 0x0, 0xf, 0xff, 0xf0,
    0x0, 0x0, 0x0, 0x3f, 0xff, 0x80, 0x0, 0x0,
    0x1, 0xff, 0xfe, 0x0, 0x0, 0x0, 0xf, 0xff,
    0xf0, 0x0, 0x0, 0x0, 0x3f, 0xff, 0x80, 0x0,
    0x0, 0x1, 0xff, 0xfe, 0x0, 0x0, 0x0, 0xf,
    0xff, 0xf0, 0x0, 0x0, 0x0, 0x3f, 0xff, 0x80,
    0x0, 0x0, 0x1, 0xff, 0xfc, 0x0, 0x0, 0x0,
    0xf, 0xff, 0xe0, 0x0, 0x0, 0x0, 0x7f, 0xff,
    0x0, 0x0, 0x0, 0x1, 0xff, 0xf8, 0x0, 0x0,
    0x0, 0xf, 0xff, 0x80, 0x0, 0x0, 0x0, 0x3f,
    0xfc, 0x0, 0x0, 0x0, 0x0, 0xff, 0x80, 0x0,
    0x0, 0x0, 0x1, 0xf0, 0x0,

    /* U+005D "]" */
    0xf, 0xff, 0xff, 0xf8, 0x7, 0xff, 0xff, 0xff,
    0x83, 0xff, 0xff, 0xff, 0xf1, 0xff, 0xff, 0xff,
    0xfe, 0xff, 0xff, 0xff, 0xff, 0xbf, 0xff, 0xff,
    0xff, 0xff, 0xff, 0xff, 0xff, 0xff, 0xff, 0xff,
    0xff, 0xff, 0xff, 0xff, 0xff, 0xff, 0xff, 0xff,
    0xff, 0xff, 0xf7, 0xff, 0xff, 0xff, 0xfc, 0xff,
    0xff, 0xff, 0xff, 0x1f, 0xff, 0xff, 0xff, 0xc1,
    0xff, 0xff, 0xff, 0xf0, 0x0, 0x1f, 0xff, 0xfc,
    0x0, 0x7, 0xff, 0xff, 0x0, 0x1, 0xff, 0xff,
    0xc0, 0x0, 0x7f, 0xff, 0xf0, 0x0, 0x1f, 0xff,
    0xfc, 0x0, 0x7, 0xff, 0xff, 0x0, 0x1, 0xff,
    0xff, 0xc0, 0x0, 0x7f, 0xff, 0xf0, 0x0, 0x1f,
    0xff, 0xfc, 0x0, 0x7, 0xff, 0xff, 0x0, 0x1,
    0xff, 0xff, 0xc0, 0x0, 0x7f, 0xff, 0xf0, 0x0,
    0x1f, 0xff, 0xfc, 0x0, 0x7, 0xff, 0xff, 0x0,
    0x1, 0xff, 0xff, 0xc0, 0x0, 0x7f, 0xff, 0xf0,
    0x0, 0x1f, 0xff, 0xfc, 0x0, 0x7, 0xff, 0xff,
    0x0, 0x1, 0xff, 0xff, 0xc0, 0x0, 0x7f, 0xff,
    0xf0, 0x0, 0x1f, 0xff, 0xfc, 0x0, 0x7, 0xff,
    0xff, 0x0, 0x1, 0xff, 0xff, 0xc0, 0x0, 0x7f,
    0xff, 0xf0, 0x0, 0x1f, 0xff, 0xfc, 0x0, 0x7,
    0xff, 0xff, 0x0, 0x1, 0xff, 0xff, 0xc0, 0x0,
    0x7f, 0xff, 0xf0, 0x0, 0x1f, 0xff, 0xfc, 0x0,
    0x7, 0xff, 0xff, 0x0, 0x1, 0xff, 0xff, 0xc0,
    0x0, 0x7f, 0xff, 0xf0, 0x0, 0x1f, 0xff, 0xfc,
    0x0, 0x7, 0xff, 0xff, 0x0, 0x1, 0xff, 0xff,
    0xc0, 0x0, 0x7f, 0xff, 0xf0, 0x0, 0x1f, 0xff,
    0xfc, 0x0, 0x7, 0xff, 0xff, 0x0, 0x1, 0xff,
    0xff, 0xc0, 0x0, 0x7f, 0xff, 0xf0, 0x0, 0x1f,
    0xff, 0xfc, 0x0, 0x7, 0xff, 0xff, 0x0, 0x1,
    0xff, 0xff, 0xc0, 0x0, 0x7f, 0xff, 0xf0, 0x0,
    0x1f, 0xff, 0xfc, 0x0, 0x7, 0xff, 0xff, 0x0,
    0x1, 0xff, 0xff, 0xc0, 0x0, 0x7f, 0xff, 0xf0,
    0x0, 0x1f, 0xff, 0xfc, 0x0, 0x7, 0xff, 0xff,
    0x0, 0x1, 0xff, 0xff, 0xc0, 0x0, 0x7f, 0xff,
    0xf0, 0x0, 0x1f, 0xff, 0xfc, 0x0, 0x7, 0xff,
    0xff, 0x0, 0x1, 0xff, 0xff, 0xc0, 0x0, 0x7f,
    0xff, 0xf0, 0x0, 0x1f, 0xff, 0xfc, 0x0, 0x7,
    0xff, 0xff, 0x0, 0x1, 0xff, 0xff, 0xc0, 0x0,
    0x7f, 0xff, 0xf0, 0x0, 0x1f, 0xff, 0xfc, 0x0,
    0x7, 0xff, 0xff, 0x0, 0x1, 0xff, 0xff, 0xc0,
    0x0, 0x7f, 0xff, 0xf0, 0x0, 0x1f, 0xff, 0xfc,
    0x0, 0x7, 0xff, 0xff, 0x0, 0x1, 0xff, 0xff,
    0xc0, 0x0, 0x7f, 0xff, 0xf0, 0x0, 0x1f, 0xff,
    0xfc, 0x0, 0x7, 0xff, 0xff, 0x0, 0x1, 0xff,
    0xff, 0xc0, 0x0, 0x7f, 0xff, 0xf0, 0x0, 0x1f,
    0xff, 0xfc, 0x0, 0x7, 0xff, 0xff, 0x0, 0x1,
    0xff, 0xff, 0xc0, 0x0, 0x7f, 0xff, 0xf0, 0x0,
    0x1f, 0xff, 0xfc, 0x0, 0x7, 0xff, 0xff, 0x0,
    0x1, 0xff, 0xff, 0xc0, 0x0, 0x7f, 0xff, 0xf0,
    0x0, 0x1f, 0xff, 0xfc, 0x0, 0x7, 0xff, 0xff,
    0x0, 0x1, 0xff, 0xff, 0xc0, 0x0, 0x7f, 0xff,
    0xf0, 0x0, 0x1f, 0xff, 0xfc, 0x1f, 0xff, 0xff,
    0xff, 0x1f, 0xff, 0xff, 0xff, 0xcf, 0xff, 0xff,
    0xff, 0xf7, 0xff, 0xff, 0xff, 0xff, 0xff, 0xff,
    0xff, 0xff, 0xff, 0xff, 0xff, 0xff, 0xff, 0xff,
    0xff, 0xff, 0xff, 0xff, 0xff, 0xff, 0xff, 0xff,
    0xff, 0xff, 0xff, 0xff, 0xff, 0xff, 0xff, 0x9f,
    0xff, 0xff, 0xff, 0xe3, 0xff, 0xff, 0xff, 0xf0,
    0x7f, 0xff, 0xff, 0xf8, 0xf, 0xff, 0xff, 0xf8,
    0x0,

    /* U+005E "^" */
    0x0, 0x0, 0x0, 0x1, 0x0, 0x0, 0x0, 0x0,
    0x0, 0x0, 0x0, 0x3f, 0xe0, 0x0, 0x0, 0x0,
    0x0, 0x0, 0x1, 0xff, 0xf0, 0x0, 0x0, 0x0,
    0x0, 0x0, 0x7, 0xff, 0xf0, 0x0, 0x0, 0x0,
    0x0, 0x0, 0x1f, 0xff, 0xe0, 0x0, 0x0, 0x0,
    0x0, 0x0, 0x3f, 0xff, 0xe0, 0x0, 0x0, 0x0,
    0x0, 0x0, 0xff, 0xff, 0xe0, 0x0, 0x0, 0x0,
    0x0, 0x1, 0xff, 0xff, 0xc0, 0x0, 0x0, 0x0,
    0x0, 0x7, 0xff, 0xff, 0x80, 0x0, 0x0, 0x0,
    0x0, 0xf, 0xff, 0xff, 0x80, 0x0, 0x0, 0x0,
    0x0, 0x1f, 0xff, 0xff, 0x0, 0x0, 0x0, 0x0,
    0x0, 0x7f, 0xff, 0xff, 0x0, 0x0, 0x0, 0x0,
    0x0, 0xff, 0xff, 0xfe, 0x0, 0x0, 0x0, 0x0,
    0x3, 0xff, 0xff, 0xfc, 0x0, 0x0, 0x0, 0x0,
    0x7, 0xff, 0xff, 0xfc, 0x0, 0x0, 0x0, 0x0,
    0x1f, 0xff, 0xff, 0xf8, 0x0, 0x0, 0x0, 0x0,
    0x3f, 0xff, 0xff, 0xf8, 0x0, 0x0, 0x0, 0x0,
    0x7f, 0xff, 0xff, 0xf0, 0x0, 0x0, 0x0, 0x1,
    0xff, 0xfb, 0xff, 0xf0, 0x0, 0x0, 0x0, 0x3,
    0xff, 0xf7, 0xff, 0xe0, 0x0, 0x0, 0x0, 0xf,
    0xff, 0xef, 0xff, 0xc0, 0x0, 0x0, 0x0, 0x1f,
    0xff, 0x8f, 0xff, 0xc0, 0x0, 0x0, 0x0, 0x3f,
    0xff, 0x1f, 0xff, 0x80, 0x0, 0x0, 0x0, 0xff,
    0xfc, 0x1f, 0xff, 0x80, 0x0, 0x0, 0x1, 0xff,
    0xf8, 0x3f, 0xff, 0x0, 0x0, 0x0, 0x7, 0xff,
    0xe0, 0x7f, 0xfe, 0x0, 0x0, 0x0, 0xf, 0xff,
    0xc0, 0x7f, 0xfe, 0x0, 0x0, 0x0, 0x1f, 0xff,
    0x80, 0xff, 0xfc, 0x0, 0x0, 0x0, 0x7f, 0xfe,
    0x0, 0xff, 0xfc, 0x0, 0x0, 0x0, 0xff, 0xfc,
    0x1, 0xff, 0xf8, 0x0, 0x0, 0x3, 0xff, 0xf0,
    0x3, 0xff, 0xf0, 0x0, 0x0, 0x7, 0xff, 0xe0,
    0x3, 0xff, 0xf0, 0x0, 0x0, 0x1f, 0xff, 0xc0,
    0x7, 0xff, 0xe0, 0x0, 0x0, 0x3f, 0xff, 0x0,
    0x7, 0xff, 0xe0, 0x0, 0x0, 0x7f, 0xfe, 0x0,
    0xf, 0xff, 0xc0, 0x0, 0x1, 0xff, 0xf8, 0x0,
    0x1f, 0xff, 0xc0, 0x0, 0x3, 0xff, 0xf0, 0x0,
    0x1f, 0xff, 0x80, 0x0, 0xf, 0xff, 0xe0, 0x0,
    0x3f, 0xff, 0x0, 0x0, 0x1f, 0xff, 0x80, 0x0,
    0x3f, 0xff, 0x0, 0x0, 0x3f, 0xff, 0x0, 0x0,
    0x7f, 0xfe, 0x0, 0x0, 0xff, 0xfc, 0x0, 0x0,
    0xff, 0xfe, 0x0, 0x1, 0xff, 0xf8, 0x0, 0x0,
    0xff, 0xfc, 0x0, 0x7, 0xff, 0xf0, 0x0, 0x1,
    0xff, 0xf8, 0x0, 0xf, 0xff, 0xc0, 0x0, 0x1,
    0xff, 0xf8, 0x0, 0x1f, 0xff, 0x80, 0x0, 0x3,
    0xff, 0xf0, 0x0, 0x7f, 0xfe, 0x0, 0x0, 0x7,
    0xff, 0xf0, 0x0, 0xff, 0xfc, 0x0, 0x0, 0x7,
    0xff, 0xe0, 0x3, 0xff, 0xf8, 0x0, 0x0, 0xf,
    0xff, 0xe0, 0x7, 0xff, 0xe0, 0x0, 0x0, 0xf,
    0xff, 0xc0, 0x1f, 0xff, 0xc0, 0x0, 0x0, 0x1f,
    0xff, 0x80, 0x3f, 0xff, 0x0, 0x0, 0x0, 0x3f,
    0xff, 0x80, 0x7f, 0xfe, 0x0, 0x0, 0x0, 0x3f,
    0xff, 0x1, 0xff, 0xfc, 0x0, 0x0, 0x0, 0x7f,
    0xff, 0x3, 0xff, 0xf0, 0x0, 0x0, 0x0, 0x7f,
    0xfe, 0xf, 0xff, 0xe0, 0x0, 0x0, 0x0, 0xff,
    0xfc, 0x1f, 0xff, 0x80, 0x0, 0x0, 0x1, 0xff,
    0xfc, 0x3f, 0xff, 0x0, 0x0, 0x0, 0x1, 0xff,
    0xf8, 0xff, 0xfe, 0x0, 0x0, 0x0, 0x3, 0xff,
    0xf1, 0xff, 0xf8, 0x0, 0x0, 0x0, 0x3, 0xff,
    0xf3, 0xff, 0xf0, 0x0, 0x0, 0x0, 0x7, 0xff,
    0xe7, 0xff, 0xc0, 0x0, 0x0, 0x0, 0xf, 0xff,
    0xcf, 0xff, 0x80, 0x0, 0x0, 0x0, 0xf, 0xff,
    0xf, 0xfe, 0x0, 0x0, 0x0, 0x0, 0xf, 0xfe,
    0xf, 0xf8, 0x0, 0x0, 0x0, 0x0, 0x1f, 0xf8,
    0xf, 0xe0, 0x0, 0x0, 0x0, 0x0, 0xf, 0xc0,

    /* U+005F "_" */
    0x1f, 0xff, 0xff, 0xff, 0xff, 0xff, 0xff, 0xc1,
    0xff, 0xff, 0xff, 0xff, 0xff, 0xff, 0xff, 0x1f,
    0xff, 0xff, 0xff, 0xff, 0xff, 0xff, 0xfd, 0xff,
    0xff, 0xff, 0xff, 0xff, 0xff, 0xff, 0xff, 0xff,
    0xff, 0xff, 0xff, 0xff, 0xff, 0xff, 0xff, 0xff,
    0xff, 0xff, 0xff, 0xff, 0xff, 0xff, 0xff, 0xff,
    0xff, 0xff, 0xff, 0xff, 0xff, 0xff, 0xff, 0xff,
    0xff, 0xff, 0xff, 0xff, 0xff, 0x7f, 0xff, 0xff,
    0xff, 0xff, 0xff, 0xff, 0xf1, 0xff, 0xff, 0xff,
    0xff, 0xff, 0xff, 0xff, 0x7, 0xff, 0xff, 0xff,
    0xff, 0xff, 0xff, 0xf0,

    /* U+0060 "`" */
    0x1, 0x80, 0x0, 0xf, 0xf0, 0x0, 0x1f, 0xf8,
    0x0, 0x7f, 0xfc, 0x0, 0x7f, 0xfc, 0x0, 0xff,
    0xfe, 0x0, 0xff, 0xfe, 0x0, 0xff, 0xff, 0x0,
    0xff, 0xff, 0x0, 0xff, 0xff, 0x80, 0x7f, 0xff,
    0x80, 0x7f, 0xff, 0xc0, 0x3f, 0xff, 0xc0, 0x1f,
    0xff, 0xe0, 0x1f, 0xff, 0xe0, 0xf, 0xff, 0xf0,
    0x7, 0xff, 0xf0, 0x7, 0xff, 0xf8, 0x3, 0xff,
    0xf8, 0x1, 0xff, 0xfc, 0x0, 0xff, 0xfc, 0x0,
    0xff, 0xfe, 0x0, 0x7f, 0xfe, 0x0, 0x3f, 0xff,
    0x0, 0x1f, 0xff, 0x0, 0x1f, 0xff, 0x0, 0xf,
    0xff, 0x0, 0x7, 0xfe, 0x0, 0x7, 0xfe, 0x0,
    0x3, 0xf8, 0x0, 0x0, 0x40,

    /* U+0061 "a" */
    0x0, 0x0, 0x0, 0xff, 0xfe, 0x0, 0x0, 0x0,
    0x0, 0x3, 0xff, 0xff, 0xfe, 0x0, 0x0, 0x0,
    0x3, 0xff, 0xff, 0xff, 0xfc, 0x0, 0x0, 0x1,
    0xff, 0xff, 0xff, 0xff, 0xf8, 0x0, 0x0, 0x7f,
    0xff, 0xff, 0xff, 0xff, 0xc0, 0x0, 0x1f, 0xff,
    0xff, 0xff, 0xff, 0xff, 0x0, 0x3, 0xff, 0xff,
    0xff, 0xff, 0xff, 0xf8, 0x0, 0x7f, 0xff, 0xff,
    0xff, 0xff, 0xff, 0xc0, 0x7, 0xff, 0xff, 0xff,
    0xff, 0xff, 0xfe, 0x0, 0xff, 0xff, 0xff, 0xff,
    0xff, 0xff, 0xe0, 0xf, 0xff, 0xff, 0xff, 0xff,
    0xff, 0xff, 0x0, 0xff, 0xff, 0xff, 0xff, 0xff,
    0xff, 0xf8, 0xf, 0xff, 0xff, 0xff, 0xff, 0xff,
    0xff, 0x80, 0xff, 0xff, 0xff, 0xff, 0xff, 0xff,
    0xfc, 0x7, 0xff, 0xff, 0x0, 0x1f, 0xff, 0xff,
    0xc0, 0x7f, 0xff, 0x0, 0x0, 0x7f, 0xff, 0xfc,
    0x3, 0xff, 0x0, 0x0, 0x1, 0xff, 0xff, 0xe0,
    0x1f, 0xc0, 0x0, 0x0, 0x1f, 0xff, 0xfe, 0x0,
    0x0, 0x0, 0x0, 0x0, 0xff, 0xff, 0xe0, 0x0,
    0x0, 0x0, 0x0, 0xf, 0xff, 0xfe, 0x0, 0x0,
    0x0, 0x0, 0x0, 0x7f, 0xff, 0xf0, 0x0, 0x0,
    0x0, 0x0, 0x7, 0xff, 0xff, 0x0, 0x0, 0x0,
    0x0, 0x0, 0x7f, 0xff, 0xf0, 0x0, 0x0, 0x0,
    0x0, 0x7, 0xff, 0xff, 0x0, 0x0, 0x0, 0x0,
    0x0, 0x7f, 0xff, 0xf0, 0x0, 0x0, 0x0, 0x0,
    0x7, 0xff, 0xff, 0x0, 0x0, 0x0, 0xff, 0xff,
    0xff, 0xff, 0xf0, 0x0, 0xf, 0xff, 0xff, 0xff,
    0xff, 0xff, 0x0, 0xf, 0xff, 0xff, 0xff, 0xff,
    0xff, 0xf0, 0x7, 0xff, 0xff, 0xff, 0xff, 0xff,
    0xff, 0x1, 0xff, 0xff, 0xff, 0xff, 0xff, 0xff,
    0xf0, 0x3f, 0xff, 0xff, 0xff, 0xff, 0xff, 0xff,
    0x7, 0xff, 0xff, 0xff, 0xff, 0xff, 0xff, 0xf0,
    0xff, 0xff, 0xff, 0xff, 0xff, 0xff, 0xff, 0x1f,
    0xff, 0xff, 0xff, 0xff, 0xff, 0xff, 0xf3, 0xff,
    0xff, 0xff, 0xff, 0xff, 0xff, 0xff, 0x3f, 0xff,
    0xff, 0xf0, 0x0, 0x7f, 0xff, 0xf7, 0xff, 0xff,
    0xe0, 0x0, 0x7, 0xff, 0xff, 0x7f, 0xff, 0xf8,
    0x0, 0x0, 0x7f, 0xff, 0xf7, 0xff, 0xff, 0x0,
    0x0, 0x7, 0xff, 0xff, 0xff, 0xff, 0xf0, 0x0,
    0x0, 0x7f, 0xff, 0xff, 0xff, 0xfe, 0x0, 0x0,
    0x7, 0xff, 0xff, 0xff, 0xff, 0xe0, 0x0, 0x0,
    0x7f, 0xff, 0xff, 0xff, 0xfe, 0x0, 0x0, 0xf,
    0xff, 0xff, 0xff, 0xff, 0xe0, 0x0, 0x0, 0xff,
    0xff, 0xff, 0xff, 0xfe, 0x0, 0x0, 0x1f, 0xff,
    0xff, 0xff, 0xff, 0xe0, 0x0, 0x1, 0xff, 0xff,
    0xff, 0xff, 0xff, 0x0, 0x0, 0x3f, 0xff, 0xff,
    0xff, 0xff, 0xf0, 0x0, 0x7, 0xff, 0xff, 0xf7,
    0xff, 0xff, 0x80, 0x0, 0xff, 0xff, 0xff, 0x7f,
    0xff, 0xfc, 0x0, 0x1f, 0xff, 0xff, 0xf7, 0xff,
    0xff, 0xf8, 0xf, 0xff, 0xff, 0xff, 0x3f, 0xff,
    0xff, 0xff, 0xff, 0xff, 0xff, 0xf3, 0xff, 0xff,
    0xff, 0xff, 0xff, 0xff, 0xff, 0x1f, 0xff, 0xff,
    0xff, 0xff, 0xff, 0xff, 0xf1, 0xff, 0xff, 0xff,
    0xff, 0xff, 0xff, 0xff, 0xf, 0xff, 0xff, 0xff,
    0xff, 0x7f, 0xff, 0xf0, 0x7f, 0xff, 0xff, 0xff,
    0xf3, 0xff, 0xff, 0x3, 0xff, 0xff, 0xff, 0xfe,
    0x3f, 0xff, 0xf0, 0x1f, 0xff, 0xff, 0xff, 0xc3,
    0xff, 0xfe, 0x0, 0xff, 0xff, 0xff, 0xf8, 0x1f,
    0xff, 0xe0, 0x3, 0xff, 0xff, 0xff, 0x1, 0xff,
    0xfc, 0x0, 0xf, 0xff, 0xff, 0xc0, 0xf, 0xff,
    0x80, 0x0, 0x3f, 0xff, 0xf0, 0x0, 0x7f, 0xf0,
    0x0, 0x0, 0x3f, 0xf8, 0x0, 0x0, 0xf8, 0x0,

    /* U+0062 "b" */
    0x3, 0xf8, 0x0, 0x0, 0x0, 0x0, 0x0, 0x0,
    0x3, 0xff, 0xc0, 0x0, 0x0, 0x0, 0x0, 0x0,
    0x3, 0xff, 0xf8, 0x0, 0x0, 0x0, 0x0, 0x0,
    0x0, 0xff, 0xff, 0x0, 0x0, 0x0, 0x0, 0x0,
    0x0, 0x7f, 0xff, 0xc0, 0x0, 0x0, 0x0, 0x0,
    0x0, 0x1f, 0xff, 0xf8, 0x0, 0x0, 0x0, 0x0,
    0x0, 0xf, 0xff, 0xfe, 0x0, 0x0, 0x0, 0x0,
    0x0, 0x3, 0xff, 0xff, 0x80, 0x0, 0x0, 0x0,
    0x0, 0x0, 0xff, 0xff, 0xe0, 0x0, 0x0, 0x0,
    0x0, 0x0, 0x3f, 0xff, 0xf8, 0x0, 0x0, 0x0,
    0x0, 0x0, 0xf, 0xff, 0xff, 0x0, 0x0, 0x0,
    0x0, 0x0, 0x3, 0xff, 0xff, 0xc0, 0x0, 0x0,
    0x0, 0x0, 0x0, 0xff, 0xff, 0xf0, 0x0, 0x0,
    0x0, 0x0, 0x0, 0x3f, 0xff, 0xfc, 0x0, 0x0,
    0x0, 0x0, 0x0, 0xf, 0xff, 0xff, 0x0, 0x0,
    0x0, 0x0, 0x0, 0x3, 0xff, 0xff, 0xc0, 0x0,
    0x0, 0x0, 0x0, 0x0, 0xff, 0xff, 0xf0, 0x0,
    0x0, 0x0, 0x0, 0x0, 0x3f, 0xff, 0xfc, 0x0,
    0x0, 0x0, 0x0, 0x0, 0xf, 0xff, 0xff, 0x0,
    0x0, 0x0, 0x0, 0x0, 0x3, 0xff, 0xff, 0xc0,
    0x0, 0x0, 0x0, 0x0, 0x0, 0xff, 0xff, 0xf0,
    0x0, 0x0, 0x0, 0x0, 0x0, 0x3f, 0xff, 0xfc,
    0x0, 0x0, 0x0, 0x0, 0x0, 0xf, 0xff, 0xff,
    0x0, 0x0, 0x0, 0x0, 0x0, 0x3, 0xff, 0xff,
    0xc0, 0x0, 0x0, 0x0, 0x0, 0x0, 0xff, 0xff,
    0xf0, 0x0, 0x0, 0x0, 0x0, 0x0, 0x3f, 0xff,
    0xfc, 0x0, 0x0, 0x0, 0x0, 0x0, 0xf, 0xff,
    0xff, 0x0, 0x0, 0x0, 0x0, 0x0, 0x3, 0xff,
    0xff, 0xc0, 0x1, 0xff, 0xc0, 0x0, 0x0, 0xff,
    0xff, 0xf0, 0x3, 0xff, 0xff, 0x0, 0x0, 0x3f,
    0xff, 0xfc, 0x7, 0xff, 0xff, 0xf8, 0x0, 0xf,
    0xff, 0xff, 0x3, 0xff, 0xff, 0xff, 0x0, 0x3,
    0xff, 0xff, 0xc3, 0xff, 0xff, 0xff, 0xf0, 0x0,
    0xff, 0xff, 0xf1, 0xff, 0xff, 0xff, 0xfe, 0x0,
    0x3f, 0xff, 0xfc, 0xff, 0xff, 0xff, 0xff, 0xc0,
    0xf, 0xff, 0xff, 0x7f, 0xff, 0xff, 0xff, 0xf8,
    0x3, 0xff, 0xff, 0xff, 0xff, 0xff, 0xff, 0xff,
    0x0, 0xff, 0xff, 0xff, 0xff, 0xff, 0xff, 0xff,
    0xe0, 0x3f, 0xff, 0xff, 0xff, 0xff, 0xff, 0xff,
    0xfc, 0xf, 0xff, 0xff, 0xff, 0xff, 0xff, 0xff,
    0xff, 0x83, 0xff, 0xff, 0xff, 0xff, 0xff, 0xff,
    0xff, 0xe0, 0xff, 0xff, 0xff, 0xff, 0xff, 0xff,
    0xff, 0xfc, 0x3f, 0xff, 0xff, 0xfe, 0x1, 0xff,
    0xff, 0xff, 0xf, 0xff, 0xff, 0xfe, 0x0, 0x1f,
    0xff, 0xff, 0xe3, 0xff, 0xff, 0xfe, 0x0, 0x1,
    0xff, 0xff, 0xf8, 0xff, 0xff, 0xff, 0x0, 0x0,
    0x3f, 0xff, 0xff, 0x3f, 0xff, 0xff, 0x80, 0x0,
    0x7, 0xff, 0xff, 0xcf, 0xff, 0xff, 0xc0, 0x0,
    0x0, 0xff, 0xff, 0xf3, 0xff, 0xff, 0xf0, 0x0,
    0x0, 0x1f, 0xff, 0xfe, 0xff, 0xff, 0xf8, 0x0,
    0x0, 0x7, 0xff, 0xff, 0xbf, 0xff, 0xfe, 0x0,
    0x0, 0x1, 0xff, 0xff, 0xef, 0xff, 0xff, 0x0,
    0x0, 0x0, 0x3f, 0xff, 0xfb, 0xff, 0xff, 0xc0,
    0x0, 0x0, 0xf, 0xff, 0xfe, 0xff, 0xff, 0xf0,
    0x0, 0x0, 0x3, 0xff, 0xff, 0xff, 0xff, 0xfc,
    0x0, 0x0, 0x0, 0x7f, 0xff, 0xff, 0xff, 0xff,
    0x0, 0x0, 0x0, 0x1f, 0xff, 0xff, 0xff, 0xff,
    0x80, 0x0, 0x0, 0x7, 0xff, 0xff, 0xff, 0xff,
    0xe0, 0x0, 0x0, 0x1, 0xff, 0xff, 0xff, 0xff,
    0xf8, 0x0, 0x0, 0x0, 0x7f, 0xff, 0xff, 0xff,
    0xfe, 0x0, 0x0, 0x0, 0x1f, 0xff, 0xff, 0xff,
    0xff, 0x80, 0x0, 0x0, 0x7, 0xff, 0xff, 0xff,
    0xff, 0xe0, 0x0, 0x0, 0x1, 0xff, 0xff, 0xff,
    0xff, 0xf8, 0x0, 0x0, 0x0, 0x7f, 0xff, 0xff,
    0xff, 0xfe, 0x0, 0x0, 0x0, 0x1f, 0xff, 0xff,
    0xff, 0xff, 0x80, 0x0, 0x0, 0x7, 0xff, 0xff,
    0xff, 0xff, 0xf0, 0x0, 0x0, 0x1, 0xff, 0xff,
    0xff, 0xff, 0xfc, 0x0, 0x0, 0x0, 0xff, 0xff,
    0xff, 0xff, 0xff, 0x0, 0x0, 0x0, 0x3f, 0xff,
    0xff, 0xff, 0xff, 0xc0, 0x0, 0x0, 0xf, 0xff,
    0xfe, 0xff, 0xff, 0xf0, 0x0, 0x0, 0x3, 0xff,
    0xff, 0xbf, 0xff, 0xfe, 0x0, 0x0, 0x1, 0xff,
    0xff, 0xef, 0xff, 0xff, 0x80, 0x0, 0x0, 0x7f,
    0xff, 0xfb, 0xff, 0xff, 0xf0, 0x0, 0x0, 0x3f,
    0xff, 0xfc, 0xff, 0xff, 0xfc, 0x0, 0x0, 0xf,
    0xff, 0xff, 0x3f, 0xff, 0xff, 0x80, 0x0, 0x7,
    0xff, 0xff, 0xcf, 0xff, 0xff, 0xf0, 0x0, 0x3,
    0xff, 0xff, 0xe3, 0xff, 0xff, 0xfe, 0x0, 0x1,
    0xff, 0xff, 0xf8, 0xff, 0xff, 0xff, 0xe0, 0x1,
    0xff, 0xff, 0xfe, 0x3f, 0xff, 0xff, 0xfe, 0x1,
    0xff, 0xff, 0xff, 0xf, 0xff, 0xff, 0xff, 0xff,
    0xff, 0xff, 0xff, 0xc3, 0xff, 0xff, 0xff, 0xff,
    0xff, 0xff, 0xff, 0xe0, 0xff, 0xff, 0xff, 0xff,
    0xff, 0xff, 0xff, 0xf8, 0x3f, 0xff, 0xff, 0xff,
    0xff, 0xff, 0xff, 0xfc, 0xf, 0xff, 0xfe, 0xff,
    0xff, 0xff, 0xff, 0xfe, 0x3, 0xff, 0xff, 0xbf,
    0xff, 0xff, 0xff, 0xff, 0x0, 0xff, 0xff, 0xe7,
    0xff, 0xff, 0xff, 0xff, 0x80, 0x3f, 0xff, 0xf8,
    0xff, 0xff, 0xff, 0xff, 0xc0, 0x7, 0xff, 0xfe,
    0x1f, 0xff, 0xff, 0xff, 0xe0, 0x1, 0xff, 0xff,
    0x3, 0xff, 0xff, 0xff, 0xf0, 0x0, 0x3f, 0xff,
    0xc0, 0x3f, 0xff, 0xff, 0xf0, 0x0, 0x7, 0xff,
    0xe0, 0x3, 0xff, 0xff, 0xf0, 0x0, 0x0, 0xff,
    0xf0, 0x0, 0x3f, 0xff, 0xf0, 0x0, 0x0, 0xf,
    0xe0, 0x0, 0x1, 0xff, 0xc0, 0x0, 0x0,

    /* U+0063 "c" */
    0x0, 0x0, 0x0, 0x3f, 0xfe, 0x0, 0x0, 0x0,
    0x0, 0xf, 0xff, 0xff, 0xe0, 0x0, 0x0, 0x0,
    0xff, 0xff, 0xff, 0xf8, 0x0, 0x0, 0x7, 0xff,
    0xff, 0xff, 0xfc, 0x0, 0x0, 0x3f, 0xff, 0xff,
    0xff, 0xfe, 0x0, 0x0, 0xff, 0xff, 0xff, 0xff,
    0xff, 0x0, 0x7, 0xff, 0xff, 0xff, 0xff, 0xfe,
    0x0, 0x1f, 0xff, 0xff, 0xff, 0xff, 0xfe, 0x0,
    0x7f, 0xff, 0xff, 0xff, 0xff, 0xfc, 0x1, 0xff,
    0xff, 0xff, 0xff, 0xff, 0xf8, 0x7, 0xff, 0xff,
    0xff, 0xff, 0xff, 0xf0, 0x1f, 0xff, 0xff, 0xff,
    0xff, 0xff, 0xe0, 0x7f, 0xff, 0xff, 0xff, 0xff,
    0xff, 0xc0, 0xff, 0xff, 0xff, 0xff, 0xff, 0xff,
    0x83, 0xff, 0xff, 0xff, 0x0, 0x7f, 0xfe, 0x7,
    0xff, 0xff, 0xf0, 0x0, 0x1f, 0xfc, 0x1f, 0xff,
    0xff, 0xc0, 0x0, 0xf, 0xe0, 0x3f, 0xff, 0xfe,
    0x0, 0x0, 0x3, 0x0, 0xff, 0xff, 0xf8, 0x0,
    0x0, 0x0, 0x1, 0xff, 0xff, 0xe0, 0x0, 0x0,
    0x0, 0x3, 0xff, 0xff, 0xc0, 0x0, 0x0, 0x0,
    0xf, 0xff, 0xff, 0x0, 0x0, 0x0, 0x0, 0x1f,
    0xff, 0xfe, 0x0, 0x0, 0x0, 0x0, 0x3f, 0xff,
    0xf8, 0x0, 0x0, 0x0, 0x0, 0x7f, 0xff, 0xf0,
    0x0, 0x0, 0x0, 0x1, 0xff, 0xff, 0xe0, 0x0,
    0x0, 0x0, 0x3, 0xff, 0xff, 0x80, 0x0, 0x0,
    0x0, 0x7, 0xff, 0xff, 0x0, 0x0, 0x0, 0x0,
    0xf, 0xff, 0xfe, 0x0, 0x0, 0x0, 0x0, 0x1f,
    0xff, 0xfc, 0x0, 0x0, 0x0, 0x0, 0x3f, 0xff,
    0xf8, 0x0, 0x0, 0x0, 0x0, 0x7f, 0xff, 0xf0,
    0x0, 0x0, 0x0, 0x0, 0xff, 0xff, 0xe0, 0x0,
    0x0, 0x0, 0x1, 0xff, 0xff, 0xc0, 0x0, 0x0,
    0x0, 0x3, 0xff, 0xff, 0x80, 0x0, 0x0, 0x0,
    0x7, 0xff, 0xff, 0x0, 0x0, 0x0, 0x0, 0xf,
    0xff, 0xfe, 0x0, 0x0, 0x0, 0x0, 0x1f, 0xff,
    0xfe, 0x0, 0x0, 0x0, 0x0, 0x3f, 0xff, 0xfc,
    0x0, 0x0, 0x0, 0x0, 0x3f, 0xff, 0xf8, 0x0,
    0x0, 0x0, 0x0, 0x7f, 0xff, 0xf0, 0x0, 0x0,
    0x0, 0x0, 0xff, 0xff, 0xf0, 0x0, 0x0, 0x0,
    0x1, 0xff, 0xff, 0xe0, 0x0, 0x0, 0x0, 0x3,
    0xff, 0xff, 0xe0, 0x0, 0x0, 0x0, 0x3, 0xff,
    0xff, 0xe0, 0x0, 0x0, 0x0, 0x7, 0xff, 0xff,
    0xc0, 0x0, 0x0, 0x0, 0xf, 0xff, 0xff, 0xc0,
    0x0, 0x0, 0x0, 0xf, 0xff, 0xff, 0xe0, 0x0,
    0x3, 0xf0, 0x1f, 0xff, 0xff, 0xf0, 0x0, 0x1f,
    0xf0, 0x1f, 0xff, 0xff, 0xf8, 0x3, 0xff, 0xf0,
    0x3f, 0xff, 0xff, 0xff, 0xff, 0xff, 0xe0, 0x3f,
    0xff, 0xff, 0xff, 0xff, 0xff, 0xe0, 0x3f, 0xff,
    0xff, 0xff, 0xff, 0xff, 0xc0, 0x7f, 0xff, 0xff,
    0xff, 0xff, 0xff, 0x80, 0x7f, 0xff, 0xff, 0xff,
    0xff, 0xff, 0x0, 0x7f, 0xff, 0xff, 0xff, 0xff,
    0xfe, 0x0, 0x7f, 0xff, 0xff, 0xff, 0xff, 0xfc,
    0x0, 0x7f, 0xff, 0xff, 0xff, 0xff, 0xf0, 0x0,
    0x7f, 0xff, 0xff, 0xff, 0xff, 0xe0, 0x0, 0x3f,
    0xff, 0xff, 0xff, 0xff, 0x80, 0x0, 0x3f, 0xff,
    0xff, 0xff, 0xfe, 0x0, 0x0, 0x1f, 0xff, 0xff,
    0xff, 0xf0, 0x0, 0x0, 0xf, 0xff, 0xff, 0xff,
    0x0, 0x0, 0x0, 0x3, 0xff, 0xff, 0xf0, 0x0,
    0x0, 0x0, 0x0, 0x3f, 0xfe, 0x0, 0x0,

    /* U+0064 "d" */
    0x0, 0x0, 0x0, 0x0, 0x0, 0x0, 0x7, 0xf0,
    0x0, 0x0, 0x0, 0x0, 0x0, 0x0, 0x7, 0xff,
    0x0, 0x0, 0x0, 0x0, 0x0, 0x0, 0x7, 0xff,
    0xf0, 0x0, 0x0, 0x0, 0x0, 0x0, 0x1, 0xff,
    0xfc, 0x0, 0x0, 0x0, 0x0, 0x0, 0x0, 0xff,
    0xff, 0x80, 0x0, 0x0, 0x0, 0x0, 0x0, 0x3f,
    0xff, 0xe0, 0x0, 0x0, 0x0, 0x0, 0x0, 0x1f,
    0xff, 0xfc, 0x0, 0x0, 0x0, 0x0, 0x0, 0x7,
    0xff, 0xff, 0x0, 0x0, 0x0, 0x0, 0x0, 0x1,
    0xff, 0xff, 0xc0, 0x0, 0x0, 0x0, 0x0, 0x0,
    0x7f, 0xff, 0xf0, 0x0, 0x0, 0x0, 0x0, 0x0,
    0x1f, 0xff, 0xfc, 0x0, 0x0, 0x0, 0x0, 0x0,
    0x7, 0xff, 0xff, 0x0, 0x0, 0x0, 0x0, 0x0,
    0x1, 0xff, 0xff, 0xc0, 0x0, 0x0, 0x0, 0x0,
    0x0, 0x7f, 0xff, 0xf0, 0x0, 0x0, 0x0, 0x0,
    0x0, 0x1f, 0xff, 0xfc, 0x0, 0x0, 0x0, 0x0,
    0x0, 0x7, 0xff, 0xff, 0x0, 0x0, 0x0, 0x0,
    0x0, 0x1, 0xff, 0xff, 0xc0, 0x0, 0x0, 0x0,
    0x0, 0x0, 0x7f, 0xff, 0xf0, 0x0, 0x0, 0x0,
    0x0, 0x0, 0x1f, 0xff, 0xfc, 0x0, 0x0, 0x0,
    0x0, 0x0, 0x7, 0xff, 0xff, 0x0, 0x0, 0x0,
    0x0, 0x0, 0x1, 0xff, 0xff, 0xc0, 0x0, 0x0,
    0x0, 0x0, 0x0, 0x7f, 0xff, 0xf0, 0x0, 0x0,
    0x0, 0x0, 0x0, 0x1f, 0xff, 0xfc, 0x0, 0x0,
    0x0, 0x0, 0x0, 0x7, 0xff, 0xff, 0x0, 0x0,
    0x0, 0x0, 0x0, 0x1, 0xff, 0xff, 0xc0, 0x0,
    0x0, 0x0, 0x0, 0x0, 0x7f, 0xff, 0xf0, 0x0,
    0x0, 0x0, 0x0, 0x0, 0x1f, 0xff, 0xfc, 0x0,
    0x0, 0xf, 0xfe, 0x0, 0x7, 0xff, 0xff, 0x0,
    0x0, 0x3f, 0xff, 0xf8, 0x1, 0xff, 0xff, 0xc0,
    0x0, 0x3f, 0xff, 0xff, 0x80, 0x7f, 0xff, 0xf0,
    0x0, 0x3f, 0xff, 0xff, 0xf8, 0x1f, 0xff, 0xfc,
    0x0, 0x3f, 0xff, 0xff, 0xff, 0x7, 0xff, 0xff,
    0x0, 0x1f, 0xff, 0xff, 0xff, 0xe1, 0xff, 0xff,
    0xc0, 0xf, 0xff, 0xff, 0xff, 0xfe, 0x7f, 0xff,
    0xf0, 0x7, 0xff, 0xff, 0xff, 0xff, 0x9f, 0xff,
    0xfc, 0x3, 0xff, 0xff, 0xff, 0xff, 0xf7, 0xff,
    0xff, 0x1, 0xff, 0xff, 0xff, 0xff, 0xff, 0xff,
    0xff, 0xc0, 0xff, 0xff, 0xff, 0xff, 0xff, 0xff,
    0xff, 0xf0, 0x7f, 0xff, 0xff, 0xff, 0xff, 0xff,
    0xff, 0xfc, 0x1f, 0xff, 0xff, 0xff, 0xff, 0xff,
    0xff, 0xff, 0xf, 0xff, 0xff, 0xff, 0xff, 0xff,
    0xff, 0xff, 0xc3, 0xff, 0xff, 0xfe, 0x1, 0xff,
    0xff, 0xff, 0xf1, 0xff, 0xff, 0xfc, 0x0, 0xf,
    0xff, 0xff, 0xfc, 0x7f, 0xff, 0xfe, 0x0, 0x1,
    0xff, 0xff, 0xff, 0x3f, 0xff, 0xff, 0x0, 0x0,
    0x3f, 0xff, 0xff, 0xcf, 0xff, 0xff, 0x80, 0x0,
    0x7, 0xff, 0xff, 0xf3, 0xff, 0xff, 0xc0, 0x0,
    0x0, 0xff, 0xff, 0xfd, 0xff, 0xff, 0xe0, 0x0,
    0x0, 0x1f, 0xff, 0xff, 0x7f, 0xff, 0xf8, 0x0,
    0x0, 0x7, 0xff, 0xff, 0xdf, 0xff, 0xfe, 0x0,
    0x0, 0x0, 0xff, 0xff, 0xf7, 0xff, 0xff, 0x0,
    0x0, 0x0, 0x3f, 0xff, 0xfd, 0xff, 0xff, 0xc0,
    0x0, 0x0, 0xf, 0xff, 0xff, 0xff, 0xff, 0xf0,
    0x0, 0x0, 0x1, 0xff, 0xff, 0xff, 0xff, 0xf8,
    0x0, 0x0, 0x0, 0x7f, 0xff, 0xff, 0xff, 0xfe,
    0x0, 0x0, 0x0, 0x1f, 0xff, 0xff, 0xff, 0xff,
    0x80, 0x0, 0x0, 0x7, 0xff, 0xff, 0xff, 0xff,
    0xe0, 0x0, 0x0, 0x1, 0xff, 0xff, 0xff, 0xff,
    0xf8, 0x0, 0x0, 0x0, 0x7f, 0xff, 0xff, 0xff,
    0xfe, 0x0, 0x0, 0x0, 0x1f, 0xff, 0xff, 0xff,
    0xff, 0x80, 0x0, 0x0, 0x7, 0xff, 0xff, 0xff,
    0xff, 0xe0, 0x0, 0x0, 0x1, 0xff, 0xff, 0xff,
    0xff, 0xf8, 0x0, 0x0, 0x0, 0x7f, 0xff, 0xff,
    0xff, 0xfe, 0x0, 0x0, 0x0, 0x1f, 0xff, 0xff,
    0xff, 0xff, 0x80, 0x0, 0x0, 0x7, 0xff, 0xff,
    0xff, 0xff, 0xe0, 0x0, 0x0, 0x1, 0xff, 0xff,
    0xff, 0xff, 0xf8, 0x0, 0x0, 0x0, 0x7f, 0xff,
    0xff, 0xff, 0xff, 0x0, 0x0, 0x0, 0x3f, 0xff,
    0xfd, 0xff, 0xff, 0xc0, 0x0, 0x0, 0xf, 0xff,
    0xff, 0x7f, 0xff, 0xf0, 0x0, 0x0, 0x3, 0xff,
    0xff, 0xdf, 0xff, 0xfe, 0x0, 0x0, 0x0, 0xff,
    0xff, 0xf7, 0xff, 0xff, 0x80, 0x0, 0x0, 0x7f,
    0xff, 0xfd, 0xff, 0xff, 0xf0, 0x0, 0x0, 0x1f,
    0xff, 0xff, 0x3f, 0xff, 0xfc, 0x0, 0x0, 0xf,
    0xff, 0xff, 0xcf, 0xff, 0xff, 0x80, 0x0, 0x7,
    0xff, 0xff, 0xf3, 0xff, 0xff, 0xf0, 0x0, 0x3,
    0xff, 0xff, 0xfc, 0x7f, 0xff, 0xfe, 0x0, 0x1,
    0xff, 0xff, 0xff, 0x1f, 0xff, 0xff, 0xe0, 0x0,
    0xff, 0xff, 0xff, 0xc3, 0xff, 0xff, 0xfe, 0x1,
    0xff, 0xff, 0xff, 0xf0, 0xff, 0xff, 0xff, 0xff,
    0xff, 0xff, 0xff, 0xfc, 0x1f, 0xff, 0xff, 0xff,
    0xff, 0xff, 0xff, 0xff, 0x7, 0xff, 0xff, 0xff,
    0xff, 0xff, 0xff, 0xff, 0xc0, 0xff, 0xff, 0xff,
    0xff, 0xff, 0xff, 0xff, 0xf0, 0x1f, 0xff, 0xff,
    0xff, 0xff, 0xff, 0xff, 0xfc, 0x3, 0xff, 0xff,
    0xff, 0xff, 0xf7, 0xff, 0xff, 0x0, 0x7f, 0xff,
    0xff, 0xff, 0xf9, 0xff, 0xff, 0xc0, 0xf, 0xff,
    0xff, 0xff, 0xfc, 0x7f, 0xff, 0xf0, 0x1, 0xff,
    0xff, 0xff, 0xfe, 0xf, 0xff, 0xf8, 0x0, 0x3f,
    0xff, 0xff, 0xff, 0x3, 0xff, 0xfe, 0x0, 0x3,
    0xff, 0xff, 0xff, 0x80, 0x7f, 0xff, 0x0, 0x0,
    0x3f, 0xff, 0xff, 0x80, 0x1f, 0xff, 0x80, 0x0,
    0x3, 0xff, 0xff, 0x0, 0x1, 0xff, 0xc0, 0x0,
    0x0, 0xf, 0xfe, 0x0, 0x0, 0x1f, 0xc0,

    /* U+0065 "e" */
    0x0, 0x0, 0x0, 0x3f, 0xfc, 0x0, 0x0, 0x0,
    0x0, 0x0, 0xf, 0xff, 0xff, 0x0, 0x0, 0x0,
    0x0, 0x1, 0xff, 0xff, 0xff, 0x80, 0x0, 0x0,
    0x0, 0x1f, 0xff, 0xff, 0xff, 0x80, 0x0, 0x0,
    0x1, 0xff, 0xff, 0xff, 0xff, 0x80, 0x0, 0x0,
    0x1f, 0xff, 0xff, 0xff, 0xff, 0x0, 0x0, 0x0,
    0xff, 0xff, 0xff, 0xff, 0xff, 0x0, 0x0, 0x7,
    0xff, 0xff, 0xff, 0xff, 0xfe, 0x0, 0x0, 0x3f,
    0xff, 0xff, 0xff, 0xff, 0xfc, 0x0, 0x1, 0xff,
    0xff, 0xff, 0xff, 0xff, 0xf8, 0x0, 0xf, 0xff,
    0xff, 0xff, 0xff, 0xff, 0xf0, 0x0, 0x7f, 0xff,
    0xff, 0xff, 0xff, 0xff, 0xc0, 0x3, 0xff, 0xff,
    0xff, 0xff, 0xff, 0xff, 0x80, 0x1f, 0xff, 0xff,
    0xe0, 0x1f, 0xff, 0xff, 0x0, 0x7f, 0xff, 0xfc,
    0x0, 0xf, 0xff, 0xfc, 0x3, 0xff, 0xff, 0xc0,
    0x0, 0x1f, 0xff, 0xf8, 0xf, 0xff, 0xfe, 0x0,
    0x0, 0x3f, 0xff, 0xe0, 0x7f, 0xff, 0xf0, 0x0,
    0x0, 0x7f, 0xff, 0x81, 0xff, 0xff, 0xc0, 0x0,
    0x0, 0xff, 0xff, 0xf, 0xff, 0xfe, 0x0, 0x0,
    0x3, 0xff, 0xfc, 0x3f, 0xff, 0xf0, 0x0, 0x0,
    0x7, 0xff, 0xf0, 0xff, 0xff, 0xc0, 0x0, 0x0,
    0x1f, 0xff, 0xe7, 0xff, 0xfe, 0x0, 0x0, 0x0,
    0x7f, 0xff, 0x9f, 0xff, 0xf8, 0x0, 0x0, 0x1,
    0xff, 0xfe, 0x7f, 0xff, 0xe0, 0x0, 0x0, 0x3,
    0xff, 0xf9, 0xff, 0xff, 0x80, 0x0, 0x0, 0xf,
    0xff, 0xff, 0xff, 0xfc, 0x0, 0x0, 0x0, 0x3f,
    0xff, 0xff, 0xff, 0xff, 0xff, 0xff, 0xff, 0xff,
    0xff, 0xff, 0xff, 0xff, 0xff, 0xff, 0xff, 0xff,
    0xff, 0xff, 0xff, 0xff, 0xff, 0xff, 0xff, 0xff,
    0xff, 0xff, 0xff, 0xff, 0xff, 0xff, 0xff, 0xff,
    0xff, 0xff, 0xff, 0xff, 0xff, 0xff, 0xff, 0xff,
    0xff, 0xff, 0xff, 0xff, 0xff, 0xff, 0xff, 0xff,
    0xff, 0xff, 0xff, 0xff, 0xff, 0xff, 0xff, 0xff,
    0xff, 0xff, 0xff, 0xff, 0xff, 0xff, 0xff, 0xbf,
    0xff, 0xff, 0xff, 0xff, 0xff, 0xff, 0xfe, 0xff,
    0xff, 0xff, 0xff, 0xff, 0xff, 0xff, 0xe3, 0xff,
    0xff, 0x0, 0x0, 0x0, 0x0, 0x0, 0xf, 0xff,
    0xfc, 0x0, 0x0, 0x0, 0x0, 0x0, 0x3f, 0xff,
    0xf8, 0x0, 0x0, 0x0, 0x0, 0x0, 0x7f, 0xff,
    0xe0, 0x0, 0x0, 0x0, 0x0, 0x1, 0xff, 0xff,
    0x80, 0x0, 0x0, 0x0, 0x0, 0x7, 0xff, 0xff,
    0x0, 0x0, 0x0, 0x0, 0x0, 0x1f, 0xff, 0xfc,
    0x0, 0x0, 0x0, 0x0, 0x0, 0x3f, 0xff, 0xf0,
    0x0, 0x0, 0x0, 0x0, 0x0, 0xff, 0xff, 0xe0,
    0x0, 0x0, 0x0, 0x0, 0x3, 0xff, 0xff, 0xc0,
    0x0, 0x0, 0x0, 0x0, 0x7, 0xff, 0xff, 0x80,
    0x0, 0x0, 0x0, 0x0, 0x1f, 0xff, 0xff, 0x0,
    0x0, 0x0, 0x1f, 0xc0, 0x3f, 0xff, 0xfe, 0x0,
    0x0, 0x1, 0xff, 0x80, 0xff, 0xff, 0xfe, 0x0,
    0x0, 0x3f, 0xff, 0x1, 0xff, 0xff, 0xff, 0x80,
    0xf, 0xff, 0xfc, 0x3, 0xff, 0xff, 0xff, 0xff,
    0xff, 0xff, 0xf8, 0xf, 0xff, 0xff, 0xff, 0xff,
    0xff, 0xff, 0xe0, 0x1f, 0xff, 0xff, 0xff, 0xff,
    0xff, 0xff, 0x80, 0x3f, 0xff, 0xff, 0xff, 0xff,
    0xff, 0xfe, 0x0, 0x7f, 0xff, 0xff, 0xff, 0xff,
    0xff, 0xf0, 0x0, 0xff, 0xff, 0xff, 0xff, 0xff,
    0xff, 0xc0, 0x1, 0xff, 0xff, 0xff, 0xff, 0xff,
    0xfe, 0x0, 0x3, 0xff, 0xff, 0xff, 0xff, 0xff,
    0xf8, 0x0, 0x3, 0xff, 0xff, 0xff, 0xff, 0xff,
    0x80, 0x0, 0x3, 0xff, 0xff, 0xff, 0xff, 0xfc,
    0x0, 0x0, 0x3, 0xff, 0xff, 0xff, 0xff, 0xc0,
    0x0, 0x0, 0x3, 0xff, 0xff, 0xff, 0xf8, 0x0,
    0x0, 0x0, 0x1, 0xff, 0xff, 0xff, 0x0, 0x0,
    0x0, 0x0, 0x0, 0x3f, 0xff, 0x0, 0x0, 0x0,

    /* U+0066 "f" */
    0x0, 0x0, 0x0, 0x0, 0x0, 0x0, 0x0, 0x0,
    0x0, 0x0, 0x0, 0xff, 0xf0, 0x0, 0x0, 0x0,
    0x1, 0xff, 0xff, 0x80, 0x0, 0x0, 0x0, 0xff,
    0xff, 0xfc, 0x0, 0x0, 0x0, 0x3f, 0xff, 0xff,
    0xe0, 0x0, 0x0, 0xf, 0xff, 0xff, 0xfe, 0x0,
    0x0, 0x3, 0xff, 0xff, 0xff, 0xe0, 0x0, 0x0,
    0x7f, 0xff, 0xff, 0xfe, 0x0, 0x0, 0xf, 0xff,
    0xff, 0xff, 0xe0, 0x0, 0x1, 0xff, 0xff, 0xff,
    0xfe, 0x0, 0x0, 0x3f, 0xff, 0xff, 0xff, 0xe0,
    0x0, 0x7, 0xff, 0xff, 0xff, 0xfe, 0x0, 0x0,
    0xff, 0xff, 0xff, 0xff, 0xc0, 0x0, 0xf, 0xff,
    0xff, 0xff, 0xf8, 0x0, 0x1, 0xff, 0xff, 0xff,
    0xfc, 0x0, 0x0, 0x1f, 0xff, 0xff, 0xe0, 0x0,
    0x0, 0x3, 0xff, 0xff, 0xf0, 0x0, 0x0, 0x0,
    0x3f, 0xff, 0xfe, 0x0, 0x0, 0x0, 0x7, 0xff,
    0xff, 0xc0, 0x0, 0x0, 0x0, 0x7f, 0xff, 0xf8,
    0x0, 0x0, 0x0, 0x7, 0xff, 0xff, 0x0, 0x0,
    0x0, 0x0, 0x7f, 0xff, 0xf0, 0x0, 0x0, 0x0,
    0x7, 0xff, 0xfe, 0x0, 0x0, 0x0, 0x0, 0xff,
    0xff, 0xe0, 0x0, 0x0, 0x0, 0xf, 0xff, 0xfe,
    0x0, 0x0, 0x0, 0x0, 0xff, 0xff, 0xe0, 0x0,
    0x0, 0x0, 0xf, 0xff, 0xfe, 0x0, 0x0, 0x0,
    0x0, 0xff, 0xff, 0xe0, 0x0, 0x0, 0x0, 0xf,
    0xff, 0xfe, 0x0, 0x0, 0x0, 0xff, 0xff, 0xff,
    0xff, 0xff, 0x0, 0x3f, 0xff, 0xff, 0xff, 0xff,
    0xfc, 0x7, 0xff, 0xff, 0xff, 0xff, 0xff, 0xe0,
    0x7f, 0xff, 0xff, 0xff, 0xff, 0xfe, 0xf, 0xff,
    0xff, 0xff, 0xff, 0xff, 0xf0, 0xff, 0xff, 0xff,
    0xff, 0xff, 0xff, 0xf, 0xff, 0xff, 0xff, 0xff,
    0xff, 0xf0, 0xff, 0xff, 0xff, 0xff, 0xff, 0xff,
    0xf, 0xff, 0xff, 0xff, 0xff, 0xff, 0xf0, 0xff,
    0xff, 0xff, 0xff, 0xff, 0xff, 0x7, 0xff, 0xff,
    0xff, 0xff, 0xff, 0xe0, 0x7f, 0xff, 0xff, 0xff,
    0xff, 0xfe, 0x3, 0xff, 0xff, 0xff, 0xff, 0xff,
    0xc0, 0xf, 0xff, 0xff, 0xff, 0xff, 0xf0, 0x0,
    0x0, 0xff, 0xff, 0xe0, 0x0, 0x0, 0x0, 0xf,
    0xff, 0xfe, 0x0, 0x0, 0x0, 0x0, 0xff, 0xff,
    0xe0, 0x0, 0x0, 0x0, 0xf, 0xff, 0xfe, 0x0,
    0x0, 0x0, 0x0, 0xff, 0xff, 0xe0, 0x0, 0x0,
    0x0, 0xf, 0xff, 0xfe, 0x0, 0x0, 0x0, 0x0,
    0xff, 0xff, 0xe0, 0x0, 0x0, 0x0, 0xf, 0xff,
    0xfe, 0x0, 0x0, 0x0, 0x0, 0xff, 0xff, 0xe0,
    0x0, 0x0, 0x0, 0xf, 0xff, 0xfe, 0x0, 0x0,
    0x0, 0x0, 0xff, 0xff, 0xe0, 0x0, 0x0, 0x0,
    0xf, 0xff, 0xfe, 0x0, 0x0, 0x0, 0x0, 0xff,
    0xff, 0xe0, 0x0, 0x0, 0x0, 0xf, 0xff, 0xfe,
    0x0, 0x0, 0x0, 0x0, 0xff, 0xff, 0xe0, 0x0,
    0x0, 0x0, 0xf, 0xff, 0xfe, 0x0, 0x0, 0x0,
    0x0, 0xff, 0xff, 0xe0, 0x0, 0x0, 0x0, 0xf,
    0xff, 0xfe, 0x0, 0x0, 0x0, 0x0, 0xff, 0xff,
    0xe0, 0x0, 0x0, 0x0, 0xf, 0xff, 0xfe, 0x0,
    0x0, 0x0, 0x0, 0xff, 0xff, 0xe0, 0x0, 0x0,
    0x0, 0xf, 0xff, 0xfe, 0x0, 0x0, 0x0, 0x0,
    0xff, 0xff, 0xe0, 0x0, 0x0, 0x0, 0xf, 0xff,
    0xfe, 0x0, 0x0, 0x0, 0x0, 0xff, 0xff, 0xe0,
    0x0, 0x0, 0x0, 0xf, 0xff, 0xfe, 0x0, 0x0,
    0x0, 0x0, 0xff, 0xff, 0xe0, 0x0, 0x0, 0x0,
    0xf, 0xff, 0xfe, 0x0, 0x0, 0x0, 0x0, 0xff,
    0xff, 0xe0, 0x0, 0x0, 0x0, 0xf, 0xff, 0xfe,
    0x0, 0x0, 0x0, 0x0, 0xff, 0xff, 0xe0, 0x0,
    0x0, 0x0, 0xf, 0xff, 0xfe, 0x0, 0x0, 0x0,
    0x0, 0xff, 0xff, 0xe0, 0x0, 0x0, 0x0, 0xf,
    0xff, 0xfe, 0x0, 0x0, 0x0, 0x0, 0xff, 0xff,
    0xe0, 0x0, 0x0, 0x0, 0xf, 0xff, 0xfe, 0x0,
    0x0, 0x0, 0x0, 0xff, 0xff, 0xe0, 0x0, 0x0,
    0x0, 0xf, 0xff, 0xfe, 0x0, 0x0, 0x0, 0x0,
    0xff, 0xff, 0xe0, 0x0, 0x0, 0x0, 0xf, 0xff,
    0xfe, 0x0, 0x0, 0x0, 0x0, 0xff, 0xff, 0xe0,
    0x0, 0x0, 0x0, 0xf, 0xff, 0xfe, 0x0, 0x0,
    0x0, 0x0, 0xff, 0xff, 0xe0, 0x0, 0x0, 0x0,
    0xf, 0xff, 0xfe, 0x0, 0x0, 0x0, 0x0, 0x7f,
    0xff, 0xc0, 0x0, 0x0, 0x0, 0x7, 0xff, 0xfc,
    0x0, 0x0, 0x0, 0x0, 0x3f, 0xff, 0x80, 0x0,
    0x0, 0x0, 0x1, 0xff, 0xf0, 0x0, 0x0, 0x0,
    0x0, 0x7, 0xfe, 0x0, 0x0, 0x0, 0x0, 0x0,
    0x4, 0x0, 0x0, 0x0, 0x0,

    /* U+0067 "g" */
    0x0, 0x0, 0x3, 0xff, 0x80, 0x0, 0x1, 0xf0,
    0x0, 0x0, 0x7, 0xff, 0xff, 0x0, 0x1, 0xff,
    0xc0, 0x0, 0x3, 0xff, 0xff, 0xf8, 0x0, 0x7f,
    0xfc, 0x0, 0x1, 0xff, 0xff, 0xff, 0xc0, 0x1f,
    0xff, 0xc0, 0x0, 0xff, 0xff, 0xff, 0xfe, 0x7,
    0xff, 0xfc, 0x0, 0x3f, 0xff, 0xff, 0xff, 0xe0,
    0xff, 0xff, 0x80, 0xf, 0xff, 0xff, 0xff, 0xfe,
    0x3f, 0xff, 0xf8, 0x3, 0xff, 0xff, 0xff, 0xff,
    0xe7, 0xff, 0xff, 0x0, 0xff, 0xff, 0xff, 0xff,
    0xfe, 0xff, 0xff, 0xe0, 0x3f, 0xff, 0xff, 0xff,
    0xff, 0xff, 0xff, 0xfc, 0xf, 0xff, 0xff, 0xff,
    0xff, 0xff, 0xff, 0xff, 0x83, 0xff, 0xff, 0xff,
    0xff, 0xff, 0xff, 0xff, 0xf0, 0x7f, 0xff, 0xff,
    0xff, 0xff, 0xff, 0xff, 0xfe, 0x1f, 0xff, 0xff,
    0xff, 0xff, 0xff, 0xff, 0xff, 0xc3, 0xff, 0xff,
    0xfe, 0x1, 0xff, 0xff, 0xff, 0xf8, 0xff, 0xff,
    0xff, 0x0, 0x7, 0xff, 0xff, 0xff, 0x1f, 0xff,
    0xff, 0x80, 0x0, 0x3f, 0xff, 0xff, 0xe7, 0xff,
    0xff, 0xe0, 0x0, 0x3, 0xff, 0xff, 0xfc, 0xff,
    0xff, 0xf8, 0x0, 0x0, 0x3f, 0xff, 0xff, 0x9f,
    0xff, 0xfe, 0x0, 0x0, 0x3, 0xff, 0xff, 0xf7,
    0xff, 0xff, 0x80, 0x0, 0x0, 0x7f, 0xff, 0xfe,
    0xff, 0xff, 0xf0, 0x0, 0x0, 0x7, 0xff, 0xff,
    0xdf, 0xff, 0xfc, 0x0, 0x0, 0x0, 0xff, 0xff,
    0xfb, 0xff, 0xff, 0x80, 0x0, 0x0, 0xf, 0xff,
    0xff, 0xff, 0xff, 0xf0, 0x0, 0x0, 0x1, 0xff,
    0xff, 0xff, 0xff, 0xfe, 0x0, 0x0, 0x0, 0x3f,
    0xff, 0xff, 0xff, 0xff, 0x80, 0x0, 0x0, 0x7,
    0xff, 0xff, 0xff, 0xff, 0xf0, 0x0, 0x0, 0x0,
    0x7f, 0xff, 0xff, 0xff, 0xfe, 0x0, 0x0, 0x0,
    0xf, 0xff, 0xff, 0xff, 0xff, 0xc0, 0x0, 0x0,
    0x1, 0xff, 0xff, 0xff, 0xff, 0xf8, 0x0, 0x0,
    0x0, 0x3f, 0xff, 0xff, 0xff, 0xff, 0x0, 0x0,
    0x0, 0x7, 0xff, 0xff, 0xff, 0xff, 0xe0, 0x0,
    0x0, 0x0, 0xff, 0xff, 0xff, 0xff, 0xfc, 0x0,
    0x0, 0x0, 0x1f, 0xff, 0xff, 0xff, 0xff, 0x80,
    0x0, 0x0, 0x3, 0xff, 0xff, 0xff, 0xff, 0xf0,
    0x0, 0x0, 0x0, 0xff, 0xff, 0xff, 0xff, 0xff,
    0x0, 0x0, 0x0, 0x1f, 0xff, 0xff, 0xff, 0xff,
    0xe0, 0x0, 0x0, 0x3, 0xff, 0xff, 0xdf, 0xff,
    0xfc, 0x0, 0x0, 0x0, 0x7f, 0xff, 0xfb, 0xff,
    0xff, 0x80, 0x0, 0x0, 0x1f, 0xff, 0xff, 0x7f,
    0xff, 0xf8, 0x0, 0x0, 0x3, 0xff, 0xff, 0xef,
    0xff, 0xff, 0x0, 0x0, 0x0, 0xff, 0xff, 0xfc,
    0xff, 0xff, 0xf0, 0x0, 0x0, 0x1f, 0xff, 0xff,
    0x9f, 0xff, 0xff, 0x0, 0x0, 0x7, 0xff, 0xff,
    0xf3, 0xff, 0xff, 0xf0, 0x0, 0x1, 0xff, 0xff,
    0xfe, 0x3f, 0xff, 0xff, 0x0, 0x0, 0x7f, 0xff,
    0xff, 0xc7, 0xff, 0xff, 0xf8, 0x0, 0x3f, 0xff,
    0xff, 0xf8, 0x7f, 0xff, 0xff, 0xc0, 0x3f, 0xff,
    0xff, 0xff, 0xf, 0xff, 0xff, 0xff, 0xff, 0xff,
    0xff, 0xff, 0xe0, 0xff, 0xff, 0xff, 0xff, 0xff,
    0xff, 0xff, 0xfc, 0x1f, 0xff, 0xff, 0xff, 0xff,
    0xff, 0xff, 0xff, 0x81, 0xff, 0xff, 0xff, 0xff,
    0xff, 0xff, 0xff, 0xf0, 0x1f, 0xff, 0xff, 0xff,
    0xff, 0xff, 0xff, 0xfe, 0x1, 0xff, 0xff, 0xff,
    0xff, 0xfd, 0xff, 0xff, 0xc0, 0x1f, 0xff, 0xff,
    0xff, 0xff, 0x3f, 0xff, 0xf8, 0x1, 0xff, 0xff,
    0xff, 0xff, 0xc7, 0xff, 0xff, 0x0, 0x1f, 0xff,
    0xff, 0xff, 0xf0, 0xff, 0xff, 0xe0, 0x1, 0xff,
    0xff, 0xff, 0xfc, 0x1f, 0xff, 0xfc, 0x0, 0xf,
    0xff, 0xff, 0xfe, 0x3, 0xff, 0xff, 0x80, 0x0,
    0x7f, 0xff, 0xff, 0x0, 0x7f, 0xff, 0xf0, 0x0,
    0x3, 0xff, 0xff, 0x80, 0xf, 0xff, 0xfe, 0x0,
    0x0, 0x7, 0xff, 0x0, 0x1, 0xff, 0xff, 0xc0,
    0x0, 0x0, 0x0, 0x0, 0x0, 0x3f, 0xff, 0xf8,
    0x0, 0x0, 0x0, 0x0, 0x0, 0x7, 0xff, 0xff,
    0x0, 0x0, 0x0, 0x0, 0x0, 0x1, 0xff, 0xff,
    0xc0, 0x0, 0x0, 0x0, 0x0, 0x0, 0x3f, 0xff,
    0xf8, 0x0, 0x0, 0x0, 0x0, 0x0, 0x7, 0xff,
    0xff, 0x0, 0x0, 0x0, 0x0, 0x0, 0x1, 0xff,
    0xff, 0xe0, 0x0, 0x0, 0x0, 0x0, 0x0, 0x3f,
    0xff, 0xf8, 0x0, 0xe0, 0x0, 0x0, 0x0, 0xf,
    0xff, 0xff, 0x0, 0x7f, 0x0, 0x0, 0x0, 0x3,
    0xff, 0xff, 0xe0, 0x1f, 0xfc, 0x0, 0x0, 0x1,
    0xff, 0xff, 0xf8, 0x7, 0xff, 0xf0, 0x0, 0x0,
    0xff, 0xff, 0xff, 0x1, 0xff, 0xff, 0xf0, 0x0,
    0xff, 0xff, 0xff, 0xc0, 0x3f, 0xff, 0xff, 0xff,
    0xff, 0xff, 0xff, 0xf8, 0x7, 0xff, 0xff, 0xff,
    0xff, 0xff, 0xff, 0xfe, 0x0, 0xff, 0xff, 0xff,
    0xff, 0xff, 0xff, 0xff, 0x80, 0x1f, 0xff, 0xff,
    0xff, 0xff, 0xff, 0xff, 0xf0, 0x3, 0xff, 0xff,
    0xff, 0xff, 0xff, 0xff, 0xfc, 0x0, 0x7f, 0xff,
    0xff, 0xff, 0xff, 0xff, 0xff, 0x0, 0x7, 0xff,
    0xff, 0xff, 0xff, 0xff, 0xff, 0xc0, 0x0, 0x7f,
    0xff, 0xff, 0xff, 0xff, 0xff, 0xf0, 0x0, 0x7,
    0xff, 0xff, 0xff, 0xff, 0xff, 0xf8, 0x0, 0x0,
    0x3f, 0xff, 0xff, 0xff, 0xff, 0xfe, 0x0, 0x0,
    0x1, 0xff, 0xff, 0xff, 0xff, 0xff, 0x0, 0x0,
    0x0, 0x7, 0xff, 0xff, 0xff, 0xff, 0x0, 0x0,
    0x0, 0x0, 0xf, 0xff, 0xff, 0xff, 0x0, 0x0,
    0x0, 0x0, 0x0, 0x3, 0xff, 0xfc, 0x0, 0x0,
    0x0,

    /* U+0068 "h" */
    0x3, 0xf8, 0x0, 0x0, 0x0, 0x0, 0x0, 0x0,
    0x3f, 0xf8, 0x0, 0x0, 0x0, 0x0, 0x0, 0x3,
    0xff, 0xf8, 0x0, 0x0, 0x0, 0x0, 0x0, 0xf,
    0xff, 0xe0, 0x0, 0x0, 0x0, 0x0, 0x0, 0x7f,
    0xff, 0xc0, 0x0, 0x0, 0x0, 0x0, 0x1, 0xff,
    0xff, 0x0, 0x0, 0x0, 0x0, 0x0, 0xf, 0xff,
    0xfe, 0x0, 0x0, 0x0, 0x0, 0x0, 0x3f, 0xff,
    0xf8, 0x0, 0x0, 0x0, 0x0, 0x0, 0xff, 0xff,
    0xe0, 0x0, 0x0, 0x0, 0x0, 0x3, 0xff, 0xff,
    0x80, 0x0, 0x0, 0x0, 0x0, 0xf, 0xff, 0xfe,
    0x0, 0x0, 0x0, 0x0, 0x0, 0x3f, 0xff, 0xf8,
    0x0, 0x0, 0x0, 0x0, 0x0, 0xff, 0xff, 0xe0,
    0x0, 0x0, 0x0, 0x0, 0x3, 0xff, 0xff, 0x80,
    0x0, 0x0, 0x0, 0x0, 0xf, 0xff, 0xfe, 0x0,
    0x0, 0x0, 0x0, 0x0, 0x3f, 0xff, 0xf8, 0x0,
    0x0, 0x0, 0x0, 0x0, 0xff, 0xff, 0xe0, 0x0,
    0x0, 0x0, 0x0, 0x3, 0xff, 0xff, 0x80, 0x0,
    0x0, 0x0, 0x0, 0xf, 0xff, 0xfe, 0x0, 0x0,
    0x0, 0x0, 0x0, 0x3f, 0xff, 0xf8, 0x0, 0x0,
    0x0, 0x0, 0x0, 0xff, 0xff, 0xe0, 0x0, 0x0,
    0x0, 0x0, 0x3, 0xff, 0xff, 0x80, 0x0, 0x0,
    0x0, 0x0, 0xf, 0xff, 0xfe, 0x0, 0x0, 0x0,
    0x0, 0x0, 0x3f, 0xff, 0xf8, 0x0, 0x0, 0x0,
    0x0, 0x0, 0xff, 0xff, 0xe0, 0x0, 0x0, 0x0,
    0x0, 0x3, 0xff, 0xff, 0x80, 0x0, 0x0, 0x0,
    0x0, 0xf, 0xff, 0xfe, 0x0, 0x0, 0x0, 0x0,
    0x0, 0x3f, 0xff, 0xf8, 0x0, 0xf, 0xfe, 0x0,
    0x0, 0xff, 0xff, 0xe0, 0x3, 0xff, 0xff, 0x80,
    0x3, 0xff, 0xff, 0x80, 0x3f, 0xff, 0xff, 0x80,
    0xf, 0xff, 0xfe, 0x3, 0xff, 0xff, 0xff, 0x80,
    0x3f, 0xff, 0xf8, 0x3f, 0xff, 0xff, 0xff, 0x0,
    0xff, 0xff, 0xe1, 0xff, 0xff, 0xff, 0xff, 0x3,
    0xff, 0xff, 0x8f, 0xff, 0xff, 0xff, 0xfc, 0xf,
    0xff, 0xfe, 0x7f, 0xff, 0xff, 0xff, 0xf8, 0x3f,
    0xff, 0xfb, 0xff, 0xff, 0xff, 0xff, 0xf0, 0xff,
    0xff, 0xff, 0xff, 0xff, 0xff, 0xff, 0xe3, 0xff,
    0xff, 0xff, 0xff, 0xff, 0xff, 0xff, 0x8f, 0xff,
    0xff, 0xff, 0xff, 0xff, 0xff, 0xff, 0x3f, 0xff,
    0xff, 0xff, 0xff, 0xff, 0xff, 0xfc, 0xff, 0xff,
    0xff, 0xff, 0xff, 0xff, 0xff, 0xf3, 0xff, 0xff,
    0xff, 0xff, 0xff, 0xff, 0xff, 0xef, 0xff, 0xff,
    0xff, 0x80, 0x7f, 0xff, 0xff, 0xbf, 0xff, 0xff,
    0xf0, 0x0, 0x7f, 0xff, 0xfe, 0xff, 0xff, 0xff,
    0x0, 0x0, 0xff, 0xff, 0xfb, 0xff, 0xff, 0xf8,
    0x0, 0x1, 0xff, 0xff, 0xef, 0xff, 0xff, 0xc0,
    0x0, 0x3, 0xff, 0xff, 0xff, 0xff, 0xfe, 0x0,
    0x0, 0xf, 0xff, 0xff, 0xff, 0xff, 0xf8, 0x0,
    0x0, 0x3f, 0xff, 0xff, 0xff, 0xff, 0xc0, 0x0,
    0x0, 0x7f, 0xff, 0xff, 0xff, 0xff, 0x0, 0x0,
    0x1, 0xff, 0xff, 0xff, 0xff, 0xfc, 0x0, 0x0,
    0x7, 0xff, 0xff, 0xff, 0xff, 0xe0, 0x0, 0x0,
    0x1f, 0xff, 0xff, 0xff, 0xff, 0x80, 0x0, 0x0,
    0x7f, 0xff, 0xff, 0xff, 0xfe, 0x0, 0x0, 0x1,
    0xff, 0xff, 0xff, 0xff, 0xf8, 0x0, 0x0, 0x7,
    0xff, 0xff, 0xff, 0xff, 0xe0, 0x0, 0x0, 0x1f,
    0xff, 0xff, 0xff, 0xff, 0x80, 0x0, 0x0, 0x7f,
    0xff, 0xff, 0xff, 0xfe, 0x0, 0x0, 0x1, 0xff,
    0xff, 0xff, 0xff, 0xf8, 0x0, 0x0, 0x7, 0xff,
    0xff, 0xff, 0xff, 0xe0, 0x0, 0x0, 0x1f, 0xff,
    0xff, 0xff, 0xff, 0x80, 0x0, 0x0, 0x7f, 0xff,
    0xff, 0xff, 0xfe, 0x0, 0x0, 0x1, 0xff, 0xff,
    0xff, 0xff, 0xf8, 0x0, 0x0, 0x7, 0xff, 0xff,
    0xff, 0xff, 0xe0, 0x0, 0x0, 0x1f, 0xff, 0xff,
    0xff, 0xff, 0x80, 0x0, 0x0, 0x7f, 0xff, 0xff,
    0xff, 0xfe, 0x0, 0x0, 0x1, 0xff, 0xff, 0xff,
    0xff, 0xf8, 0x0, 0x0, 0x7, 0xff, 0xff, 0xff,
    0xff, 0xe0, 0x0, 0x0, 0x1f, 0xff, 0xff, 0xff,
    0xff, 0x80, 0x0, 0x0, 0x7f, 0xff, 0xff, 0xff,
    0xfe, 0x0, 0x0, 0x1, 0xff, 0xff, 0xff, 0xff,
    0xf8, 0x0, 0x0, 0x7, 0xff, 0xff, 0xff, 0xff,
    0xe0, 0x0, 0x0, 0x1f, 0xff, 0xff, 0xff, 0xff,
    0x80, 0x0, 0x0, 0x7f, 0xff, 0xff, 0xff, 0xfe,
    0x0, 0x0, 0x1, 0xff, 0xff, 0xff, 0xff, 0xf8,
    0x0, 0x0, 0x7, 0xff, 0xff, 0xff, 0xff, 0xe0,
    0x0, 0x0, 0x1f, 0xff, 0xff, 0xff, 0xff, 0x80,
    0x0, 0x0, 0x7f, 0xff, 0xff, 0xff, 0xfe, 0x0,
    0x0, 0x1, 0xff, 0xff, 0xff, 0xff, 0xf8, 0x0,
    0x0, 0x7, 0xff, 0xff, 0xff, 0xff, 0xe0, 0x0,
    0x0, 0x1f, 0xff, 0xff, 0xff, 0xff, 0x80, 0x0,
    0x0, 0x7f, 0xff, 0xff, 0xff, 0xfe, 0x0, 0x0,
    0x1, 0xff, 0xff, 0xff, 0xff, 0xf8, 0x0, 0x0,
    0x7, 0xff, 0xff, 0xff, 0xff, 0xe0, 0x0, 0x0,
    0x1f, 0xff, 0xff, 0xff, 0xff, 0x80, 0x0, 0x0,
    0x7f, 0xff, 0xf7, 0xff, 0xfc, 0x0, 0x0, 0x0,
    0xff, 0xff, 0x9f, 0xff, 0xf0, 0x0, 0x0, 0x3,
    0xff, 0xfe, 0x3f, 0xff, 0x80, 0x0, 0x0, 0x7,
    0xff, 0xf0, 0xff, 0xfe, 0x0, 0x0, 0x0, 0x1f,
    0xff, 0x80, 0xff, 0xe0, 0x0, 0x0, 0x0, 0x1f,
    0xfc, 0x0, 0xfe, 0x0, 0x0, 0x0, 0x0, 0x1f,
    0xc0,

    /* U+0069 "i" */
    0x1, 0xfe, 0x0, 0x3f, 0xff, 0x1, 0xff, 0xfe,
    0xf, 0xff, 0xfc, 0x7f, 0xff, 0xf9, 0xff, 0xff,
    0xef, 0xff, 0xff, 0xff, 0xff, 0xff, 0xff, 0xff,
    0xff, 0xff, 0xff, 0xff, 0xff, 0xff, 0xff, 0xff,
    0xff, 0xff, 0xff, 0xfd, 0xff, 0xff, 0xe7, 0xff,
    0xff, 0x8f, 0xff, 0xfc, 0x1f, 0xff, 0xe0, 0x3f,
    0xff, 0x0, 0x1f, 0xe0, 0x0, 0x0, 0x0, 0x0,
    0x0, 0x0, 0x0, 0x0, 0x0, 0x0, 0x0, 0x0,
    0x0, 0x0, 0x0, 0x0, 0x0, 0x0, 0x0, 0x0,
    0x0, 0x0, 0x0, 0x0, 0x0, 0x0, 0x0, 0x0,
    0x3, 0xf8, 0x0, 0x3f, 0xf8, 0x1, 0xff, 0xf0,
    0xf, 0xff, 0xe0, 0x7f, 0xff, 0xc1, 0xff, 0xff,
    0xf, 0xff, 0xfc, 0x3f, 0xff, 0xf8, 0xff, 0xff,
    0xe3, 0xff, 0xff, 0x8f, 0xff, 0xfe, 0x3f, 0xff,
    0xf8, 0xff, 0xff, 0xe3, 0xff, 0xff, 0x8f, 0xff,
    0xfe, 0x3f, 0xff, 0xf8, 0xff, 0xff, 0xe3, 0xff,
    0xff, 0x8f, 0xff, 0xfe, 0x3f, 0xff, 0xf8, 0xff,
    0xff, 0xe3, 0xff, 0xff, 0x8f, 0xff, 0xfe, 0x3f,
    0xff, 0xf8, 0xff, 0xff, 0xe3, 0xff, 0xff, 0x8f,
    0xff, 0xfe, 0x3f, 0xff, 0xf8, 0xff, 0xff, 0xe3,
    0xff, 0xff, 0x8f, 0xff, 0xfe, 0x3f, 0xff, 0xf8,
    0xff, 0xff, 0xe3, 0xff, 0xff, 0x8f, 0xff, 0xfe,
    0x3f, 0xff, 0xf8, 0xff, 0xff, 0xe3, 0xff, 0xff,
    0x8f, 0xff, 0xfe, 0x3f, 0xff, 0xf8, 0xff, 0xff,
    0xe3, 0xff, 0xff, 0x8f, 0xff, 0xfe, 0x3f, 0xff,
    0xf8, 0xff, 0xff, 0xe3, 0xff, 0xff, 0x8f, 0xff,
    0xfe, 0x3f, 0xff, 0xf8, 0xff, 0xff, 0xe3, 0xff,
    0xff, 0x8f, 0xff, 0xfe, 0x3f, 0xff, 0xf8, 0xff,
    0xff, 0xe3, 0xff, 0xff, 0x8f, 0xff, 0xfe, 0x3f,
    0xff, 0xf8, 0xff, 0xff, 0xe3, 0xff, 0xff, 0x8f,
    0xff, 0xfe, 0x1f, 0xff, 0xf0, 0x7f, 0xff, 0xc0,
    0xff, 0xfe, 0x1, 0xff, 0xf0, 0x3, 0xff, 0x80,
    0x3, 0xf8, 0x0,

    /* U+006A "j" */
    0x0, 0x0, 0xf, 0xf0, 0x0, 0x0, 0xf, 0xff,
    0xc0, 0x0, 0x3, 0xff, 0xfc, 0x0, 0x0, 0xff,
    0xff, 0xc0, 0x0, 0x3f, 0xff, 0xfc, 0x0, 0x7,
    0xff, 0xff, 0x80, 0x1, 0xff, 0xff, 0xf8, 0x0,
    0x3f, 0xff, 0xff, 0x0, 0x7, 0xff, 0xff, 0xe0,
    0x0, 0xff, 0xff, 0xfc, 0x0, 0x1f, 0xff, 0xff,
    0x80, 0x3, 0xff, 0xff, 0xf0, 0x0, 0x7f, 0xff,
    0xfe, 0x0, 0x7, 0xff, 0xff, 0x80, 0x0, 0xff,
    0xff, 0xf0, 0x0, 0xf, 0xff, 0xfc, 0x0, 0x0,
    0xff, 0xff, 0x0, 0x0, 0xf, 0xff, 0xc0, 0x0,
    0x0, 0x3f, 0xc0, 0x0, 0x0, 0x0, 0x0, 0x0,
    0x0, 0x0, 0x0, 0x0, 0x0, 0x0, 0x0, 0x0,
    0x0, 0x0, 0x0, 0x0, 0x0, 0x0, 0x0, 0x0,
    0x0, 0x0, 0x0, 0x0, 0x0, 0x0, 0x0, 0x0,
    0x0, 0x0, 0x0, 0x0, 0x0, 0x0, 0x0, 0x0,
    0x0, 0x0, 0x0, 0x0, 0x0, 0x0, 0x0, 0x0,
    0x0, 0x3, 0x0, 0x0, 0x0, 0x3, 0xff, 0x0,
    0x0, 0x1, 0xff, 0xf0, 0x0, 0x0, 0x7f, 0xff,
    0x0, 0x0, 0x1f, 0xff, 0xf0, 0x0, 0x3, 0xff,
    0xfe, 0x0, 0x0, 0xff, 0xff, 0xe0, 0x0, 0x1f,
    0xff, 0xfc, 0x0, 0x3, 0xff, 0xff, 0x80, 0x0,
    0x7f, 0xff, 0xf0, 0x0, 0xf, 0xff, 0xfe, 0x0,
    0x1, 0xff, 0xff, 0xc0, 0x0, 0x3f, 0xff, 0xf8,
    0x0, 0x7, 0xff, 0xff, 0x0, 0x0, 0xff, 0xff,
    0xe0, 0x0, 0x1f, 0xff, 0xfc, 0x0, 0x3, 0xff,
    0xff, 0x80, 0x0, 0x7f, 0xff, 0xf0, 0x0, 0xf,
    0xff, 0xfe, 0x0, 0x1, 0xff, 0xff, 0xc0, 0x0,
    0x3f, 0xff, 0xf8, 0x0, 0x7, 0xff, 0xff, 0x0,
    0x0, 0xff, 0xff, 0xe0, 0x0, 0x1f, 0xff, 0xfc,
    0x0, 0x3, 0xff, 0xff, 0x80, 0x0, 0x7f, 0xff,
    0xf0, 0x0, 0xf, 0xff, 0xfe, 0x0, 0x1, 0xff,
    0xff, 0xc0, 0x0, 0x3f, 0xff, 0xf8, 0x0, 0x7,
    0xff, 0xff, 0x0, 0x0, 0xff, 0xff, 0xe0, 0x0,
    0x1f, 0xff, 0xfc, 0x0, 0x3, 0xff, 0xff, 0x80,
    0x0, 0x7f, 0xff, 0xf0, 0x0, 0xf, 0xff, 0xfe,
    0x0, 0x1, 0xff, 0xff, 0xc0, 0x0, 0x3f, 0xff,
    0xf8, 0x0, 0x7, 0xff, 0xff, 0x0, 0x0, 0xff,
    0xff, 0xe0, 0x0, 0x1f, 0xff, 0xfc, 0x0, 0x3,
    0xff, 0xff, 0x80, 0x0, 0x7f, 0xff, 0xf0, 0x0,
    0xf, 0xff, 0xfe, 0x0, 0x1, 0xff, 0xff, 0xc0,
    0x0, 0x3f, 0xff, 0xf8, 0x0, 0x7, 0xff, 0xff,
    0x0, 0x0, 0xff, 0xff, 0xe0, 0x0, 0x1f, 0xff,
    0xfc, 0x0, 0x3, 0xff, 0xff, 0x80, 0x0, 0x7f,
    0xff, 0xf0, 0x0, 0xf, 0xff, 0xfe, 0x0, 0x1,
    0xff, 0xff, 0xc0, 0x0, 0x3f, 0xff, 0xf8, 0x0,
    0x7, 0xff, 0xff, 0x0, 0x0, 0xff, 0xff, 0xe0,
    0x0, 0x1f, 0xff, 0xfc, 0x0, 0x3, 0xff, 0xff,
    0x80, 0x0, 0x7f, 0xff, 0xf0, 0x0, 0xf, 0xff,
    0xfe, 0x0, 0x1, 0xff, 0xff, 0xc0, 0x0, 0x3f,
    0xff, 0xf8, 0x0, 0x7, 0xff, 0xff, 0x0, 0x0,
    0xff, 0xff, 0xe0, 0x0, 0x1f, 0xff, 0xfc, 0x0,
    0x3, 0xff, 0xff, 0x80, 0x0, 0x7f, 0xff, 0xf0,
    0x0, 0xf, 0xff, 0xfe, 0x0, 0x1, 0xff, 0xff,
    0xc0, 0x0, 0x7f, 0xff, 0xf8, 0x0, 0xf, 0xff,
    0xfe, 0x0, 0x3, 0xff, 0xff, 0xc0, 0x0, 0x7f,
    0xff, 0xf8, 0x0, 0x3f, 0xff, 0xff, 0x0, 0x1f,
    0xff, 0xff, 0xe0, 0x7f, 0xff, 0xff, 0xf8, 0x3f,
    0xff, 0xff, 0xff, 0xf, 0xff, 0xff, 0xff, 0xc1,
    0xff, 0xff, 0xff, 0xf8, 0x7f, 0xff, 0xff, 0xfe,
    0xf, 0xff, 0xff, 0xff, 0xc1, 0xff, 0xff, 0xff,
    0xf0, 0x3f, 0xff, 0xff, 0xfc, 0x7, 0xff, 0xff,
    0xff, 0x0, 0xff, 0xff, 0xff, 0xc0, 0xf, 0xff,
    0xff, 0xe0, 0x0, 0xff, 0xff, 0xf0, 0x0, 0xf,
    0xff, 0xf8, 0x0, 0x0, 0x7f, 0xe0, 0x0, 0x0,

    /* U+006B "k" */
    0x3, 0xf8, 0x0, 0x0, 0x0, 0x0, 0x0, 0x0,
    0xff, 0xe0, 0x0, 0x0, 0x0, 0x0, 0x0, 0x3f,
    0xff, 0x80, 0x0, 0x0, 0x0, 0x0, 0x3, 0xff,
    0xf8, 0x0, 0x0, 0x0, 0x0, 0x0, 0x7f, 0xff,
    0xc0, 0x0, 0x0, 0x0, 0x0, 0x7, 0xff, 0xfc,
    0x0, 0x0, 0x0, 0x0, 0x0, 0xff, 0xff, 0xe0,
    0x0, 0x0, 0x0, 0x0, 0xf, 0xff, 0xfe, 0x0,
    0x0, 0x0, 0x0, 0x0, 0xff, 0xff, 0xe0, 0x0,
    0x0, 0x0, 0x0, 0xf, 0xff, 0xfe, 0x0, 0x0,
    0x0, 0x0, 0x0, 0xff, 0xff, 0xe0, 0x0, 0x0,
    0x0, 0x0, 0xf, 0xff, 0xfe, 0x0, 0x0, 0x0,
    0x0, 0x0, 0xff, 0xff, 0xe0, 0x0, 0x0, 0x0,
    0x0, 0xf, 0xff, 0xfe, 0x0, 0x0, 0x0, 0x0,
    0x0, 0xff, 0xff, 0xe0, 0x0, 0x0, 0x0, 0x0,
    0xf, 0xff, 0xfe, 0x0, 0x0, 0x0, 0x0, 0x0,
    0xff, 0xff, 0xe0, 0x0, 0x0, 0x0, 0x0, 0xf,
    0xff, 0xfe, 0x0, 0x0, 0x0, 0x0, 0x0, 0xff,
    0xff, 0xe0, 0x0, 0x0, 0x0, 0x0, 0xf, 0xff,
    0xfe, 0x0, 0x0, 0x0, 0x0, 0x0, 0xff, 0xff,
    0xe0, 0x0, 0x0, 0x0, 0x0, 0xf, 0xff, 0xfe,
    0x0, 0x0, 0x0, 0x0, 0x0, 0xff, 0xff, 0xe0,
    0x0, 0x0, 0x0, 0x0, 0xf, 0xff, 0xfe, 0x0,
    0x0, 0x0, 0x0, 0x0, 0xff, 0xff, 0xe0, 0x0,
    0x0, 0x0, 0x0, 0xf, 0xff, 0xfe, 0x0, 0x0,
    0x0, 0x0, 0x0, 0xff, 0xff, 0xe0, 0x0, 0x0,
    0x0, 0x0, 0xf, 0xff, 0xfe, 0x0, 0x0, 0x0,
    0x3f, 0x80, 0xff, 0xff, 0xe0, 0x0, 0x0, 0x1f,
    0xfe, 0xf, 0xff, 0xfe, 0x0, 0x0, 0x3, 0xff,
    0xf0, 0xff, 0xff, 0xe0, 0x0, 0x0, 0x7f, 0xff,
    0x8f, 0xff, 0xfe, 0x0, 0x0, 0xf, 0xff, 0xfc,
    0xff, 0xff, 0xe0, 0x0, 0x1, 0xff, 0xff, 0xcf,
    0xff, 0xfe, 0x0, 0x0, 0x3f, 0xff, 0xfc, 0xff,
    0xff, 0xe0, 0x0, 0x7, 0xff, 0xff, 0xcf, 0xff,
    0xfe, 0x0, 0x0, 0xff, 0xff, 0xfc, 0xff, 0xff,
    0xe0, 0x0, 0x1f, 0xff, 0xff, 0xcf, 0xff, 0xfe,
    0x0, 0x3, 0xff, 0xff, 0xf8, 0xff, 0xff, 0xe0,
    0x0, 0x7f, 0xff, 0xff, 0xf, 0xff, 0xfe, 0x0,
    0xf, 0xff, 0xff, 0xf0, 0xff, 0xff, 0xe0, 0x0,
    0xff, 0xff, 0xfe, 0xf, 0xff, 0xfe, 0x0, 0x1f,
    0xff, 0xff, 0xc0, 0xff, 0xff, 0xe0, 0x3, 0xff,
    0xff, 0xf8, 0xf, 0xff, 0xfe, 0x0, 0x7f, 0xff,
    0xff, 0x0, 0xff, 0xff, 0xe0, 0xf, 0xff, 0xff,
    0xe0, 0xf, 0xff, 0xfe, 0x1, 0xff, 0xff, 0xfc,
    0x0, 0xff, 0xff, 0xe0, 0x3f, 0xff, 0xff, 0xc0,
    0xf, 0xff, 0xfe, 0x7, 0xff, 0xff, 0xf8, 0x0,
    0xff, 0xff, 0xe0, 0xff, 0xff, 0xff, 0x0, 0xf,
    0xff, 0xfe, 0x1f, 0xff, 0xff, 0xe0, 0x0, 0xff,
    0xff, 0xe3, 0xff, 0xff, 0xfc, 0x0, 0xf, 0xff,
    0xfe, 0x3f, 0xff, 0xff, 0x80, 0x0, 0xff, 0xff,
    0xe7, 0xff, 0xff, 0xf0, 0x0, 0xf, 0xff, 0xfe,
    0xff, 0xff, 0xfe, 0x0, 0x0, 0xff, 0xff, 0xff,
    0xff, 0xff, 0xc0, 0x0, 0xf, 0xff, 0xff, 0xff,
    0xff, 0xfc, 0x0, 0x0, 0xff, 0xff, 0xff, 0xff,
    0xff, 0x80, 0x0, 0xf, 0xff, 0xff, 0xff, 0xff,
    0xf0, 0x0, 0x0, 0xff, 0xff, 0xff, 0xff, 0xff,
    0x0, 0x0, 0xf, 0xff, 0xff, 0xff, 0xff, 0xf0,
    0x0, 0x0, 0xff, 0xff, 0xff, 0xff, 0xff, 0x80,
    0x0, 0xf, 0xff, 0xff, 0xff, 0xff, 0xfc, 0x0,
    0x0, 0xff, 0xff, 0xff, 0xff, 0xff, 0xe0, 0x0,
    0xf, 0xff, 0xff, 0xff, 0xff, 0xff, 0x0, 0x0,
    0xff, 0xff, 0xef, 0xff, 0xff, 0xf8, 0x0, 0xf,
    0xff, 0xfe, 0x7f, 0xff, 0xff, 0xc0, 0x0, 0xff,
    0xff, 0xe3, 0xff, 0xff, 0xfe, 0x0, 0xf, 0xff,
    0xfe, 0x1f, 0xff, 0xff, 0xe0, 0x0, 0xff, 0xff,
    0xe1, 0xff, 0xff, 0xff, 0x0, 0xf, 0xff, 0xfe,
    0xf, 0xff, 0xff, 0xf8, 0x0, 0xff, 0xff, 0xe0,
    0x7f, 0xff, 0xff, 0xc0, 0xf, 0xff, 0xfe, 0x3,
    0xff, 0xff, 0xfe, 0x0, 0xff, 0xff, 0xe0, 0x1f,
    0xff, 0xff, 0xf0, 0xf, 0xff, 0xfe, 0x0, 0xff,
    0xff, 0xff, 0x80, 0xff, 0xff, 0xe0, 0x7, 0xff,
    0xff, 0xf8, 0xf, 0xff, 0xfe, 0x0, 0x3f, 0xff,
    0xff, 0xc0, 0xff, 0xff, 0xe0, 0x1, 0xff, 0xff,
    0xfe, 0xf, 0xff, 0xfe, 0x0, 0xf, 0xff, 0xff,
    0xf0, 0xff, 0xff, 0xe0, 0x0, 0x7f, 0xff, 0xff,
    0x8f, 0xff, 0xfe, 0x0, 0x3, 0xff, 0xff, 0xfc,
    0xff, 0xff, 0xe0, 0x0, 0x1f, 0xff, 0xff, 0xef,
    0xff, 0xfe, 0x0, 0x0, 0xff, 0xff, 0xfe, 0xff,
    0xff, 0xe0, 0x0, 0x7, 0xff, 0xff, 0xff, 0xff,
    0xfe, 0x0, 0x0, 0x7f, 0xff, 0xff, 0xff, 0xff,
    0xe0, 0x0, 0x3, 0xff, 0xff, 0xff, 0xff, 0xfe,
    0x0, 0x0, 0x1f, 0xff, 0xff, 0x7f, 0xff, 0xc0,
    0x0, 0x0, 0xff, 0xff, 0xf7, 0xff, 0xfc, 0x0,
    0x0, 0x7, 0xff, 0xfe, 0x3f, 0xff, 0x80, 0x0,
    0x0, 0x3f, 0xff, 0xe3, 0xff, 0xf8, 0x0, 0x0,
    0x1, 0xff, 0xfc, 0xf, 0xfe, 0x0, 0x0, 0x0,
    0x7, 0xff, 0x80, 0x3f, 0x80, 0x0, 0x0, 0x0,
    0x1f, 0xe0,

    /* U+006C "l" */
    0x3, 0xf8, 0x0, 0x0, 0x1, 0xff, 0xc0, 0x0,
    0x0, 0xff, 0xfe, 0x0, 0x0, 0x1f, 0xff, 0xc0,
    0x0, 0x7, 0xff, 0xfc, 0x0, 0x0, 0xff, 0xff,
    0x80, 0x0, 0x3f, 0xff, 0xf8, 0x0, 0x7, 0xff,
    0xff, 0x0, 0x0, 0xff, 0xff, 0xe0, 0x0, 0x1f,
    0xff, 0xfc, 0x0, 0x3, 0xff, 0xff, 0x80, 0x0,
    0x7f, 0xff, 0xf0, 0x0, 0xf, 0xff, 0xfe, 0x0,
    0x1, 0xff, 0xff, 0xc0, 0x0, 0x3f, 0xff, 0xf8,
    0x0, 0x7, 0xff, 0xff, 0x0, 0x0, 0xff, 0xff,
    0xe0, 0x0, 0x1f, 0xff, 0xfc, 0x0, 0x3, 0xff,
    0xff, 0x80, 0x0, 0x7f, 0xff, 0xf0, 0x0, 0xf,
    0xff, 0xfe, 0x0, 0x1, 0xff, 0xff, 0xc0, 0x0,
    0x3f, 0xff, 0xf8, 0x0, 0x7, 0xff, 0xff, 0x0,
    0x0, 0xff, 0xff, 0xe0, 0x0, 0x1f, 0xff, 0xfc,
    0x0, 0x3, 0xff, 0xff, 0x80, 0x0, 0x7f, 0xff,
    0xf0, 0x0, 0xf, 0xff, 0xfe, 0x0, 0x1, 0xff,
    0xff, 0xc0, 0x0, 0x3f, 0xff, 0xf8, 0x0, 0x7,
    0xff, 0xff, 0x0, 0x0, 0xff, 0xff, 0xe0, 0x0,
    0x1f, 0xff, 0xfc, 0x0, 0x3, 0xff, 0xff, 0x80,
    0x0, 0x7f, 0xff, 0xf0, 0x0, 0xf, 0xff, 0xfe,
    0x0, 0x1, 0xff, 0xff, 0xc0, 0x0, 0x3f, 0xff,
    0xf8, 0x0, 0x7, 0xff, 0xff, 0x0, 0x0, 0xff,
    0xff, 0xe0, 0x0, 0x1f, 0xff, 0xfc, 0x0, 0x3,
    0xff, 0xff, 0x80, 0x0, 0x7f, 0xff, 0xf0, 0x0,
    0xf, 0xff, 0xfe, 0x0, 0x1, 0xff, 0xff, 0xc0,
    0x0, 0x3f, 0xff, 0xf8, 0x0, 0x7, 0xff, 0xff,
    0x0, 0x0, 0xff, 0xff, 0xe0, 0x0, 0x1f, 0xff,
    0xfc, 0x0, 0x3, 0xff, 0xff, 0x80, 0x0, 0x7f,
    0xff, 0xf0, 0x0, 0xf, 0xff, 0xfe, 0x0, 0x1,
    0xff, 0xff, 0xc0, 0x0, 0x3f, 0xff, 0xf8, 0x0,
    0x7, 0xff, 0xff, 0x0, 0x0, 0xff, 0xff, 0xe0,
    0x0, 0x1f, 0xff, 0xfc, 0x0, 0x3, 0xff, 0xff,
    0x80, 0x0, 0x7f, 0xff, 0xf0, 0x0, 0xf, 0xff,
    0xfe, 0x0, 0x1, 0xff, 0xff, 0xc0, 0x0, 0x3f,
    0xff, 0xf8, 0x0, 0x7, 0xff, 0xff, 0x0, 0x0,
    0xff, 0xff, 0xe0, 0x0, 0x1f, 0xff, 0xfc, 0x0,
    0x3, 0xff, 0xff, 0x80, 0x0, 0x7f, 0xff, 0xf0,
    0x0, 0xf, 0xff, 0xfe, 0x0, 0x1, 0xff, 0xff,
    0xc0, 0x0, 0x3f, 0xff, 0xf8, 0x0, 0x7, 0xff,
    0xff, 0x80, 0x0, 0xff, 0xff, 0xf0, 0x0, 0x1f,
    0xff, 0xff, 0x0, 0x1, 0xff, 0xff, 0xe0, 0x0,
    0x3f, 0xff, 0xfe, 0x0, 0x7, 0xff, 0xff, 0xf0,
    0x0, 0xff, 0xff, 0xff, 0xff, 0x8f, 0xff, 0xff,
    0xff, 0xf1, 0xff, 0xff, 0xff, 0xff, 0x3f, 0xff,
    0xff, 0xff, 0xe3, 0xff, 0xff, 0xff, 0xfc, 0x7f,
    0xff, 0xff, 0xff, 0x87, 0xff, 0xff, 0xff, 0xf0,
    0x7f, 0xff, 0xff, 0xfe, 0xf, 0xff, 0xff, 0xff,
    0xc0, 0xff, 0xff, 0xff, 0xf8, 0xf, 0xff, 0xff,
    0xfe, 0x0, 0x7f, 0xff, 0xff, 0xc0, 0x7, 0xff,
    0xff, 0xf0, 0x0, 0x1f, 0xff, 0xfc, 0x0, 0x0,
    0x7f, 0xfc, 0x0,

    /* U+006D "m" */
    0x3, 0xf8, 0x0, 0x0, 0x7f, 0xe0, 0x0, 0x0,
    0x0, 0xff, 0xe0, 0x0, 0x1, 0xff, 0xc0, 0x0,
    0xff, 0xff, 0xc0, 0x0, 0x0, 0xff, 0xff, 0xc0,
    0x0, 0xff, 0xfc, 0x0, 0x7f, 0xff, 0xfe, 0x0,
    0x0, 0xff, 0xff, 0xfe, 0x0, 0x1f, 0xff, 0xc0,
    0x3f, 0xff, 0xff, 0xe0, 0x0, 0x3f, 0xff, 0xff,
    0xf0, 0x7, 0xff, 0xfc, 0xf, 0xff, 0xff, 0xff,
    0x0, 0x1f, 0xff, 0xff, 0xff, 0x0, 0xff, 0xff,
    0x83, 0xff, 0xff, 0xff, 0xf0, 0x7, 0xff, 0xff,
    0xff, 0xf0, 0x3f, 0xff, 0xf0, 0xff, 0xff, 0xff,
    0xfe, 0x1, 0xff, 0xff, 0xff, 0xff, 0x7, 0xff,
    0xfe, 0x3f, 0xff, 0xff, 0xff, 0xe0, 0x7f, 0xff,
    0xff, 0xff, 0xf0, 0xff, 0xff, 0xef, 0xff, 0xff,
    0xff, 0xfe, 0x1f, 0xff, 0xff, 0xff, 0xfe, 0x1f,
    0xff, 0xff, 0xff, 0xff, 0xff, 0xff, 0xc7, 0xff,
    0xff, 0xff, 0xff, 0xe3, 0xff, 0xff, 0xff, 0xff,
    0xff, 0xff, 0xfd, 0xff, 0xff, 0xff, 0xff, 0xfc,
    0x7f, 0xff, 0xff, 0xff, 0xff, 0xff, 0xff, 0xbf,
    0xff, 0xff, 0xff, 0xff, 0xcf, 0xff, 0xff, 0xff,
    0xff, 0xff, 0xff, 0xff, 0xff, 0xff, 0xff, 0xff,
    0xf9, 0xff, 0xff, 0xff, 0xff, 0xff, 0xff, 0xff,
    0xff, 0xff, 0xff, 0xff, 0xff, 0x3f, 0xff, 0xff,
    0xff, 0xff, 0xff, 0xff, 0xff, 0xff, 0xff, 0xff,
    0xff, 0xf7, 0xff, 0xff, 0xff, 0x0, 0xff, 0xff,
    0xff, 0xff, 0x0, 0xff, 0xff, 0xfe, 0xff, 0xff,
    0xff, 0x80, 0x7, 0xff, 0xff, 0xff, 0x80, 0x7,
    0xff, 0xff, 0xdf, 0xff, 0xff, 0xc0, 0x0, 0x7f,
    0xff, 0xff, 0xe0, 0x0, 0x7f, 0xff, 0xfb, 0xff,
    0xff, 0xf0, 0x0, 0xf, 0xff, 0xff, 0xf0, 0x0,
    0xf, 0xff, 0xff, 0x7f, 0xff, 0xfe, 0x0, 0x0,
    0xff, 0xff, 0xfe, 0x0, 0x0, 0xff, 0xff, 0xff,
    0xff, 0xff, 0x80, 0x0, 0x1f, 0xff, 0xff, 0x80,
    0x0, 0x1f, 0xff, 0xff, 0xff, 0xff, 0xe0, 0x0,
    0x3, 0xff, 0xff, 0xe0, 0x0, 0x3, 0xff, 0xff,
    0xff, 0xff, 0xfc, 0x0, 0x0, 0x3f, 0xff, 0xfc,
    0x0, 0x0, 0x3f, 0xff, 0xff, 0xff, 0xff, 0x80,
    0x0, 0x7, 0xff, 0xff, 0x80, 0x0, 0x7, 0xff,
    0xff, 0xff, 0xff, 0xf0, 0x0, 0x0, 0xff, 0xff,
    0xf0, 0x0, 0x0, 0xff, 0xff, 0xff, 0xff, 0xfc,
    0x0, 0x0, 0x1f, 0xff, 0xfc, 0x0, 0x0, 0x1f,
    0xff, 0xff, 0xff, 0xff, 0x80, 0x0, 0x3, 0xff,
    0xff, 0x80, 0x0, 0x3, 0xff, 0xff, 0xff, 0xff,
    0xf0, 0x0, 0x0, 0x7f, 0xff, 0xf0, 0x0, 0x0,
    0x7f, 0xff, 0xff, 0xff, 0xfe, 0x0, 0x0, 0xf,
    0xff, 0xfe, 0x0, 0x0, 0xf, 0xff, 0xff, 0xff,
    0xff, 0xc0, 0x0, 0x1, 0xff, 0xff, 0xc0, 0x0,
    0x1, 0xff, 0xff, 0xff, 0xff, 0xf8, 0x0, 0x0,
    0x3f, 0xff, 0xf8, 0x0, 0x0, 0x3f, 0xff, 0xff,
    0xff, 0xff, 0x0, 0x0, 0x7, 0xff, 0xff, 0x0,
    0x0, 0x7, 0xff, 0xff, 0xff, 0xff, 0xe0, 0x0,
    0x0, 0xff, 0xff, 0xe0, 0x0, 0x0, 0xff, 0xff,
    0xff, 0xff, 0xfc, 0x0, 0x0, 0x1f, 0xff, 0xfc,
    0x0, 0x0, 0x1f, 0xff, 0xff, 0xff, 0xff, 0x80,
    0x0, 0x3, 0xff, 0xff, 0x80, 0x0, 0x3, 0xff,
    0xff, 0xff, 0xff, 0xf0, 0x0, 0x0, 0x7f, 0xff,
    0xf0, 0x0, 0x0, 0x7f, 0xff, 0xff, 0xff, 0xfe,
    0x0, 0x0, 0xf, 0xff, 0xfe, 0x0, 0x0, 0xf,
    0xff, 0xff, 0xff, 0xff, 0xc0, 0x0, 0x1, 0xff,
    0xff, 0xc0, 0x0, 0x1, 0xff, 0xff, 0xff, 0xff,
    0xf8, 0x0, 0x0, 0x3f, 0xff, 0xf8, 0x0, 0x0,
    0x3f, 0xff, 0xff, 0xff, 0xff, 0x0, 0x0, 0x7,
    0xff, 0xff, 0x0, 0x0, 0x7, 0xff, 0xff, 0xff,
    0xff, 0xe0, 0x0, 0x0, 0xff, 0xff, 0xe0, 0x0,
    0x0, 0xff, 0xff, 0xff, 0xff, 0xfc, 0x0, 0x0,
    0x1f, 0xff, 0xfc, 0x0, 0x0, 0x1f, 0xff, 0xff,
    0xff, 0xff, 0x80, 0x0, 0x3, 0xff, 0xff, 0x80,
    0x0, 0x3, 0xff, 0xff, 0xff, 0xff, 0xf0, 0x0,
    0x0, 0x7f, 0xff, 0xf0, 0x0, 0x0, 0x7f, 0xff,
    0xff, 0xff, 0xfe, 0x0, 0x0, 0xf, 0xff, 0xfe,
    0x0, 0x0, 0xf, 0xff, 0xff, 0xff, 0xff, 0xc0,
    0x0, 0x1, 0xff, 0xff, 0xc0, 0x0, 0x1, 0xff,
    0xff, 0xff, 0xff, 0xf8, 0x0, 0x0, 0x3f, 0xff,
    0xf8, 0x0, 0x0, 0x3f, 0xff, 0xff, 0xff, 0xff,
    0x0, 0x0, 0x7, 0xff, 0xff, 0x0, 0x0, 0x7,
    0xff, 0xff, 0xff, 0xff, 0xe0, 0x0, 0x0, 0xff,
    0xff, 0xe0, 0x0, 0x0, 0xff, 0xff, 0xff, 0xff,
    0xfc, 0x0, 0x0, 0x1f, 0xff, 0xfc, 0x0, 0x0,
    0x1f, 0xff, 0xff, 0xff, 0xff, 0x80, 0x0, 0x3,
    0xff, 0xff, 0x80, 0x0, 0x3, 0xff, 0xff, 0xff,
    0xff, 0xf0, 0x0, 0x0, 0x7f, 0xff, 0xf0, 0x0,
    0x0, 0x7f, 0xff, 0xff, 0xff, 0xfe, 0x0, 0x0,
    0xf, 0xff, 0xfe, 0x0, 0x0, 0xf, 0xff, 0xff,
    0xff, 0xff, 0xc0, 0x0, 0x1, 0xff, 0xff, 0xc0,
    0x0, 0x1, 0xff, 0xff, 0xff, 0xff, 0xf8, 0x0,
    0x0, 0x3f, 0xff, 0xf8, 0x0, 0x0, 0x3f, 0xff,
    0xff, 0xff, 0xff, 0x0, 0x0, 0x7, 0xff, 0xff,
    0x0, 0x0, 0x7, 0xff, 0xff, 0xff, 0xff, 0xe0,
    0x0, 0x0, 0xff, 0xff, 0xe0, 0x0, 0x0, 0xff,
    0xff, 0xff, 0xff, 0xfc, 0x0, 0x0, 0x1f, 0xff,
    0xfc, 0x0, 0x0, 0x1f, 0xff, 0xff, 0xff, 0xff,
    0x80, 0x0, 0x3, 0xff, 0xff, 0x80, 0x0, 0x3,
    0xff, 0xff, 0xbf, 0xff, 0xe0, 0x0, 0x0, 0x3f,
    0xff, 0xe0, 0x0, 0x0, 0x3f, 0xff, 0xe7, 0xff,
    0xfc, 0x0, 0x0, 0x7, 0xff, 0xfc, 0x0, 0x0,
    0x7, 0xff, 0xfc, 0x7f, 0xff, 0x0, 0x0, 0x0,
    0x7f, 0xff, 0x0, 0x0, 0x0, 0x7f, 0xff, 0xf,
    0xff, 0xe0, 0x0, 0x0, 0x7, 0xff, 0xe0, 0x0,
    0x0, 0xf, 0xff, 0xc0, 0x7f, 0xf0, 0x0, 0x0,
    0x0, 0x7f, 0xf0, 0x0, 0x0, 0x0, 0x7f, 0xf0,
    0x3, 0xf8, 0x0, 0x0, 0x0, 0x3, 0xf8, 0x0,
    0x0, 0x0, 0x3, 0xf8, 0x0,

    /* U+006E "n" */
    0x3, 0xf8, 0x0, 0x0, 0x3f, 0xfc, 0x0, 0x0,
    0x3f, 0xf8, 0x0, 0x7, 0xff, 0xfe, 0x0, 0x3,
    0xff, 0xf8, 0x0, 0xff, 0xff, 0xff, 0x0, 0xf,
    0xff, 0xe0, 0xf, 0xff, 0xff, 0xfe, 0x0, 0x7f,
    0xff, 0xc0, 0x7f, 0xff, 0xff, 0xfe, 0x1, 0xff,
    0xff, 0x7, 0xff, 0xff, 0xff, 0xfc, 0xf, 0xff,
    0xfe, 0x3f, 0xff, 0xff, 0xff, 0xf8, 0x3f, 0xff,
    0xf9, 0xff, 0xff, 0xff, 0xff, 0xe0, 0xff, 0xff,
    0xef, 0xff, 0xff, 0xff, 0xff, 0xc3, 0xff, 0xff,
    0xbf, 0xff, 0xff, 0xff, 0xff, 0x8f, 0xff, 0xff,
    0xff, 0xff, 0xff, 0xff, 0xfe, 0x3f, 0xff, 0xff,
    0xff, 0xff, 0xff, 0xff, 0xfc, 0xff, 0xff, 0xff,
    0xff, 0xff, 0xff, 0xff, 0xf3, 0xff, 0xff, 0xff,
    0xff, 0xff, 0xff, 0xff, 0xcf, 0xff, 0xff, 0xff,
    0xff, 0xff, 0xff, 0xff, 0xbf, 0xff, 0xff, 0xfe,
    0x1, 0xff, 0xff, 0xfe, 0xff, 0xff, 0xff, 0xc0,
    0x1, 0xff, 0xff, 0xfb, 0xff, 0xff, 0xfe, 0x0,
    0x3, 0xff, 0xff, 0xef, 0xff, 0xff, 0xe0, 0x0,
    0x7, 0xff, 0xff, 0xbf, 0xff, 0xff, 0x0, 0x0,
    0xf, 0xff, 0xff, 0xff, 0xff, 0xfc, 0x0, 0x0,
    0x3f, 0xff, 0xff, 0xff, 0xff, 0xe0, 0x0, 0x0,
    0xff, 0xff, 0xff, 0xff, 0xff, 0x80, 0x0, 0x1,
    0xff, 0xff, 0xff, 0xff, 0xfc, 0x0, 0x0, 0x7,
    0xff, 0xff, 0xff, 0xff, 0xf0, 0x0, 0x0, 0x1f,
    0xff, 0xff, 0xff, 0xff, 0xc0, 0x0, 0x0, 0x7f,
    0xff, 0xff, 0xff, 0xff, 0x0, 0x0, 0x1, 0xff,
    0xff, 0xff, 0xff, 0xf8, 0x0, 0x0, 0x7, 0xff,
    0xff, 0xff, 0xff, 0xe0, 0x0, 0x0, 0x1f, 0xff,
    0xff, 0xff, 0xff, 0x80, 0x0, 0x0, 0x7f, 0xff,
    0xff, 0xff, 0xfe, 0x0, 0x0, 0x1, 0xff, 0xff,
    0xff, 0xff, 0xf8, 0x0, 0x0, 0x7, 0xff, 0xff,
    0xff, 0xff, 0xe0, 0x0, 0x0, 0x1f, 0xff, 0xff,
    0xff, 0xff, 0x80, 0x0, 0x0, 0x7f, 0xff, 0xff,
    0xff, 0xfe, 0x0, 0x0, 0x1, 0xff, 0xff, 0xff,
    0xff, 0xf8, 0x0, 0x0, 0x7, 0xff, 0xff, 0xff,
    0xff, 0xe0, 0x0, 0x0, 0x1f, 0xff, 0xff, 0xff,
    0xff, 0x80, 0x0, 0x0, 0x7f, 0xff, 0xff, 0xff,
    0xfe, 0x0, 0x0, 0x1, 0xff, 0xff, 0xff, 0xff,
    0xf8, 0x0, 0x0, 0x7, 0xff, 0xff, 0xff, 0xff,
    0xe0, 0x0, 0x0, 0x1f, 0xff, 0xff, 0xff, 0xff,
    0x80, 0x0, 0x0, 0x7f, 0xff, 0xff, 0xff, 0xfe,
    0x0, 0x0, 0x1, 0xff, 0xff, 0xff, 0xff, 0xf8,
    0x0, 0x0, 0x7, 0xff, 0xff, 0xff, 0xff, 0xe0,
    0x0, 0x0, 0x1f, 0xff, 0xff, 0xff, 0xff, 0x80,
    0x0, 0x0, 0x7f, 0xff, 0xff, 0xff, 0xfe, 0x0,
    0x0, 0x1, 0xff, 0xff, 0xff, 0xff, 0xf8, 0x0,
    0x0, 0x7, 0xff, 0xff, 0xff, 0xff, 0xe0, 0x0,
    0x0, 0x1f, 0xff, 0xff, 0xff, 0xff, 0x80, 0x0,
    0x0, 0x7f, 0xff, 0xff, 0xff, 0xfe, 0x0, 0x0,
    0x1, 0xff, 0xff, 0xff, 0xff, 0xf8, 0x0, 0x0,
    0x7, 0xff, 0xff, 0xff, 0xff, 0xe0, 0x0, 0x0,
    0x1f, 0xff, 0xff, 0xff, 0xff, 0x80, 0x0, 0x0,
    0x7f, 0xff, 0xff, 0xff, 0xfe, 0x0, 0x0, 0x1,
    0xff, 0xff, 0xff, 0xff, 0xf8, 0x0, 0x0, 0x7,
    0xff, 0xff, 0xff, 0xff, 0xe0, 0x0, 0x0, 0x1f,
    0xff, 0xff, 0xff, 0xff, 0x80, 0x0, 0x0, 0x7f,
    0xff, 0xff, 0xff, 0xfe, 0x0, 0x0, 0x1, 0xff,
    0xff, 0xdf, 0xff, 0xf8, 0x0, 0x0, 0x3, 0xff,
    0xfe, 0x7f, 0xff, 0xc0, 0x0, 0x0, 0xf, 0xff,
    0xf8, 0xff, 0xff, 0x0, 0x0, 0x0, 0x1f, 0xff,
    0xc1, 0xff, 0xf8, 0x0, 0x0, 0x0, 0x7f, 0xfe,
    0x3, 0xff, 0xc0, 0x0, 0x0, 0x0, 0x7f, 0xf0,
    0x3, 0xf8, 0x0, 0x0, 0x0, 0x0, 0x7f, 0x0,

    /* U+006F "o" */
    0x0, 0x0, 0x0, 0x3f, 0xff, 0x0, 0x0, 0x0,
    0x0, 0x0, 0x0, 0xff, 0xff, 0xfc, 0x0, 0x0,
    0x0, 0x0, 0x1, 0xff, 0xff, 0xff, 0xe0, 0x0,
    0x0, 0x0, 0x3, 0xff, 0xff, 0xff, 0xfe, 0x0,
    0x0, 0x0, 0x3, 0xff, 0xff, 0xff, 0xff, 0xe0,
    0x0, 0x0, 0x1, 0xff, 0xff, 0xff, 0xff, 0xfe,
    0x0, 0x0, 0x1, 0xff, 0xff, 0xff, 0xff, 0xff,
    0xc0, 0x0, 0x0, 0xff, 0xff, 0xff, 0xff, 0xff,
    0xfc, 0x0, 0x0, 0x7f, 0xff, 0xff, 0xff, 0xff,
    0xff, 0x80, 0x0, 0x3f, 0xff, 0xff, 0xff, 0xff,
    0xff, 0xf0, 0x0, 0x1f, 0xff, 0xff, 0xff, 0xff,
    0xff, 0xfe, 0x0, 0xf, 0xff, 0xff, 0xff, 0xff,
    0xff, 0xff, 0x80, 0x3, 0xff, 0xff, 0xff, 0xff,
    0xff, 0xff, 0xf0, 0x1, 0xff, 0xff, 0xff, 0xff,
    0xff, 0xff, 0xfe, 0x0, 0xff, 0xff, 0xff, 0x80,
    0x7f, 0xff, 0xff, 0xc0, 0x3f, 0xff, 0xff, 0x0,
    0x7, 0xff, 0xff, 0xf0, 0x1f, 0xff, 0xff, 0x80,
    0x0, 0x7f, 0xff, 0xfe, 0x7, 0xff, 0xff, 0xc0,
    0x0, 0xf, 0xff, 0xff, 0x83, 0xff, 0xff, 0xe0,
    0x0, 0x1, 0xff, 0xff, 0xf0, 0xff, 0xff, 0xf0,
    0x0, 0x0, 0x3f, 0xff, 0xfc, 0x3f, 0xff, 0xf8,
    0x0, 0x0, 0x7, 0xff, 0xff, 0x1f, 0xff, 0xfe,
    0x0, 0x0, 0x1, 0xff, 0xff, 0xe7, 0xff, 0xff,
    0x80, 0x0, 0x0, 0x7f, 0xff, 0xf9, 0xff, 0xff,
    0xc0, 0x0, 0x0, 0xf, 0xff, 0xfe, 0x7f, 0xff,
    0xf0, 0x0, 0x0, 0x3, 0xff, 0xff, 0x9f, 0xff,
    0xfc, 0x0, 0x0, 0x0, 0xff, 0xff, 0xef, 0xff,
    0xfe, 0x0, 0x0, 0x0, 0x1f, 0xff, 0xff, 0xff,
    0xff, 0x80, 0x0, 0x0, 0x7, 0xff, 0xff, 0xff,
    0xff, 0xe0, 0x0, 0x0, 0x1, 0xff, 0xff, 0xff,
    0xff, 0xf8, 0x0, 0x0, 0x0, 0x7f, 0xff, 0xff,
    0xff, 0xfe, 0x0, 0x0, 0x0, 0x1f, 0xff, 0xff,
    0xff, 0xff, 0x80, 0x0, 0x0, 0x7, 0xff, 0xff,
    0xff, 0xff, 0xe0, 0x0, 0x0, 0x1, 0xff, 0xff,
    0xff, 0xff, 0xf8, 0x0, 0x0, 0x0, 0x7f, 0xff,
    0xff, 0xff, 0xfe, 0x0, 0x0, 0x0, 0x1f, 0xff,
    0xff, 0xff, 0xff, 0x80, 0x0, 0x0, 0x7, 0xff,
    0xff, 0xff, 0xff, 0xe0, 0x0, 0x0, 0x1, 0xff,
    0xff, 0xff, 0xff, 0xf8, 0x0, 0x0, 0x0, 0x7f,
    0xff, 0xff, 0xff, 0xfe, 0x0, 0x0, 0x0, 0x3f,
    0xff, 0xfd, 0xff, 0xff, 0xc0, 0x0, 0x0, 0xf,
    0xff, 0xfe, 0x7f, 0xff, 0xf0, 0x0, 0x0, 0x3,
    0xff, 0xff, 0x9f, 0xff, 0xfc, 0x0, 0x0, 0x0,
    0xff, 0xff, 0xe7, 0xff, 0xff, 0x80, 0x0, 0x0,
    0x7f, 0xff, 0xf9, 0xff, 0xff, 0xe0, 0x0, 0x0,
    0x1f, 0xff, 0xfc, 0x3f, 0xff, 0xfc, 0x0, 0x0,
    0xf, 0xff, 0xff, 0xf, 0xff, 0xff, 0x0, 0x0,
    0x3, 0xff, 0xff, 0xc3, 0xff, 0xff, 0xe0, 0x0,
    0x1, 0xff, 0xff, 0xe0, 0x7f, 0xff, 0xfc, 0x0,
    0x0, 0xff, 0xff, 0xf8, 0x1f, 0xff, 0xff, 0x80,
    0x0, 0x7f, 0xff, 0xfe, 0x3, 0xff, 0xff, 0xf8,
    0x0, 0x7f, 0xff, 0xff, 0x0, 0xff, 0xff, 0xff,
    0x80, 0x7f, 0xff, 0xff, 0x80, 0x1f, 0xff, 0xff,
    0xff, 0xff, 0xff, 0xff, 0xe0, 0x3, 0xff, 0xff,
    0xff, 0xff, 0xff, 0xff, 0xf0, 0x0, 0xff, 0xff,
    0xff, 0xff, 0xff, 0xff, 0xf8, 0x0, 0x1f, 0xff,
    0xff, 0xff, 0xff, 0xff, 0xfe, 0x0, 0x3, 0xff,
    0xff, 0xff, 0xff, 0xff, 0xff, 0x0, 0x0, 0x7f,
    0xff, 0xff, 0xff, 0xff, 0xff, 0x80, 0x0, 0xf,
    0xff, 0xff, 0xff, 0xff, 0xff, 0xc0, 0x0, 0x1,
    0xff, 0xff, 0xff, 0xff, 0xff, 0xc0, 0x0, 0x0,
    0x1f, 0xff, 0xff, 0xff, 0xff, 0xe0, 0x0, 0x0,
    0x3, 0xff, 0xff, 0xff, 0xff, 0xf0, 0x0, 0x0,
    0x0, 0x3f, 0xff, 0xff, 0xff, 0xf0, 0x0, 0x0,
    0x0, 0x1, 0xff, 0xff, 0xff, 0xe0, 0x0, 0x0,
    0x0, 0x0, 0xf, 0xff, 0xff, 0xc0, 0x0, 0x0,
    0x0, 0x0, 0x0, 0x3f, 0xff, 0x0, 0x0, 0x0,
    0x0,

    /* U+0070 "p" */
    0x3, 0xf8, 0x0, 0x0, 0x3f, 0xf0, 0x0, 0x0,
    0x3, 0xff, 0xc0, 0x0, 0xff, 0xff, 0xc0, 0x0,
    0x1, 0xff, 0xf8, 0x0, 0xff, 0xff, 0xfc, 0x0,
    0x0, 0xff, 0xff, 0x0, 0xff, 0xff, 0xff, 0xc0,
    0x0, 0x7f, 0xff, 0xc0, 0xff, 0xff, 0xff, 0xfc,
    0x0, 0x1f, 0xff, 0xf8, 0x7f, 0xff, 0xff, 0xff,
    0x80, 0xf, 0xff, 0xfe, 0x3f, 0xff, 0xff, 0xff,
    0xf0, 0x3, 0xff, 0xff, 0x9f, 0xff, 0xff, 0xff,
    0xfe, 0x0, 0xff, 0xff, 0xef, 0xff, 0xff, 0xff,
    0xff, 0xc0, 0x3f, 0xff, 0xfb, 0xff, 0xff, 0xff,
    0xff, 0xf8, 0xf, 0xff, 0xff, 0xff, 0xff, 0xff,
    0xff, 0xff, 0x3, 0xff, 0xff, 0xff, 0xff, 0xff,
    0xff, 0xff, 0xe0, 0xff, 0xff, 0xff, 0xff, 0xff,
    0xff, 0xff, 0xf8, 0x3f, 0xff, 0xff, 0xff, 0xff,
    0xff, 0xff, 0xff, 0xf, 0xff, 0xff, 0xff, 0x80,
    0x7f, 0xff, 0xff, 0xc3, 0xff, 0xff, 0xff, 0x80,
    0x7, 0xff, 0xff, 0xf8, 0xff, 0xff, 0xff, 0x80,
    0x0, 0x7f, 0xff, 0xfe, 0x3f, 0xff, 0xff, 0xc0,
    0x0, 0xf, 0xff, 0xff, 0xcf, 0xff, 0xff, 0xe0,
    0x0, 0x1, 0xff, 0xff, 0xf3, 0xff, 0xff, 0xf0,
    0x0, 0x0, 0x3f, 0xff, 0xfc, 0xff, 0xff, 0xfc,
    0x0, 0x0, 0x7, 0xff, 0xff, 0xbf, 0xff, 0xfe,
    0x0, 0x0, 0x1, 0xff, 0xff, 0xef, 0xff, 0xff,
    0x80, 0x0, 0x0, 0x7f, 0xff, 0xfb, 0xff, 0xff,
    0xc0, 0x0, 0x0, 0xf, 0xff, 0xfe, 0xff, 0xff,
    0xf0, 0x0, 0x0, 0x3, 0xff, 0xff, 0xbf, 0xff,
    0xfc, 0x0, 0x0, 0x0, 0xff, 0xff, 0xff, 0xff,
    0xff, 0x0, 0x0, 0x0, 0x1f, 0xff, 0xff, 0xff,
    0xff, 0xc0, 0x0, 0x0, 0x7, 0xff, 0xff, 0xff,
    0xff, 0xe0, 0x0, 0x0, 0x1, 0xff, 0xff, 0xff,
    0xff, 0xf8, 0x0, 0x0, 0x0, 0x7f, 0xff, 0xff,
    0xff, 0xfe, 0x0, 0x0, 0x0, 0x1f, 0xff, 0xff,
    0xff, 0xff, 0x80, 0x0, 0x0, 0x7, 0xff, 0xff,
    0xff, 0xff, 0xe0, 0x0, 0x0, 0x1, 0xff, 0xff,
    0xff, 0xff, 0xf8, 0x0, 0x0, 0x0, 0x7f, 0xff,
    0xff, 0xff, 0xfe, 0x0, 0x0, 0x0, 0x1f, 0xff,
    0xff, 0xff, 0xff, 0x80, 0x0, 0x0, 0x7, 0xff,
    0xff, 0xff, 0xff, 0xe0, 0x0, 0x0, 0x1, 0xff,
    0xff, 0xff, 0xff, 0xfc, 0x0, 0x0, 0x0, 0x7f,
    0xff, 0xff, 0xff, 0xff, 0x0, 0x0, 0x0, 0x3f,
    0xff, 0xff, 0xff, 0xff, 0xc0, 0x0, 0x0, 0xf,
    0xff, 0xff, 0xff, 0xff, 0xf0, 0x0, 0x0, 0x3,
    0xff, 0xff, 0xbf, 0xff, 0xfc, 0x0, 0x0, 0x0,
    0xff, 0xff, 0xef, 0xff, 0xff, 0x80, 0x0, 0x0,
    0x7f, 0xff, 0xfb, 0xff, 0xff, 0xe0, 0x0, 0x0,
    0x1f, 0xff, 0xfe, 0xff, 0xff, 0xfc, 0x0, 0x0,
    0xf, 0xff, 0xff, 0x3f, 0xff, 0xff, 0x0, 0x0,
    0x3, 0xff, 0xff, 0xcf, 0xff, 0xff, 0xe0, 0x0,
    0x1, 0xff, 0xff, 0xf3, 0xff, 0xff, 0xfc, 0x0,
    0x0, 0xff, 0xff, 0xf8, 0xff, 0xff, 0xff, 0x80,
    0x0, 0x7f, 0xff, 0xfe, 0x3f, 0xff, 0xff, 0xf8,
    0x0, 0x7f, 0xff, 0xff, 0x8f, 0xff, 0xff, 0xff,
    0x80, 0x7f, 0xff, 0xff, 0xc3, 0xff, 0xff, 0xff,
    0xff, 0xff, 0xff, 0xff, 0xf0, 0xff, 0xff, 0xff,
    0xff, 0xff, 0xff, 0xff, 0xf8, 0x3f, 0xff, 0xff,
    0xff, 0xff, 0xff, 0xff, 0xfc, 0xf, 0xff, 0xff,
    0xff, 0xff, 0xff, 0xff, 0xff, 0x3, 0xff, 0xff,
    0xff, 0xff, 0xff, 0xff, 0xff, 0x80, 0xff, 0xff,
    0xff, 0xff, 0xff, 0xff, 0xff, 0xc0, 0x3f, 0xff,
    0xfd, 0xff, 0xff, 0xff, 0xff, 0xe0, 0xf, 0xff,
    0xff, 0x3f, 0xff, 0xff, 0xff, 0xf0, 0x3, 0xff,
    0xff, 0xc7, 0xff, 0xff, 0xff, 0xf8, 0x0, 0xff,
    0xff, 0xf0, 0xff, 0xff, 0xff, 0xfc, 0x0, 0x3f,
    0xff, 0xfc, 0xf, 0xff, 0xff, 0xfc, 0x0, 0xf,
    0xff, 0xff, 0x1, 0xff, 0xff, 0xfc, 0x0, 0x3,
    0xff, 0xff, 0xc0, 0xf, 0xff, 0xfc, 0x0, 0x0,
    0xff, 0xff, 0xf0, 0x0, 0x7f, 0xf0, 0x0, 0x0,
    0x3f, 0xff, 0xfc, 0x0, 0x0, 0x0, 0x0, 0x0,
    0xf, 0xff, 0xff, 0x0, 0x0, 0x0, 0x0, 0x0,
    0x3, 0xff, 0xff, 0xc0, 0x0, 0x0, 0x0, 0x0,
    0x0, 0xff, 0xff, 0xf0, 0x0, 0x0, 0x0, 0x0,
    0x0, 0x3f, 0xff, 0xfc, 0x0, 0x0, 0x0, 0x0,
    0x0, 0xf, 0xff, 0xff, 0x0, 0x0, 0x0, 0x0,
    0x0, 0x3, 0xff, 0xff, 0xc0, 0x0, 0x0, 0x0,
    0x0, 0x0, 0xff, 0xff, 0xf0, 0x0, 0x0, 0x0,
    0x0, 0x0, 0x3f, 0xff, 0xfc, 0x0, 0x0, 0x0,
    0x0, 0x0, 0xf, 0xff, 0xff, 0x0, 0x0, 0x0,
    0x0, 0x0, 0x3, 0xff, 0xff, 0xc0, 0x0, 0x0,
    0x0, 0x0, 0x0, 0xff, 0xff, 0xf0, 0x0, 0x0,
    0x0, 0x0, 0x0, 0x3f, 0xff, 0xfc, 0x0, 0x0,
    0x0, 0x0, 0x0, 0xf, 0xff, 0xfe, 0x0, 0x0,
    0x0, 0x0, 0x0, 0x3, 0xff, 0xff, 0x80, 0x0,
    0x0, 0x0, 0x0, 0x0, 0xff, 0xff, 0xe0, 0x0,
    0x0, 0x0, 0x0, 0x0, 0x3f, 0xff, 0xf8, 0x0,
    0x0, 0x0, 0x0, 0x0, 0x7, 0xff, 0xfe, 0x0,
    0x0, 0x0, 0x0, 0x0, 0x1, 0xff, 0xff, 0x0,
    0x0, 0x0, 0x0, 0x0, 0x0, 0x3f, 0xff, 0xc0,
    0x0, 0x0, 0x0, 0x0, 0x0, 0xf, 0xff, 0xe0,
    0x0, 0x0, 0x0, 0x0, 0x0, 0x0, 0xff, 0xf0,
    0x0, 0x0, 0x0, 0x0, 0x0, 0x0, 0xf, 0xe0,
    0x0, 0x0, 0x0, 0x0, 0x0, 0x0,

    /* U+0071 "q" */
    0x0, 0x0, 0x3, 0xff, 0x80, 0x0, 0x7, 0xf0,
    0x0, 0x0, 0xf, 0xff, 0xfc, 0x0, 0x7, 0xff,
    0x0, 0x0, 0xf, 0xff, 0xff, 0xe0, 0x7, 0xff,
    0xf0, 0x0, 0xf, 0xff, 0xff, 0xfe, 0x1, 0xff,
    0xfc, 0x0, 0xf, 0xff, 0xff, 0xff, 0xc0, 0xff,
    0xff, 0x80, 0x7, 0xff, 0xff, 0xff, 0xf8, 0x3f,
    0xff, 0xe0, 0x3, 0xff, 0xff, 0xff, 0xff, 0x1f,
    0xff, 0xfc, 0x1, 0xff, 0xff, 0xff, 0xff, 0xe7,
    0xff, 0xff, 0x0, 0xff, 0xff, 0xff, 0xff, 0xfd,
    0xff, 0xff, 0xc0, 0x7f, 0xff, 0xff, 0xff, 0xff,
    0xff, 0xff, 0xf0, 0x3f, 0xff, 0xff, 0xff, 0xff,
    0xff, 0xff, 0xfc, 0x1f, 0xff, 0xff, 0xff, 0xff,
    0xff, 0xff, 0xff, 0x7, 0xff, 0xff, 0xff, 0xff,
    0xff, 0xff, 0xff, 0xc3, 0xff, 0xff, 0xff, 0xff,
    0xff, 0xff, 0xff, 0xf0, 0xff, 0xff, 0xff, 0x80,
    0x7f, 0xff, 0xff, 0xfc, 0x7f, 0xff, 0xff, 0x0,
    0x3, 0xff, 0xff, 0xff, 0x1f, 0xff, 0xff, 0x80,
    0x0, 0x7f, 0xff, 0xff, 0xcf, 0xff, 0xff, 0xc0,
    0x0, 0xf, 0xff, 0xff, 0xf3, 0xff, 0xff, 0xe0,
    0x0, 0x1, 0xff, 0xff, 0xfc, 0xff, 0xff, 0xf0,
    0x0, 0x0, 0x3f, 0xff, 0xff, 0x7f, 0xff, 0xf8,
    0x0, 0x0, 0x7, 0xff, 0xff, 0xdf, 0xff, 0xfe,
    0x0, 0x0, 0x1, 0xff, 0xff, 0xf7, 0xff, 0xff,
    0x80, 0x0, 0x0, 0x3f, 0xff, 0xfd, 0xff, 0xff,
    0xc0, 0x0, 0x0, 0xf, 0xff, 0xff, 0x7f, 0xff,
    0xf0, 0x0, 0x0, 0x3, 0xff, 0xff, 0xff, 0xff,
    0xfc, 0x0, 0x0, 0x0, 0x7f, 0xff, 0xff, 0xff,
    0xfe, 0x0, 0x0, 0x0, 0x1f, 0xff, 0xff, 0xff,
    0xff, 0x80, 0x0, 0x0, 0x7, 0xff, 0xff, 0xff,
    0xff, 0xe0, 0x0, 0x0, 0x1, 0xff, 0xff, 0xff,
    0xff, 0xf8, 0x0, 0x0, 0x0, 0x7f, 0xff, 0xff,
    0xff, 0xfe, 0x0, 0x0, 0x0, 0x1f, 0xff, 0xff,
    0xff, 0xff, 0x80, 0x0, 0x0, 0x7, 0xff, 0xff,
    0xff, 0xff, 0xe0, 0x0, 0x0, 0x1, 0xff, 0xff,
    0xff, 0xff, 0xf8, 0x0, 0x0, 0x0, 0x7f, 0xff,
    0xff, 0xff, 0xfe, 0x0, 0x0, 0x0, 0x1f, 0xff,
    0xff, 0xff, 0xff, 0x80, 0x0, 0x0, 0x7, 0xff,
    0xff, 0xff, 0xff, 0xe0, 0x0, 0x0, 0x1, 0xff,
    0xff, 0xff, 0xff, 0xf8, 0x0, 0x0, 0x0, 0x7f,
    0xff, 0xff, 0xff, 0xfe, 0x0, 0x0, 0x0, 0x1f,
    0xff, 0xff, 0xff, 0xff, 0xc0, 0x0, 0x0, 0xf,
    0xff, 0xff, 0x7f, 0xff, 0xf0, 0x0, 0x0, 0x3,
    0xff, 0xff, 0xdf, 0xff, 0xfc, 0x0, 0x0, 0x0,
    0xff, 0xff, 0xf7, 0xff, 0xff, 0x80, 0x0, 0x0,
    0x3f, 0xff, 0xfd, 0xff, 0xff, 0xe0, 0x0, 0x0,
    0x1f, 0xff, 0xff, 0x7f, 0xff, 0xfc, 0x0, 0x0,
    0x7, 0xff, 0xff, 0xcf, 0xff, 0xff, 0x0, 0x0,
    0x3, 0xff, 0xff, 0xf3, 0xff, 0xff, 0xe0, 0x0,
    0x1, 0xff, 0xff, 0xfc, 0xff, 0xff, 0xfc, 0x0,
    0x0, 0xff, 0xff, 0xff, 0x1f, 0xff, 0xff, 0x80,
    0x0, 0x7f, 0xff, 0xff, 0xc7, 0xff, 0xff, 0xf8,
    0x0, 0x3f, 0xff, 0xff, 0xf0, 0xff, 0xff, 0xff,
    0x80, 0x7f, 0xff, 0xff, 0xfc, 0x3f, 0xff, 0xff,
    0xff, 0xff, 0xff, 0xff, 0xff, 0x7, 0xff, 0xff,
    0xff, 0xff, 0xff, 0xff, 0xff, 0xc1, 0xff, 0xff,
    0xff, 0xff, 0xff, 0xff, 0xff, 0xf0, 0x3f, 0xff,
    0xff, 0xff, 0xff, 0xff, 0xff, 0xfc, 0x7, 0xff,
    0xff, 0xff, 0xff, 0xff, 0xff, 0xff, 0x0, 0xff,
    0xff, 0xff, 0xff, 0xfd, 0xff, 0xff, 0xc0, 0x1f,
    0xff, 0xff, 0xff, 0xfe, 0x7f, 0xff, 0xf0, 0x3,
    0xff, 0xff, 0xff, 0xff, 0x1f, 0xff, 0xfc, 0x0,
    0x7f, 0xff, 0xff, 0xff, 0x87, 0xff, 0xff, 0x0,
    0xf, 0xff, 0xff, 0xff, 0xc1, 0xff, 0xff, 0xc0,
    0x0, 0xff, 0xff, 0xff, 0xe0, 0x7f, 0xff, 0xf0,
    0x0, 0xf, 0xff, 0xff, 0xe0, 0x1f, 0xff, 0xfc,
    0x0, 0x0, 0xff, 0xff, 0xe0, 0x7, 0xff, 0xff,
    0x0, 0x0, 0x3, 0xff, 0x80, 0x1, 0xff, 0xff,
    0xc0, 0x0, 0x0, 0x0, 0x0, 0x0, 0x7f, 0xff,
    0xf0, 0x0, 0x0, 0x0, 0x0, 0x0, 0x1f, 0xff,
    0xfc, 0x0, 0x0, 0x0, 0x0, 0x0, 0x7, 0xff,
    0xff, 0x0, 0x0, 0x0, 0x0, 0x0, 0x1, 0xff,
    0xff, 0xc0, 0x0, 0x0, 0x0, 0x0, 0x0, 0x7f,
    0xff, 0xf0, 0x0, 0x0, 0x0, 0x0, 0x0, 0x1f,
    0xff, 0xfc, 0x0, 0x0, 0x0, 0x0, 0x0, 0x7,
    0xff, 0xff, 0x0, 0x0, 0x0, 0x0, 0x0, 0x1,
    0xff, 0xff, 0xc0, 0x0, 0x0, 0x0, 0x0, 0x0,
    0x7f, 0xff, 0xf0, 0x0, 0x0, 0x0, 0x0, 0x0,
    0x1f, 0xff, 0xfc, 0x0, 0x0, 0x0, 0x0, 0x0,
    0x7, 0xff, 0xff, 0x0, 0x0, 0x0, 0x0, 0x0,
    0x1, 0xff, 0xff, 0xc0, 0x0, 0x0, 0x0, 0x0,
    0x0, 0x7f, 0xff, 0xf0, 0x0, 0x0, 0x0, 0x0,
    0x0, 0x1f, 0xff, 0xfc, 0x0, 0x0, 0x0, 0x0,
    0x0, 0x7, 0xff, 0xff, 0x0, 0x0, 0x0, 0x0,
    0x0, 0x1, 0xff, 0xff, 0xc0, 0x0, 0x0, 0x0,
    0x0, 0x0, 0x7f, 0xff, 0xf0, 0x0, 0x0, 0x0,
    0x0, 0x0, 0xf, 0xff, 0xf8, 0x0, 0x0, 0x0,
    0x0, 0x0, 0x3, 0xff, 0xfe, 0x0, 0x0, 0x0,
    0x0, 0x0, 0x0, 0x7f, 0xff, 0x0, 0x0, 0x0,
    0x0, 0x0, 0x0, 0x1f, 0xff, 0xc0, 0x0, 0x0,
    0x0, 0x0, 0x0, 0x1, 0xff, 0xc0, 0x0, 0x0,
    0x0, 0x0, 0x0, 0x0, 0x1f, 0xc0,

    /* U+0072 "r" */
    0x3, 0xf8, 0x0, 0x0, 0x7f, 0xc0, 0x7f, 0xf0,
    0x0, 0x3f, 0xff, 0xf, 0xff, 0xc0, 0x7, 0xff,
    0xfc, 0x7f, 0xff, 0x0, 0xff, 0xff, 0xe7, 0xff,
    0xfc, 0xf, 0xff, 0xff, 0xbf, 0xff, 0xe0, 0xff,
    0xff, 0xff, 0xff, 0xff, 0xf, 0xff, 0xff, 0xff,
    0xff, 0xf8, 0xff, 0xff, 0xff, 0xff, 0xff, 0xef,
    0xff, 0xff, 0xff, 0xff, 0xff, 0x7f, 0xff, 0xff,
    0xff, 0xff, 0xff, 0xff, 0xff, 0xff, 0xff, 0xff,
    0xff, 0xff, 0xff, 0xef, 0xff, 0xff, 0xff, 0xff,
    0xff, 0x7f, 0xff, 0xff, 0xff, 0xff, 0xf3, 0xff,
    0xff, 0xff, 0xff, 0xff, 0x9f, 0xff, 0xff, 0xff,
    0xff, 0xf0, 0xff, 0xff, 0xff, 0xff, 0xfc, 0x7,
    0xff, 0xff, 0xff, 0xe0, 0x0, 0x3f, 0xff, 0xff,
    0xf8, 0x0, 0x1, 0xff, 0xff, 0xff, 0x0, 0x0,
    0xf, 0xff, 0xff, 0xf0, 0x0, 0x0, 0x7f, 0xff,
    0xff, 0x0, 0x0, 0x3, 0xff, 0xff, 0xf0, 0x0,
    0x0, 0x1f, 0xff, 0xff, 0x0, 0x0, 0x0, 0xff,
    0xff, 0xf8, 0x0, 0x0, 0x7, 0xff, 0xff, 0x80,
    0x0, 0x0, 0x3f, 0xff, 0xfc, 0x0, 0x0, 0x1,
    0xff, 0xff, 0xe0, 0x0, 0x0, 0xf, 0xff, 0xff,
    0x0, 0x0, 0x0, 0x7f, 0xff, 0xf0, 0x0, 0x0,
    0x3, 0xff, 0xff, 0x80, 0x0, 0x0, 0x1f, 0xff,
    0xfc, 0x0, 0x0, 0x0, 0xff, 0xff, 0xe0, 0x0,
    0x0, 0x7, 0xff, 0xff, 0x0, 0x0, 0x0, 0x3f,
    0xff, 0xf8, 0x0, 0x0, 0x1, 0xff, 0xff, 0xc0,
    0x0, 0x0, 0xf, 0xff, 0xfe, 0x0, 0x0, 0x0,
    0x7f, 0xff, 0xf0, 0x0, 0x0, 0x3, 0xff, 0xff,
    0x80, 0x0, 0x0, 0x1f, 0xff, 0xfc, 0x0, 0x0,
    0x0, 0xff, 0xff, 0xe0, 0x0, 0x0, 0x7, 0xff,
    0xff, 0x0, 0x0, 0x0, 0x3f, 0xff, 0xf8, 0x0,
    0x0, 0x1, 0xff, 0xff, 0xc0, 0x0, 0x0, 0xf,
    0xff, 0xfe, 0x0, 0x0, 0x0, 0x7f, 0xff, 0xf0,
    0x0, 0x0, 0x3, 0xff, 0xff, 0x80, 0x0, 0x0,
    0x1f, 0xff, 0xfc, 0x0, 0x0, 0x0, 0xff, 0xff,
    0xe0, 0x0, 0x0, 0x7, 0xff, 0xff, 0x0, 0x0,
    0x0, 0x3f, 0xff, 0xf8, 0x0, 0x0, 0x1, 0xff,
    0xff, 0xc0, 0x0, 0x0, 0xf, 0xff, 0xfe, 0x0,
    0x0, 0x0, 0x7f, 0xff, 0xf0, 0x0, 0x0, 0x3,
    0xff, 0xff, 0x80, 0x0, 0x0, 0x1f, 0xff, 0xfc,
    0x0, 0x0, 0x0, 0xff, 0xff, 0xe0, 0x0, 0x0,
    0x7, 0xff, 0xff, 0x0, 0x0, 0x0, 0x3f, 0xff,
    0xf8, 0x0, 0x0, 0x0, 0xff, 0xff, 0xc0, 0x0,
    0x0, 0x7, 0xff, 0xfc, 0x0, 0x0, 0x0, 0x1f,
    0xff, 0xe0, 0x0, 0x0, 0x0, 0x7f, 0xfe, 0x0,
    0x0, 0x0, 0x1, 0xff, 0xe0, 0x0, 0x0, 0x0,
    0x3, 0xf8, 0x0, 0x0, 0x0, 0x0,

    /* U+0073 "s" */
    0x0, 0x0, 0x3, 0xff, 0xf0, 0x0, 0x0, 0x0,
    0x0, 0xff, 0xff, 0xff, 0x0, 0x0, 0x0, 0xf,
    0xff, 0xff, 0xff, 0xc0, 0x0, 0x0, 0x7f, 0xff,
    0xff, 0xff, 0xf0, 0x0, 0x3, 0xff, 0xff, 0xff,
    0xff, 0xf8, 0x0, 0xf, 0xff, 0xff, 0xff, 0xff,
    0xf8, 0x0, 0x7f, 0xff, 0xff, 0xff, 0xff, 0xf8,
    0x1, 0xff, 0xff, 0xff, 0xff, 0xff, 0xf8, 0x7,
    0xff, 0xff, 0xff, 0xff, 0xff, 0xf0, 0x1f, 0xff,
    0xff, 0xff, 0xff, 0xff, 0xf0, 0x3f, 0xff, 0xff,
    0xff, 0xff, 0xff, 0xe0, 0xff, 0xff, 0xff, 0xff,
    0xff, 0xff, 0x81, 0xff, 0xff, 0xff, 0xff, 0xff,
    0xff, 0x7, 0xff, 0xff, 0xe0, 0x7, 0xff, 0xfe,
    0xf, 0xff, 0xfe, 0x0, 0x0, 0xff, 0xf8, 0x1f,
    0xff, 0xf8, 0x0, 0x0, 0x3f, 0xe0, 0x7f, 0xff,
    0xe0, 0x0, 0x0, 0x1f, 0x80, 0xff, 0xff, 0x80,
    0x0, 0x0, 0x0, 0x1, 0xff, 0xff, 0x0, 0x0,
    0x0, 0x0, 0x3, 0xff, 0xfe, 0x0, 0x0, 0x0,
    0x0, 0x7, 0xff, 0xfc, 0x0, 0x0, 0x0, 0x0,
    0xf, 0xff, 0xf8, 0x0, 0x0, 0x0, 0x0, 0x1f,
    0xff, 0xf8, 0x0, 0x0, 0x0, 0x0, 0x3f, 0xff,
    0xf8, 0x0, 0x0, 0x0, 0x0, 0x7f, 0xff, 0xfc,
    0x0, 0x0, 0x0, 0x0, 0x7f, 0xff, 0xff, 0xc0,
    0x0, 0x0, 0x0, 0xff, 0xff, 0xff, 0xfc, 0x0,
    0x0, 0x0, 0xff, 0xff, 0xff, 0xff, 0xe0, 0x0,
    0x1, 0xff, 0xff, 0xff, 0xff, 0xfc, 0x0, 0x1,
    0xff, 0xff, 0xff, 0xff, 0xff, 0x0, 0x1, 0xff,
    0xff, 0xff, 0xff, 0xff, 0x80, 0x1, 0xff, 0xff,
    0xff, 0xff, 0xff, 0xc0, 0x1, 0xff, 0xff, 0xff,
    0xff, 0xff, 0xc0, 0x1, 0xff, 0xff, 0xff, 0xff,
    0xff, 0xc0, 0x0, 0xff, 0xff, 0xff, 0xff, 0xff,
    0xc0, 0x0, 0x7f, 0xff, 0xff, 0xff, 0xff, 0xc0,
    0x0, 0x1f, 0xff, 0xff, 0xff, 0xff, 0x80, 0x0,
    0x0, 0xff, 0xff, 0xff, 0xff, 0x80, 0x0, 0x0,
    0xf, 0xff, 0xff, 0xff, 0x0, 0x0, 0x0, 0x0,
    0x7f, 0xff, 0xfe, 0x0, 0x0, 0x0, 0x0, 0x1f,
    0xff, 0xfe, 0x0, 0x0, 0x0, 0x0, 0xf, 0xff,
    0xfc, 0x0, 0x0, 0x0, 0x0, 0x1f, 0xff, 0xf8,
    0x0, 0x0, 0x0, 0x0, 0x1f, 0xff, 0xf0, 0x0,
    0x0, 0x0, 0x0, 0x3f, 0xff, 0xe0, 0x0, 0x0,
    0x0, 0x0, 0x7f, 0xff, 0xc1, 0x80, 0x0, 0x0,
    0x0, 0xff, 0xff, 0x8f, 0xe0, 0x0, 0x0, 0x3,
    0xff, 0xff, 0x7f, 0xf8, 0x0, 0x0, 0xf, 0xff,
    0xfe, 0xff, 0xfe, 0x0, 0x0, 0x3f, 0xff, 0xfb,
    0xff, 0xff, 0xe0, 0x3, 0xff, 0xff, 0xf7, 0xff,
    0xff, 0xff, 0xff, 0xff, 0xff, 0xef, 0xff, 0xff,
    0xff, 0xff, 0xff, 0xff, 0x9f, 0xff, 0xff, 0xff,
    0xff, 0xff, 0xff, 0x3f, 0xff, 0xff, 0xff, 0xff,
    0xff, 0xfc, 0x7f, 0xff, 0xff, 0xff, 0xff, 0xff,
    0xf0, 0x7f, 0xff, 0xff, 0xff, 0xff, 0xff, 0xe0,
    0xff, 0xff, 0xff, 0xff, 0xff, 0xff, 0x80, 0xff,
    0xff, 0xff, 0xff, 0xff, 0xfe, 0x0, 0xff, 0xff,
    0xff, 0xff, 0xff, 0xf0, 0x0, 0x7f, 0xff, 0xff,
    0xff, 0xff, 0xc0, 0x0, 0x3f, 0xff, 0xff, 0xff,
    0xfe, 0x0, 0x0, 0xf, 0xff, 0xff, 0xff, 0xf0,
    0x0, 0x0, 0x3, 0xff, 0xff, 0xff, 0x0, 0x0,
    0x0, 0x0, 0x1f, 0xff, 0xc0, 0x0, 0x0,

    /* U+0074 "t" */
    0x0, 0x0, 0x0, 0x0, 0x0, 0x0, 0x0, 0x0,
    0x0, 0xff, 0xc0, 0x0, 0x0, 0x0, 0x0, 0xf,
    0xff, 0x80, 0x0, 0x0, 0x0, 0x0, 0x7f, 0xff,
    0x0, 0x0, 0x0, 0x0, 0x3, 0xff, 0xfe, 0x0,
    0x0, 0x0, 0x0, 0xf, 0xff, 0xf8, 0x0, 0x0,
    0x0, 0x0, 0x7f, 0xff, 0xf0, 0x0, 0x0, 0x0,
    0x1, 0xff, 0xff, 0xc0, 0x0, 0x0, 0x0, 0x7,
    0xff, 0xff, 0x0, 0x0, 0x0, 0x0, 0x1f, 0xff,
    0xfc, 0x0, 0x0, 0x0, 0x0, 0x7f, 0xff, 0xf0,
    0x0, 0x0, 0x0, 0x1, 0xff, 0xff, 0xc0, 0x0,
    0x0, 0x0, 0x7, 0xff, 0xff, 0x0, 0x0, 0x0,
    0x0, 0x1f, 0xff, 0xfc, 0x0, 0x0, 0x0, 0x0,
    0x7f, 0xff, 0xf0, 0x0, 0x0, 0x0, 0x1, 0xff,
    0xff, 0xc0, 0x0, 0x0, 0x0, 0x7, 0xff, 0xff,
    0x0, 0x0, 0x0, 0x0, 0x1f, 0xff, 0xfc, 0x0,
    0x0, 0x0, 0x0, 0x7f, 0xff, 0xf0, 0x0, 0x0,
    0x0, 0x1, 0xff, 0xff, 0xc0, 0x0, 0x0, 0xf,
    0xff, 0xff, 0xff, 0xff, 0xff, 0x0, 0xff, 0xff,
    0xff, 0xff, 0xff, 0xff, 0x7, 0xff, 0xff, 0xff,
    0xff, 0xff, 0xfe, 0x1f, 0xff, 0xff, 0xff, 0xff,
    0xff, 0xf8, 0xff, 0xff, 0xff, 0xff, 0xff, 0xff,
    0xf3, 0xff, 0xff, 0xff, 0xff, 0xff, 0xff, 0xcf,
    0xff, 0xff, 0xff, 0xff, 0xff, 0xff, 0x3f, 0xff,
    0xff, 0xff, 0xff, 0xff, 0xfc, 0xff, 0xff, 0xff,
    0xff, 0xff, 0xff, 0xf3, 0xff, 0xff, 0xff, 0xff,
    0xff, 0xff, 0xc7, 0xff, 0xff, 0xff, 0xff, 0xff,
    0xfe, 0x1f, 0xff, 0xff, 0xff, 0xff, 0xff, 0xf8,
    0x3f, 0xff, 0xff, 0xff, 0xff, 0xff, 0xc0, 0x3f,
    0xff, 0xff, 0xff, 0xff, 0xfc, 0x0, 0x0, 0x7f,
    0xff, 0xf0, 0x0, 0x0, 0x0, 0x1, 0xff, 0xff,
    0xc0, 0x0, 0x0, 0x0, 0x7, 0xff, 0xff, 0x0,
    0x0, 0x0, 0x0, 0x1f, 0xff, 0xfc, 0x0, 0x0,
    0x0, 0x0, 0x7f, 0xff, 0xf0, 0x0, 0x0, 0x0,
    0x1, 0xff, 0xff, 0xc0, 0x0, 0x0, 0x0, 0x7,
    0xff, 0xff, 0x0, 0x0, 0x0, 0x0, 0x1f, 0xff,
    0xfc, 0x0, 0x0, 0x0, 0x0, 0x7f, 0xff, 0xf0,
    0x0, 0x0, 0x0, 0x1, 0xff, 0xff, 0xc0, 0x0,
    0x0, 0x0, 0x7, 0xff, 0xff, 0x0, 0x0, 0x0,
    0x0, 0x1f, 0xff, 0xfc, 0x0, 0x0, 0x0, 0x0,
    0x7f, 0xff, 0xf0, 0x0, 0x0, 0x0, 0x1, 0xff,
    0xff, 0xc0, 0x0, 0x0, 0x0, 0x7, 0xff, 0xff,
    0x0, 0x0, 0x0, 0x0, 0x1f, 0xff, 0xfc, 0x0,
    0x0, 0x0, 0x0, 0x7f, 0xff, 0xf0, 0x0, 0x0,
    0x0, 0x1, 0xff, 0xff, 0xc0, 0x0, 0x0, 0x0,
    0x7, 0xff, 0xff, 0x0, 0x0, 0x0, 0x0, 0x1f,
    0xff, 0xfc, 0x0, 0x0, 0x0, 0x0, 0x7f, 0xff,
    0xf0, 0x0, 0x0, 0x0, 0x1, 0xff, 0xff, 0xc0,
    0x0, 0x0, 0x0, 0x7, 0xff, 0xff, 0x0, 0x0,
    0x0, 0x0, 0x1f, 0xff, 0xfc, 0x0, 0x0, 0x0,
    0x0, 0x7f, 0xff, 0xf0, 0x0, 0x0, 0x0, 0x1,
    0xff, 0xff, 0xc0, 0x0, 0x0, 0x0, 0x7, 0xff,
    0xff, 0x0, 0x0, 0x0, 0x0, 0x1f, 0xff, 0xfc,
    0x0, 0x0, 0x0, 0x0, 0x7f, 0xff, 0xf8, 0x0,
    0x0, 0x0, 0x1, 0xff, 0xff, 0xe0, 0x0, 0x0,
    0x0, 0x7, 0xff, 0xff, 0x80, 0x0, 0x0, 0x0,
    0xf, 0xff, 0xff, 0x0, 0x0, 0x0, 0x0, 0x3f,
    0xff, 0xfe, 0x0, 0x0, 0x0, 0x0, 0xff, 0xff,
    0xfc, 0x0, 0x0, 0x0, 0x3, 0xff, 0xff, 0xfc,
    0x1, 0xe0, 0x0, 0x7, 0xff, 0xff, 0xff, 0xff,
    0xe0, 0x0, 0x1f, 0xff, 0xff, 0xff, 0xff, 0x80,
    0x0, 0x7f, 0xff, 0xff, 0xff, 0xfe, 0x0, 0x0,
    0xff, 0xff, 0xff, 0xff, 0xf8, 0x0, 0x3, 0xff,
    0xff, 0xff, 0xff, 0xe0, 0x0, 0x7, 0xff, 0xff,
    0xff, 0xff, 0xc0, 0x0, 0xf, 0xff, 0xff, 0xff,
    0xfe, 0x0, 0x0, 0x1f, 0xff, 0xff, 0xff, 0xf8,
    0x0, 0x0, 0x3f, 0xff, 0xff, 0xff, 0xe0, 0x0,
    0x0, 0x7f, 0xff, 0xff, 0xff, 0x80, 0x0, 0x0,
    0xff, 0xff, 0xff, 0xfc, 0x0, 0x0, 0x0, 0xff,
    0xff, 0xff, 0xf0, 0x0, 0x0, 0x0, 0xff, 0xff,
    0xff, 0x80, 0x0, 0x0, 0x0, 0xff, 0xff, 0xf8,
    0x0, 0x0, 0x0, 0x0, 0x3f, 0xfe, 0x0,

    /* U+0075 "u" */
    0x3, 0xf8, 0x0, 0x0, 0x0, 0x0, 0xfe, 0x0,
    0x7f, 0xf0, 0x0, 0x0, 0x0, 0x1f, 0xfc, 0xf,
    0xff, 0xe0, 0x0, 0x0, 0x3, 0xff, 0xf8, 0x7f,
    0xff, 0x0, 0x0, 0x0, 0x1f, 0xff, 0xc7, 0xff,
    0xfc, 0x0, 0x0, 0x1, 0xff, 0xff, 0x3f, 0xff,
    0xe0, 0x0, 0x0, 0xf, 0xff, 0xfb, 0xff, 0xff,
    0x80, 0x0, 0x0, 0xff, 0xff, 0xff, 0xff, 0xfc,
    0x0, 0x0, 0x7, 0xff, 0xff, 0xff, 0xff, 0xe0,
    0x0, 0x0, 0x3f, 0xff, 0xff, 0xff, 0xff, 0x0,
    0x0, 0x1, 0xff, 0xff, 0xff, 0xff, 0xf8, 0x0,
    0x0, 0xf, 0xff, 0xff, 0xff, 0xff, 0xc0, 0x0,
    0x0, 0x7f, 0xff, 0xff, 0xff, 0xfe, 0x0, 0x0,
    0x3, 0xff, 0xff, 0xff, 0xff, 0xf0, 0x0, 0x0,
    0x1f, 0xff, 0xff, 0xff, 0xff, 0x80, 0x0, 0x0,
    0xff, 0xff, 0xff, 0xff, 0xfc, 0x0, 0x0, 0x7,
    0xff, 0xff, 0xff, 0xff, 0xe0, 0x0, 0x0, 0x3f,
    0xff, 0xff, 0xff, 0xff, 0x0, 0x0, 0x1, 0xff,
    0xff, 0xff, 0xff, 0xf8, 0x0, 0x0, 0xf, 0xff,
    0xff, 0xff, 0xff, 0xc0, 0x0, 0x0, 0x7f, 0xff,
    0xff, 0xff, 0xfe, 0x0, 0x0, 0x3, 0xff, 0xff,
    0xff, 0xff, 0xf0, 0x0, 0x0, 0x1f, 0xff, 0xff,
    0xff, 0xff, 0x80, 0x0, 0x0, 0xff, 0xff, 0xff,
    0xff, 0xfc, 0x0, 0x0, 0x7, 0xff, 0xff, 0xff,
    0xff, 0xe0, 0x0, 0x0, 0x3f, 0xff, 0xff, 0xff,
    0xff, 0x0, 0x0, 0x1, 0xff, 0xff, 0xff, 0xff,
    0xf8, 0x0, 0x0, 0xf, 0xff, 0xff, 0xff, 0xff,
    0xc0, 0x0, 0x0, 0x7f, 0xff, 0xff, 0xff, 0xfe,
    0x0, 0x0, 0x3, 0xff, 0xff, 0xff, 0xff, 0xf0,
    0x0, 0x0, 0x1f, 0xff, 0xff, 0xff, 0xff, 0x80,
    0x0, 0x0, 0xff, 0xff, 0xff, 0xff, 0xfc, 0x0,
    0x0, 0x7, 0xff, 0xff, 0xff, 0xff, 0xe0, 0x0,
    0x0, 0x3f, 0xff, 0xff, 0xff, 0xff, 0x0, 0x0,
    0x1, 0xff, 0xff, 0xff, 0xff, 0xf8, 0x0, 0x0,
    0xf, 0xff, 0xff, 0xff, 0xff, 0xc0, 0x0, 0x0,
    0x7f, 0xff, 0xff, 0xff, 0xfe, 0x0, 0x0, 0x3,
    0xff, 0xff, 0xff, 0xff, 0xf0, 0x0, 0x0, 0x1f,
    0xff, 0xff, 0xff, 0xff, 0x80, 0x0, 0x0, 0xff,
    0xff, 0xff, 0xff, 0xfc, 0x0, 0x0, 0x7, 0xff,
    0xff, 0xff, 0xff, 0xe0, 0x0, 0x0, 0x7f, 0xff,
    0xff, 0xff, 0xff, 0x0, 0x0, 0x3, 0xff, 0xff,
    0xff, 0xff, 0xf8, 0x0, 0x0, 0x1f, 0xff, 0xff,
    0xff, 0xff, 0xe0, 0x0, 0x1, 0xff, 0xff, 0xff,
    0xff, 0xff, 0x0, 0x0, 0xf, 0xff, 0xff, 0xff,
    0xff, 0xf8, 0x0, 0x0, 0xff, 0xff, 0xfd, 0xff,
    0xff, 0xe0, 0x0, 0xf, 0xff, 0xff, 0xef, 0xff,
    0xff, 0x80, 0x0, 0xff, 0xff, 0xff, 0x7f, 0xff,
    0xfe, 0x0, 0x1f, 0xff, 0xff, 0xfb, 0xff, 0xff,
    0xfc, 0x3, 0xff, 0xff, 0xff, 0xcf, 0xff, 0xff,
    0xff, 0xff, 0xff, 0xff, 0xfe, 0x7f, 0xff, 0xff,
    0xff, 0xff, 0xff, 0xff, 0xf3, 0xff, 0xff, 0xff,
    0xff, 0xff, 0xff, 0xff, 0x8f, 0xff, 0xff, 0xff,
    0xff, 0xff, 0xff, 0xfc, 0x7f, 0xff, 0xff, 0xff,
    0xff, 0xff, 0xff, 0xe1, 0xff, 0xff, 0xff, 0xff,
    0xfb, 0xff, 0xff, 0xf, 0xff, 0xff, 0xff, 0xff,
    0x9f, 0xff, 0xf8, 0x3f, 0xff, 0xff, 0xff, 0xfc,
    0xff, 0xff, 0xc0, 0xff, 0xff, 0xff, 0xff, 0xc7,
    0xff, 0xfe, 0x3, 0xff, 0xff, 0xff, 0xfc, 0x3f,
    0xff, 0xe0, 0xf, 0xff, 0xff, 0xff, 0xc0, 0xff,
    0xff, 0x0, 0x3f, 0xff, 0xff, 0xf8, 0x7, 0xff,
    0xf8, 0x0, 0x7f, 0xff, 0xff, 0x80, 0x1f, 0xff,
    0x80, 0x0, 0xff, 0xff, 0xe0, 0x0, 0x7f, 0xf8,
    0x0, 0x0, 0x7f, 0xf8, 0x0, 0x0, 0xfe, 0x0,

    /* U+0076 "v" */
    0x3, 0xf8, 0x0, 0x0, 0x0, 0x0, 0x7, 0xe0,
    0xf, 0xfe, 0x0, 0x0, 0x0, 0x0, 0x3f, 0xf8,
    0x1f, 0xff, 0x80, 0x0, 0x0, 0x0, 0x7f, 0xfc,
    0x3f, 0xff, 0x80, 0x0, 0x0, 0x0, 0xff, 0xfe,
    0x7f, 0xff, 0xc0, 0x0, 0x0, 0x0, 0xff, 0xfe,
    0x7f, 0xff, 0xe0, 0x0, 0x0, 0x1, 0xff, 0xff,
    0x7f, 0xff, 0xe0, 0x0, 0x0, 0x1, 0xff, 0xff,
    0x7f, 0xff, 0xe0, 0x0, 0x0, 0x3, 0xff, 0xff,
    0x7f, 0xff, 0xf0, 0x0, 0x0, 0x3, 0xff, 0xff,
    0x7f, 0xff, 0xf0, 0x0, 0x0, 0x7, 0xff, 0xff,
    0x7f, 0xff, 0xf8, 0x0, 0x0, 0x7, 0xff, 0xff,
    0x7f, 0xff, 0xf8, 0x0, 0x0, 0x7, 0xff, 0xfe,
    0x3f, 0xff, 0xf8, 0x0, 0x0, 0xf, 0xff, 0xfe,
    0x3f, 0xff, 0xfc, 0x0, 0x0, 0xf, 0xff, 0xfc,
    0x1f, 0xff, 0xfc, 0x0, 0x0, 0x1f, 0xff, 0xfc,
    0x1f, 0xff, 0xfe, 0x0, 0x0, 0x1f, 0xff, 0xfc,
    0x1f, 0xff, 0xfe, 0x0, 0x0, 0x1f, 0xff, 0xf8,
    0xf, 0xff, 0xfe, 0x0, 0x0, 0x3f, 0xff, 0xf8,
    0xf, 0xff, 0xff, 0x0, 0x0, 0x3f, 0xff, 0xf0,
    0x7, 0xff, 0xff, 0x0, 0x0, 0x7f, 0xff, 0xf0,
    0x7, 0xff, 0xff, 0x80, 0x0, 0x7f, 0xff, 0xe0,
    0x3, 0xff, 0xff, 0x80, 0x0, 0x7f, 0xff, 0xe0,
    0x3, 0xff, 0xff, 0x80, 0x0, 0xff, 0xff, 0xc0,
    0x3, 0xff, 0xff, 0xc0, 0x0, 0xff, 0xff, 0xc0,
    0x1, 0xff, 0xff, 0xc0, 0x1, 0xff, 0xff, 0xc0,
    0x1, 0xff, 0xff, 0xe0, 0x1, 0xff, 0xff, 0x80,
    0x0, 0xff, 0xff, 0xe0, 0x3, 0xff, 0xff, 0x80,
    0x0, 0xff, 0xff, 0xe0, 0x3, 0xff, 0xff, 0x0,
    0x0, 0x7f, 0xff, 0xf0, 0x3, 0xff, 0xff, 0x0,
    0x0, 0x7f, 0xff, 0xf0, 0x7, 0xff, 0xfe, 0x0,
    0x0, 0x3f, 0xff, 0xf8, 0x7, 0xff, 0xfe, 0x0,
    0x0, 0x3f, 0xff, 0xf8, 0xf, 0xff, 0xfc, 0x0,
    0x0, 0x3f, 0xff, 0xf8, 0xf, 0xff, 0xfc, 0x0,
    0x0, 0x1f, 0xff, 0xfc, 0xf, 0xff, 0xfc, 0x0,
    0x0, 0x1f, 0xff, 0xfc, 0x1f, 0xff, 0xf8, 0x0,
    0x0, 0xf, 0xff, 0xfc, 0x1f, 0xff, 0xf8, 0x0,
    0x0, 0xf, 0xff, 0xfe, 0x3f, 0xff, 0xf0, 0x0,
    0x0, 0x7, 0xff, 0xfe, 0x3f, 0xff, 0xf0, 0x0,
    0x0, 0x7, 0xff, 0xff, 0x3f, 0xff, 0xe0, 0x0,
    0x0, 0x7, 0xff, 0xff, 0x7f, 0xff, 0xe0, 0x0,
    0x0, 0x3, 0xff, 0xff, 0x7f, 0xff, 0xe0, 0x0,
    0x0, 0x3, 0xff, 0xff, 0xff, 0xff, 0xc0, 0x0,
    0x0, 0x1, 0xff, 0xff, 0xff, 0xff, 0xc0, 0x0,
    0x0, 0x1, 0xff, 0xff, 0xff, 0xff, 0x80, 0x0,
    0x0, 0x0, 0xff, 0xff, 0xff, 0xff, 0x80, 0x0,
    0x0, 0x0, 0xff, 0xff, 0xff, 0xff, 0x0, 0x0,
    0x0, 0x0, 0xff, 0xff, 0xff, 0xff, 0x0, 0x0,
    0x0, 0x0, 0x7f, 0xff, 0xff, 0xfe, 0x0, 0x0,
    0x0, 0x0, 0x7f, 0xff, 0xff, 0xfe, 0x0, 0x0,
    0x0, 0x0, 0x3f, 0xff, 0xff, 0xfe, 0x0, 0x0,
    0x0, 0x0, 0x3f, 0xff, 0xff, 0xfc, 0x0, 0x0,
    0x0, 0x0, 0x1f, 0xff, 0xff, 0xfc, 0x0, 0x0,
    0x0, 0x0, 0x1f, 0xff, 0xff, 0xf8, 0x0, 0x0,
    0x0, 0x0, 0x1f, 0xff, 0xff, 0xf8, 0x0, 0x0,
    0x0, 0x0, 0xf, 0xff, 0xff, 0xf0, 0x0, 0x0,
    0x0, 0x0, 0xf, 0xff, 0xff, 0xf0, 0x0, 0x0,
    0x0, 0x0, 0x7, 0xff, 0xff, 0xe0, 0x0, 0x0,
    0x0, 0x0, 0x7, 0xff, 0xff, 0xe0, 0x0, 0x0,
    0x0, 0x0, 0x3, 0xff, 0xff, 0xe0, 0x0, 0x0,
    0x0, 0x0, 0x3, 0xff, 0xff, 0xc0, 0x0, 0x0,
    0x0, 0x0, 0x1, 0xff, 0xff, 0x80, 0x0, 0x0,
    0x0, 0x0, 0x0, 0xff, 0xff, 0x80, 0x0, 0x0,
    0x0, 0x0, 0x0, 0x7f, 0xfe, 0x0, 0x0, 0x0,
    0x0, 0x0, 0x0, 0x3f, 0xfc, 0x0, 0x0, 0x0,
    0x0, 0x0, 0x0, 0xf, 0xf0, 0x0, 0x0, 0x0,

    /* U+0077 "w" */
    0x3, 0xf8, 0x0, 0x0, 0x0, 0x0, 0x7f, 0x0,
    0x0, 0x0, 0x0, 0x7, 0xe0, 0xf, 0xfe, 0x0,
    0x0, 0x0, 0x1, 0xff, 0xc0, 0x0, 0x0, 0x0,
    0x1f, 0xf8, 0x3f, 0xff, 0x0, 0x0, 0x0, 0x3,
    0xff, 0xe0, 0x0, 0x0, 0x0, 0x7f, 0xfc, 0x3f,
    0xff, 0x80, 0x0, 0x0, 0x3, 0xff, 0xf0, 0x0,
    0x0, 0x0, 0x7f, 0xfe, 0x7f, 0xff, 0x80, 0x0,
    0x0, 0x7, 0xff, 0xf0, 0x0, 0x0, 0x0, 0xff,
    0xfe, 0x7f, 0xff, 0xc0, 0x0, 0x0, 0x7, 0xff,
    0xf8, 0x0, 0x0, 0x1, 0xff, 0xff, 0xff, 0xff,
    0xc0, 0x0, 0x0, 0xf, 0xff, 0xf8, 0x0, 0x0,
    0x1, 0xff, 0xff, 0xff, 0xff, 0xe0, 0x0, 0x0,
    0xf, 0xff, 0xf8, 0x0, 0x0, 0x1, 0xff, 0xff,
    0xff, 0xff, 0xe0, 0x0, 0x0, 0x1f, 0xff, 0xfc,
    0x0, 0x0, 0x3, 0xff, 0xff, 0xff, 0xff, 0xe0,
    0x0, 0x0, 0x1f, 0xff, 0xfc, 0x0, 0x0, 0x3,
    0xff, 0xff, 0x7f, 0xff, 0xf0, 0x0, 0x0, 0x1f,
    0xff, 0xfe, 0x0, 0x0, 0x7, 0xff, 0xfe, 0x7f,
    0xff, 0xf0, 0x0, 0x0, 0x3f, 0xff, 0xfe, 0x0,
    0x0, 0x7, 0xff, 0xfe, 0x7f, 0xff, 0xf0, 0x0,
    0x0, 0x3f, 0xff, 0xfe, 0x0, 0x0, 0x7, 0xff,
    0xfe, 0x3f, 0xff, 0xf8, 0x0, 0x0, 0x3f, 0xff,
    0xff, 0x0, 0x0, 0xf, 0xff, 0xfc, 0x3f, 0xff,
    0xf8, 0x0, 0x0, 0x7f, 0xff, 0xff, 0x0, 0x0,
    0xf, 0xff, 0xfc, 0x1f, 0xff, 0xfc, 0x0, 0x0,
    0x7f, 0xff, 0xff, 0x0, 0x0, 0xf, 0xff, 0xfc,
    0x1f, 0xff, 0xfc, 0x0, 0x0, 0xff, 0xff, 0xff,
    0x80, 0x0, 0x1f, 0xff, 0xf8, 0x1f, 0xff, 0xfc,
    0x0, 0x0, 0xff, 0xff, 0xff, 0x80, 0x0, 0x1f,
    0xff, 0xf8, 0xf, 0xff, 0xfe, 0x0, 0x0, 0xff,
    0xff, 0xff, 0x80, 0x0, 0x1f, 0xff, 0xf0, 0xf,
    0xff, 0xfe, 0x0, 0x1, 0xff, 0xff, 0xff, 0xc0,
    0x0, 0x3f, 0xff, 0xf0, 0x7, 0xff, 0xfe, 0x0,
    0x1, 0xff, 0xff, 0xff, 0xc0, 0x0, 0x3f, 0xff,
    0xf0, 0x7, 0xff, 0xff, 0x0, 0x1, 0xff, 0xff,
    0xff, 0xe0, 0x0, 0x7f, 0xff, 0xe0, 0x7, 0xff,
    0xff, 0x0, 0x3, 0xff, 0xff, 0xff, 0xe0, 0x0,
    0x7f, 0xff, 0xe0, 0x3, 0xff, 0xff, 0x80, 0x3,
    0xff, 0xff, 0xff, 0xe0, 0x0, 0x7f, 0xff, 0xc0,
    0x3, 0xff, 0xff, 0x80, 0x7, 0xff, 0xff, 0xff,
    0xf0, 0x0, 0xff, 0xff, 0xc0, 0x1, 0xff, 0xff,
    0x80, 0x7, 0xff, 0xff, 0xff, 0xf0, 0x0, 0xff,
    0xff, 0xc0, 0x1, 0xff, 0xff, 0xc0, 0x7, 0xff,
    0xff, 0xff, 0xf0, 0x0, 0xff, 0xff, 0x80, 0x1,
    0xff, 0xff, 0xc0, 0xf, 0xff, 0xff, 0xff, 0xf8,
    0x1, 0xff, 0xff, 0x80, 0x0, 0xff, 0xff, 0xc0,
    0xf, 0xff, 0xff, 0xff, 0xf8, 0x1, 0xff, 0xff,
    0x0, 0x0, 0xff, 0xff, 0xe0, 0xf, 0xff, 0xef,
    0xff, 0xfc, 0x3, 0xff, 0xff, 0x0, 0x0, 0x7f,
    0xff, 0xe0, 0x1f, 0xff, 0xe7, 0xff, 0xfc, 0x3,
    0xff, 0xff, 0x0, 0x0, 0x7f, 0xff, 0xf0, 0x1f,
    0xff, 0xe7, 0xff, 0xfc, 0x3, 0xff, 0xfe, 0x0,
    0x0, 0x7f, 0xff, 0xf0, 0x3f, 0xff, 0xc7, 0xff,
    0xfe, 0x7, 0xff, 0xfe, 0x0, 0x0, 0x3f, 0xff,
    0xf0, 0x3f, 0xff, 0xc3, 0xff, 0xfe, 0x7, 0xff,
    0xfc, 0x0, 0x0, 0x3f, 0xff, 0xf8, 0x3f, 0xff,
    0xc3, 0xff, 0xfe, 0x7, 0xff, 0xfc, 0x0, 0x0,
    0x1f, 0xff, 0xf8, 0x7f, 0xff, 0x81, 0xff, 0xff,
    0xf, 0xff, 0xfc, 0x0, 0x0, 0x1f, 0xff, 0xfc,
    0x7f, 0xff, 0x81, 0xff, 0xff, 0xf, 0xff, 0xf8,
    0x0, 0x0, 0x1f, 0xff, 0xfc, 0x7f, 0xff, 0x1,
    0xff, 0xff, 0xf, 0xff, 0xf8, 0x0, 0x0, 0xf,
    0xff, 0xfc, 0xff, 0xff, 0x0, 0xff, 0xff, 0x9f,
    0xff, 0xf0, 0x0, 0x0, 0xf, 0xff, 0xfe, 0xff,
    0xff, 0x0, 0xff, 0xff, 0x9f, 0xff, 0xf0, 0x0,
    0x0, 0x7, 0xff, 0xff, 0xff, 0xfe, 0x0, 0x7f,
    0xff, 0xff, 0xff, 0xf0, 0x0, 0x0, 0x7, 0xff,
    0xff, 0xff, 0xfe, 0x0, 0x7f, 0xff, 0xff, 0xff,
    0xe0, 0x0, 0x0, 0x7, 0xff, 0xff, 0xff, 0xfe,
    0x0, 0x7f, 0xff, 0xff, 0xff, 0xe0, 0x0, 0x0,
    0x3, 0xff, 0xff, 0xff, 0xfc, 0x0, 0x3f, 0xff,
    0xff, 0xff, 0xc0, 0x0, 0x0, 0x3, 0xff, 0xff,
    0xff, 0xfc, 0x0, 0x3f, 0xff, 0xff, 0xff, 0xc0,
    0x0, 0x0, 0x1, 0xff, 0xff, 0xff, 0xf8, 0x0,
    0x1f, 0xff, 0xff, 0xff, 0xc0, 0x0, 0x0, 0x1,
    0xff, 0xff, 0xff, 0xf8, 0x0, 0x1f, 0xff, 0xff,
    0xff, 0x80, 0x0, 0x0, 0x1, 0xff, 0xff, 0xff,
    0xf8, 0x0, 0x1f, 0xff, 0xff, 0xff, 0x80, 0x0,
    0x0, 0x0, 0xff, 0xff, 0xff, 0xf0, 0x0, 0xf,
    0xff, 0xff, 0xff, 0x0, 0x0, 0x0, 0x0, 0xff,
    0xff, 0xff, 0xf0, 0x0, 0xf, 0xff, 0xff, 0xff,
    0x0, 0x0, 0x0, 0x0, 0x7f, 0xff, 0xff, 0xf0,
    0x0, 0xf, 0xff, 0xff, 0xff, 0x0, 0x0, 0x0,
    0x0, 0x7f, 0xff, 0xff, 0xe0, 0x0, 0x7, 0xff,
    0xff, 0xfe, 0x0, 0x0, 0x0, 0x0, 0x3f, 0xff,
    0xff, 0xe0, 0x0, 0x7, 0xff, 0xff, 0xfe, 0x0,
    0x0, 0x0, 0x0, 0x3f, 0xff, 0xff, 0xc0, 0x0,
    0x3, 0xff, 0xff, 0xfc, 0x0, 0x0, 0x0, 0x0,
    0x3f, 0xff, 0xff, 0xc0, 0x0, 0x3, 0xff, 0xff,
    0xfc, 0x0, 0x0, 0x0, 0x0, 0x1f, 0xff, 0xff,
    0xc0, 0x0, 0x3, 0xff, 0xff, 0xfc, 0x0, 0x0,
    0x0, 0x0, 0x1f, 0xff, 0xff, 0x80, 0x0, 0x1,
    0xff, 0xff, 0xf8, 0x0, 0x0, 0x0, 0x0, 0xf,
    0xff, 0xff, 0x80, 0x0, 0x1, 0xff, 0xff, 0xf8,
    0x0, 0x0, 0x0, 0x0, 0xf, 0xff, 0xff, 0x0,
    0x0, 0x0, 0xff, 0xff, 0xf0, 0x0, 0x0, 0x0,
    0x0, 0x7, 0xff, 0xff, 0x0, 0x0, 0x0, 0xff,
    0xff, 0xf0, 0x0, 0x0, 0x0, 0x0, 0x7, 0xff,
    0xfe, 0x0, 0x0, 0x0, 0x7f, 0xff, 0xe0, 0x0,
    0x0, 0x0, 0x0, 0x3, 0xff, 0xfc, 0x0, 0x0,
    0x0, 0x3f, 0xff, 0xc0, 0x0, 0x0, 0x0, 0x0,
    0x1, 0xff, 0xf8, 0x0, 0x0, 0x0, 0x1f, 0xff,
    0x80, 0x0, 0x0, 0x0, 0x0, 0x0, 0xff, 0xf0,
    0x0, 0x0, 0x0, 0xf, 0xff, 0x0, 0x0, 0x0,
    0x0, 0x0, 0x0, 0x1f, 0xc0, 0x0, 0x0, 0x0,
    0x3, 0xfc, 0x0, 0x0, 0x0,

    /* U+0078 "x" */
    0x3, 0xf8, 0x0, 0x0, 0x0, 0x3, 0xf8, 0x0,
    0xff, 0xe0, 0x0, 0x0, 0x0, 0xff, 0xe0, 0x1f,
    0xff, 0x80, 0x0, 0x0, 0x3f, 0xff, 0x3, 0xff,
    0xfc, 0x0, 0x0, 0x7, 0xff, 0xf8, 0x7f, 0xff,
    0xe0, 0x0, 0x0, 0xff, 0xff, 0xc7, 0xff, 0xff,
    0x0, 0x0, 0x1f, 0xff, 0xfc, 0x7f, 0xff, 0xf0,
    0x0, 0x1, 0xff, 0xff, 0xc7, 0xff, 0xff, 0x80,
    0x0, 0x3f, 0xff, 0xfc, 0x7f, 0xff, 0xfc, 0x0,
    0x7, 0xff, 0xff, 0xc7, 0xff, 0xff, 0xe0, 0x0,
    0xff, 0xff, 0xfc, 0x3f, 0xff, 0xff, 0x0, 0x1f,
    0xff, 0xff, 0x83, 0xff, 0xff, 0xf0, 0x1, 0xff,
    0xff, 0xf8, 0x1f, 0xff, 0xff, 0x80, 0x3f, 0xff,
    0xff, 0x0, 0xff, 0xff, 0xfc, 0x7, 0xff, 0xff,
    0xe0, 0x7, 0xff, 0xff, 0xe0, 0xff, 0xff, 0xfc,
    0x0, 0x3f, 0xff, 0xff, 0xf, 0xff, 0xff, 0x80,
    0x3, 0xff, 0xff, 0xf1, 0xff, 0xff, 0xf8, 0x0,
    0x1f, 0xff, 0xff, 0xbf, 0xff, 0xff, 0x0, 0x0,
    0xff, 0xff, 0xff, 0xff, 0xff, 0xe0, 0x0, 0x7,
    0xff, 0xff, 0xff, 0xff, 0xfc, 0x0, 0x0, 0x3f,
    0xff, 0xff, 0xff, 0xff, 0x80, 0x0, 0x1, 0xff,
    0xff, 0xff, 0xff, 0xf0, 0x0, 0x0, 0x1f, 0xff,
    0xff, 0xff, 0xff, 0x0, 0x0, 0x0, 0xff, 0xff,
    0xff, 0xff, 0xe0, 0x0, 0x0, 0x7, 0xff, 0xff,
    0xff, 0xfc, 0x0, 0x0, 0x0, 0x3f, 0xff, 0xff,
    0xff, 0x80, 0x0, 0x0, 0x1, 0xff, 0xff, 0xff,
    0xf0, 0x0, 0x0, 0x0, 0xf, 0xff, 0xff, 0xff,
    0x0, 0x0, 0x0, 0x0, 0xff, 0xff, 0xff, 0xe0,
    0x0, 0x0, 0x0, 0x7, 0xff, 0xff, 0xfc, 0x0,
    0x0, 0x0, 0x0, 0x3f, 0xff, 0xff, 0x80, 0x0,
    0x0, 0x0, 0x3, 0xff, 0xff, 0xf8, 0x0, 0x0,
    0x0, 0x0, 0x7f, 0xff, 0xff, 0xc0, 0x0, 0x0,
    0x0, 0x7, 0xff, 0xff, 0xfe, 0x0, 0x0, 0x0,
    0x0, 0xff, 0xff, 0xff, 0xe0, 0x0, 0x0, 0x0,
    0x1f, 0xff, 0xff, 0xff, 0x0, 0x0, 0x0, 0x3,
    0xff, 0xff, 0xff, 0xf8, 0x0, 0x0, 0x0, 0x7f,
    0xff, 0xff, 0xff, 0xc0, 0x0, 0x0, 0x7, 0xff,
    0xff, 0xff, 0xfe, 0x0, 0x0, 0x0, 0xff, 0xff,
    0xff, 0xff, 0xf0, 0x0, 0x0, 0x1f, 0xff, 0xff,
    0xff, 0xff, 0x80, 0x0, 0x3, 0xff, 0xff, 0xff,
    0xff, 0xf8, 0x0, 0x0, 0x7f, 0xff, 0xff, 0xff,
    0xff, 0xc0, 0x0, 0xf, 0xff, 0xff, 0xff, 0xff,
    0xfe, 0x0, 0x0, 0xff, 0xff, 0xfb, 0xff, 0xff,
    0xf0, 0x0, 0x1f, 0xff, 0xff, 0xbf, 0xff, 0xff,
    0x80, 0x3, 0xff, 0xff, 0xf1, 0xff, 0xff, 0xfc,
    0x0, 0x7f, 0xff, 0xfe, 0xf, 0xff, 0xff, 0xc0,
    0xf, 0xff, 0xff, 0xc0, 0x7f, 0xff, 0xfe, 0x0,
    0xff, 0xff, 0xf8, 0x3, 0xff, 0xff, 0xf0, 0x1f,
    0xff, 0xff, 0x80, 0x3f, 0xff, 0xff, 0x83, 0xff,
    0xff, 0xf0, 0x1, 0xff, 0xff, 0xfc, 0x7f, 0xff,
    0xfe, 0x0, 0xf, 0xff, 0xff, 0xe7, 0xff, 0xff,
    0xc0, 0x0, 0x7f, 0xff, 0xfe, 0xff, 0xff, 0xf8,
    0x0, 0x3, 0xff, 0xff, 0xff, 0xff, 0xff, 0x80,
    0x0, 0x1f, 0xff, 0xff, 0xff, 0xff, 0xf0, 0x0,
    0x1, 0xff, 0xff, 0xff, 0xff, 0xfe, 0x0, 0x0,
    0xf, 0xff, 0xff, 0xff, 0xff, 0xc0, 0x0, 0x0,
    0x7f, 0xff, 0xff, 0xff, 0xf8, 0x0, 0x0, 0x3,
    0xff, 0xff, 0x7f, 0xff, 0x80, 0x0, 0x0, 0x1f,
    0xff, 0xe3, 0xff, 0xe0, 0x0, 0x0, 0x0, 0xff,
    0xfc, 0x1f, 0xfc, 0x0, 0x0, 0x0, 0x7, 0xff,
    0x80, 0x7f, 0x0, 0x0, 0x0, 0x0, 0xf, 0xe0,

    /* U+0079 "y" */
    0x3, 0xf8, 0x0, 0x0, 0x0, 0x0, 0xf, 0xe0,
    0xf, 0xfe, 0x0, 0x0, 0x0, 0x0, 0x3f, 0xf8,
    0x3f, 0xff, 0x0, 0x0, 0x0, 0x0, 0x7f, 0xfc,
    0x3f, 0xff, 0x80, 0x0, 0x0, 0x0, 0xff, 0xfe,
    0x7f, 0xff, 0xc0, 0x0, 0x0, 0x0, 0xff, 0xfe,
    0x7f, 0xff, 0xc0, 0x0, 0x0, 0x1, 0xff, 0xff,
    0xff, 0xff, 0xe0, 0x0, 0x0, 0x3, 0xff, 0xff,
    0xff, 0xff, 0xe0, 0x0, 0x0, 0x3, 0xff, 0xff,
    0xff, 0xff, 0xf0, 0x0, 0x0, 0x3, 0xff, 0xff,
    0x7f, 0xff, 0xf0, 0x0, 0x0, 0x7, 0xff, 0xff,
    0x7f, 0xff, 0xf8, 0x0, 0x0, 0x7, 0xff, 0xff,
    0x7f, 0xff, 0xf8, 0x0, 0x0, 0xf, 0xff, 0xfe,
    0x7f, 0xff, 0xf8, 0x0, 0x0, 0xf, 0xff, 0xfe,
    0x3f, 0xff, 0xfc, 0x0, 0x0, 0xf, 0xff, 0xfc,
    0x3f, 0xff, 0xfc, 0x0, 0x0, 0x1f, 0xff, 0xfc,
    0x1f, 0xff, 0xfc, 0x0, 0x0, 0x1f, 0xff, 0xf8,
    0x1f, 0xff, 0xfe, 0x0, 0x0, 0x3f, 0xff, 0xf8,
    0xf, 0xff, 0xfe, 0x0, 0x0, 0x3f, 0xff, 0xf8,
    0xf, 0xff, 0xff, 0x0, 0x0, 0x3f, 0xff, 0xf0,
    0xf, 0xff, 0xff, 0x0, 0x0, 0x7f, 0xff, 0xf0,
    0x7, 0xff, 0xff, 0x0, 0x0, 0x7f, 0xff, 0xe0,
    0x7, 0xff, 0xff, 0x80, 0x0, 0xff, 0xff, 0xe0,
    0x3, 0xff, 0xff, 0x80, 0x0, 0xff, 0xff, 0xc0,
    0x3, 0xff, 0xff, 0xc0, 0x0, 0xff, 0xff, 0xc0,
    0x1, 0xff, 0xff, 0xc0, 0x1, 0xff, 0xff, 0x80,
    0x1, 0xff, 0xff, 0xc0, 0x1, 0xff, 0xff, 0x80,
    0x1, 0xff, 0xff, 0xe0, 0x3, 0xff, 0xff, 0x80,
    0x0, 0xff, 0xff, 0xe0, 0x3, 0xff, 0xff, 0x0,
    0x0, 0xff, 0xff, 0xf0, 0x7, 0xff, 0xff, 0x0,
    0x0, 0x7f, 0xff, 0xf0, 0x7, 0xff, 0xfe, 0x0,
    0x0, 0x7f, 0xff, 0xf0, 0x7, 0xff, 0xfe, 0x0,
    0x0, 0x3f, 0xff, 0xf8, 0xf, 0xff, 0xfc, 0x0,
    0x0, 0x3f, 0xff, 0xf8, 0xf, 0xff, 0xfc, 0x0,
    0x0, 0x3f, 0xff, 0xfc, 0x1f, 0xff, 0xf8, 0x0,
    0x0, 0x1f, 0xff, 0xfc, 0x1f, 0xff, 0xf8, 0x0,
    0x0, 0x1f, 0xff, 0xfc, 0x1f, 0xff, 0xf8, 0x0,
    0x0, 0xf, 0xff, 0xfe, 0x3f, 0xff, 0xf0, 0x0,
    0x0, 0xf, 0xff, 0xfe, 0x3f, 0xff, 0xf0, 0x0,
    0x0, 0x7, 0xff, 0xff, 0x7f, 0xff, 0xe0, 0x0,
    0x0, 0x7, 0xff, 0xff, 0x7f, 0xff, 0xe0, 0x0,
    0x0, 0x3, 0xff, 0xff, 0x7f, 0xff, 0xc0, 0x0,
    0x0, 0x3, 0xff, 0xff, 0xff, 0xff, 0xc0, 0x0,
    0x0, 0x3, 0xff, 0xff, 0xff, 0xff, 0xc0, 0x0,
    0x0, 0x1, 0xff, 0xff, 0xff, 0xff, 0x80, 0x0,
    0x0, 0x1, 0xff, 0xff, 0xff, 0xff, 0x80, 0x0,
    0x0, 0x0, 0xff, 0xff, 0xff, 0xff, 0x0, 0x0,
    0x0, 0x0, 0xff, 0xff, 0xff, 0xff, 0x0, 0x0,
    0x0, 0x0, 0x7f, 0xff, 0xff, 0xfe, 0x0, 0x0,
    0x0, 0x0, 0x7f, 0xff, 0xff, 0xfe, 0x0, 0x0,
    0x0, 0x0, 0x7f, 0xff, 0xff, 0xfc, 0x0, 0x0,
    0x0, 0x0, 0x3f, 0xff, 0xff, 0xfc, 0x0, 0x0,
    0x0, 0x0, 0x3f, 0xff, 0xff, 0xfc, 0x0, 0x0,
    0x0, 0x0, 0x1f, 0xff, 0xff, 0xf8, 0x0, 0x0,
    0x0, 0x0, 0x1f, 0xff, 0xff, 0xf8, 0x0, 0x0,
    0x0, 0x0, 0xf, 0xff, 0xff, 0xf0, 0x0, 0x0,
    0x0, 0x0, 0xf, 0xff, 0xff, 0xf0, 0x0, 0x0,
    0x0, 0x0, 0x7, 0xff, 0xff, 0xe0, 0x0, 0x0,
    0x0, 0x0, 0x7, 0xff, 0xff, 0xe0, 0x0, 0x0,
    0x0, 0x0, 0x7, 0xff, 0xff, 0xc0, 0x0, 0x0,
    0x0, 0x0, 0x3, 0xff, 0xff, 0xc0, 0x0, 0x0,
    0x0, 0x0, 0x3, 0xff, 0xff, 0xc0, 0x0, 0x0,
    0x0, 0x0, 0x3, 0xff, 0xff, 0x80, 0x0, 0x0,
    0x0, 0x0, 0x7, 0xff, 0xff, 0x80, 0x0, 0x0,
    0x0, 0x0, 0x7, 0xff, 0xff, 0x0, 0x0, 0x0,
    0x0, 0x0, 0xf, 0xff, 0xff, 0x0, 0x0, 0x0,
    0x0, 0x0, 0xf, 0xff, 0xfe, 0x0, 0x0, 0x0,
    0x0, 0x0, 0x1f, 0xff, 0xfe, 0x0, 0x0, 0x0,
    0x0, 0x0, 0x1f, 0xff, 0xfc, 0x0, 0x0, 0x0,
    0x0, 0x0, 0x1f, 0xff, 0xfc, 0x0, 0x0, 0x0,
    0x0, 0x0, 0x3f, 0xff, 0xfc, 0x0, 0x0, 0x0,
    0x0, 0x0, 0x3f, 0xff, 0xf8, 0x0, 0x0, 0x0,
    0x0, 0x0, 0x7f, 0xff, 0xf8, 0x0, 0x0, 0x0,
    0x0, 0x0, 0x7f, 0xff, 0xf0, 0x0, 0x0, 0x0,
    0x0, 0x0, 0xff, 0xff, 0xf0, 0x0, 0x0, 0x0,
    0x0, 0x0, 0xff, 0xff, 0xe0, 0x0, 0x0, 0x0,
    0x0, 0x1, 0xff, 0xff, 0xe0, 0x0, 0x0, 0x0,
    0x0, 0x1, 0xff, 0xff, 0xe0, 0x0, 0x0, 0x0,
    0x0, 0x1, 0xff, 0xff, 0xc0, 0x0, 0x0, 0x0,
    0x0, 0x3, 0xff, 0xff, 0xc0, 0x0, 0x0, 0x0,
    0x0, 0x3, 0xff, 0xff, 0x80, 0x0, 0x0, 0x0,
    0x0, 0x3, 0xff, 0xff, 0x80, 0x0, 0x0, 0x0,
    0x0, 0x3, 0xff, 0xff, 0x0, 0x0, 0x0, 0x0,
    0x0, 0x1, 0xff, 0xff, 0x0, 0x0, 0x0, 0x0,
    0x0, 0x1, 0xff, 0xfe, 0x0, 0x0, 0x0, 0x0,
    0x0, 0x1, 0xff, 0xfc, 0x0, 0x0, 0x0, 0x0,
    0x0, 0x0, 0xff, 0xfc, 0x0, 0x0, 0x0, 0x0,
    0x0, 0x0, 0x7f, 0xf0, 0x0, 0x0, 0x0, 0x0,
    0x0, 0x0, 0x1f, 0xc0, 0x0, 0x0, 0x0, 0x0,

    /* U+007A "z" */
    0xf, 0xff, 0xff, 0xff, 0xff, 0xff, 0x0, 0x7f,
    0xff, 0xff, 0xff, 0xff, 0xff, 0x81, 0xff, 0xff,
    0xff, 0xff, 0xff, 0xff, 0x83, 0xff, 0xff, 0xff,
    0xff, 0xff, 0xff, 0x8f, 0xff, 0xff, 0xff, 0xff,
    0xff, 0xff, 0x1f, 0xff, 0xff, 0xff, 0xff, 0xff,
    0xff, 0x3f, 0xff, 0xff, 0xff, 0xff, 0xff, 0xfe,
    0x7f, 0xff, 0xff, 0xff, 0xff, 0xff, 0xfc, 0xff,
    0xff, 0xff, 0xff, 0xff, 0xff, 0xf9, 0xff, 0xff,
    0xff, 0xff, 0xff, 0xff, 0xf1, 0xff, 0xff, 0xff,
    0xff, 0xff, 0xff, 0xe3, 0xff, 0xff, 0xff, 0xff,
    0xff, 0xff, 0x83, 0xff, 0xff, 0xff, 0xff, 0xff,
    0xff, 0x1, 0xff, 0xff, 0xff, 0xff, 0xff, 0xfc,
    0x0, 0x0, 0x0, 0x0, 0x7f, 0xff, 0xf8, 0x0,
    0x0, 0x0, 0x1, 0xff, 0xff, 0xe0, 0x0, 0x0,
    0x0, 0x7, 0xff, 0xff, 0x80, 0x0, 0x0, 0x0,
    0xf, 0xff, 0xfe, 0x0, 0x0, 0x0, 0x0, 0x3f,
    0xff, 0xf8, 0x0, 0x0, 0x0, 0x0, 0xff, 0xff,
    0xf0, 0x0, 0x0, 0x0, 0x3, 0xff, 0xff, 0xc0,
    0x0, 0x0, 0x0, 0xf, 0xff, 0xff, 0x0, 0x0,
    0x0, 0x0, 0x3f, 0xff, 0xfc, 0x0, 0x0, 0x0,
    0x0, 0x7f, 0xff, 0xf0, 0x0, 0x0, 0x0, 0x1,
    0xff, 0xff, 0xc0, 0x0, 0x0, 0x0, 0x7, 0xff,
    0xff, 0x80, 0x0, 0x0, 0x0, 0x1f, 0xff, 0xfe,
    0x0, 0x0, 0x0, 0x0, 0x7f, 0xff, 0xf8, 0x0,
    0x0, 0x0, 0x1, 0xff, 0xff, 0xe0, 0x0, 0x0,
    0x0, 0x3, 0xff, 0xff, 0x80, 0x0, 0x0, 0x0,
    0xf, 0xff, 0xfe, 0x0, 0x0, 0x0, 0x0, 0x3f,
    0xff, 0xfc, 0x0, 0x0, 0x0, 0x0, 0xff, 0xff,
    0xf0, 0x0, 0x0, 0x0, 0x3, 0xff, 0xff, 0xc0,
    0x0, 0x0, 0x0, 0xf, 0xff, 0xff, 0x0, 0x0,
    0x0, 0x0, 0x1f, 0xff, 0xfc, 0x0, 0x0, 0x0,
    0x0, 0x7f, 0xff, 0xf0, 0x0, 0x0, 0x0, 0x1,
    0xff, 0xff, 0xe0, 0x0, 0x0, 0x0, 0x7, 0xff,
    0xff, 0x80, 0x0, 0x0, 0x0, 0x1f, 0xff, 0xfe,
    0x0, 0x0, 0x0, 0x0, 0x3f, 0xff, 0xf8, 0x0,
    0x0, 0x0, 0x0, 0xff, 0xff, 0xe0, 0x0, 0x0,
    0x0, 0x3, 0xff, 0xff, 0x80, 0x0, 0x0, 0x0,
    0xf, 0xff, 0xff, 0x0, 0x0, 0x0, 0x0, 0x3f,
    0xff, 0xfc, 0x0, 0x0, 0x0, 0x0, 0xff, 0xff,
    0xf0, 0x0, 0x0, 0x0, 0x1, 0xff, 0xff, 0xc0,
    0x0, 0x0, 0x0, 0x7, 0xff, 0xff, 0x0, 0x0,
    0x0, 0x0, 0x1f, 0xff, 0xfc, 0x0, 0x0, 0x0,
    0x0, 0x7f, 0xff, 0xff, 0xff, 0xff, 0xff, 0xc0,
    0xff, 0xff, 0xff, 0xff, 0xff, 0xff, 0xe3, 0xff,
    0xff, 0xff, 0xff, 0xff, 0xff, 0xe7, 0xff, 0xff,
    0xff, 0xff, 0xff, 0xff, 0xcf, 0xff, 0xff, 0xff,
    0xff, 0xff, 0xff, 0xff, 0xff, 0xff, 0xff, 0xff,
    0xff, 0xff, 0xff, 0xff, 0xff, 0xff, 0xff, 0xff,
    0xff, 0xff, 0xff, 0xff, 0xff, 0xff, 0xff, 0xfe,
    0xff, 0xff, 0xff, 0xff, 0xff, 0xff, 0xfd, 0xff,
    0xff, 0xff, 0xff, 0xff, 0xff, 0xfb, 0xff, 0xff,
    0xff, 0xff, 0xff, 0xff, 0xe3, 0xff, 0xff, 0xff,
    0xff, 0xff, 0xff, 0xc3, 0xff, 0xff, 0xff, 0xff,
    0xff, 0xff, 0x1, 0xff, 0xff, 0xff, 0xff, 0xff,
    0xf8, 0x0,

    /* U+007B "{" */
    0x0, 0x0, 0x0, 0x3f, 0xff, 0xe0, 0x0, 0x0,
    0x1, 0xff, 0xff, 0xf8, 0x0, 0x0, 0x7, 0xff,
    0xff, 0xfc, 0x0, 0x0, 0xf, 0xff, 0xff, 0xfe,
    0x0, 0x0, 0x3f, 0xff, 0xff, 0xff, 0x0, 0x0,
    0x3f, 0xff, 0xff, 0xff, 0x0, 0x0, 0x7f, 0xff,
    0xff, 0xff, 0x0, 0x0, 0xff, 0xff, 0xff, 0xff,
    0x0, 0x0, 0xff, 0xff, 0xff, 0xff, 0x0, 0x1,
    0xff, 0xff, 0xff, 0xff, 0x0, 0x1, 0xff, 0xff,
    0xff, 0xfe, 0x0, 0x1, 0xff, 0xff, 0xff, 0xfe,
    0x0, 0x3, 0xff, 0xff, 0xff, 0xfc, 0x0, 0x3,
    0xff, 0xff, 0xff, 0xf0, 0x0, 0x3, 0xff, 0xff,
    0xe0, 0x0, 0x0, 0x3, 0xff, 0xff, 0xc0, 0x0,
    0x0, 0x3, 0xff, 0xff, 0xc0, 0x0, 0x0, 0x3,
    0xff, 0xff, 0x80, 0x0, 0x0, 0x3, 0xff, 0xff,
    0x80, 0x0, 0x0, 0x3, 0xff, 0xff, 0x80, 0x0,
    0x0, 0x3, 0xff, 0xff, 0x80, 0x0, 0x0, 0x3,
    0xff, 0xff, 0x80, 0x0, 0x0, 0x3, 0xff, 0xff,
    0x80, 0x0, 0x0, 0x3, 0xff, 0xff, 0x80, 0x0,
    0x0, 0x3, 0xff, 0xff, 0x80, 0x0, 0x0, 0x3,
    0xff, 0xff, 0x80, 0x0, 0x0, 0x3, 0xff, 0xff,
    0x80, 0x0, 0x0, 0x3, 0xff, 0xff, 0x80, 0x0,
    0x0, 0x3, 0xff, 0xff, 0x80, 0x0, 0x0, 0x3,
    0xff, 0xff, 0x80, 0x0, 0x0, 0x3, 0xff, 0xff,
    0x80, 0x0, 0x0, 0x3, 0xff, 0xff, 0x80, 0x0,
    0x0, 0x3, 0xff, 0xff, 0x80, 0x0, 0x0, 0x3,
    0xff, 0xff, 0x80, 0x0, 0x0, 0x3, 0xff, 0xff,
    0x80, 0x0, 0x0, 0x3, 0xff, 0xff, 0x80, 0x0,
    0x0, 0x3, 0xff, 0xff, 0x80, 0x0, 0x0, 0x3,
    0xff, 0xff, 0x80, 0x0, 0x0, 0x3, 0xff, 0xff,
    0x80, 0x0, 0x0, 0x3, 0xff, 0xff, 0x80, 0x0,
    0x0, 0x3, 0xff, 0xff, 0x80, 0x0, 0x0, 0x3,
    0xff, 0xff, 0x80, 0x0, 0x0, 0x3, 0xff, 0xff,
    0x80, 0x0, 0x0, 0x3, 0xff, 0xff, 0x80, 0x0,
    0x0, 0x7, 0xff, 0xff, 0x80, 0x0, 0x0, 0x7,
    0xff, 0xff, 0x80, 0x0, 0x0, 0xf, 0xff, 0xff,
    0x0, 0x0, 0x0, 0x1f, 0xff, 0xff, 0x0, 0x0,
    0x0, 0x3f, 0xff, 0xfe, 0x0, 0x0, 0xf, 0xff,
    0xff, 0xfe, 0x0, 0x0, 0x3f, 0xff, 0xff, 0xfc,
    0x0, 0x0, 0x7f, 0xff, 0xff, 0xfc, 0x0, 0x0,
    0x7f, 0xff, 0xff, 0xf8, 0x0, 0x0, 0xff, 0xff,
    0xff, 0xf0, 0x0, 0x0, 0xff, 0xff, 0xff, 0xe0,
    0x0, 0x0, 0xff, 0xff, 0xff, 0x80, 0x0, 0x0,
    0xff, 0xff, 0xfe, 0x0, 0x0, 0x0, 0xff, 0xff,
    0xff, 0xc0, 0x0, 0x0, 0xff, 0xff, 0xff, 0xe0,
    0x0, 0x0, 0xff, 0xff, 0xff, 0xf0, 0x0, 0x0,
    0x7f, 0xff, 0xff, 0xf8, 0x0, 0x0, 0x3f, 0xff,
    0xff, 0xfc, 0x0, 0x0, 0x3f, 0xff, 0xff, 0xfe,
    0x0, 0x0, 0xf, 0xff, 0xff, 0xfe, 0x0, 0x0,
    0x0, 0x3f, 0xff, 0xff, 0x0, 0x0, 0x0, 0x1f,
    0xff, 0xff, 0x0, 0x0, 0x0, 0xf, 0xff, 0xff,
    0x0, 0x0, 0x0, 0x7, 0xff, 0xff, 0x80, 0x0,
    0x0, 0x7, 0xff, 0xff, 0x80, 0x0, 0x0, 0x3,
    0xff, 0xff, 0x80, 0x0, 0x0, 0x3, 0xff, 0xff,
    0x80, 0x0, 0x0, 0x3, 0xff, 0xff, 0x80, 0x0,
    0x0, 0x3, 0xff, 0xff, 0x80, 0x0, 0x0, 0x3,
    0xff, 0xff, 0x80, 0x0, 0x0, 0x3, 0xff, 0xff,
    0x80, 0x0, 0x0, 0x3, 0xff, 0xff, 0x80, 0x0,
    0x0, 0x3, 0xff, 0xff, 0x80, 0x0, 0x0, 0x3,
    0xff, 0xff, 0x80, 0x0, 0x0, 0x3, 0xff, 0xff,
    0x80, 0x0, 0x0, 0x3, 0xff, 0xff, 0x80, 0x0,
    0x0, 0x3, 0xff, 0xff, 0x80, 0x0, 0x0, 0x3,
    0xff, 0xff, 0x80, 0x0, 0x0, 0x3, 0xff, 0xff,
    0x80, 0x0, 0x0, 0x3, 0xff, 0xff, 0x80, 0x0,
    0x0, 0x3, 0xff, 0xff, 0x80, 0x0, 0x0, 0x3,
    0xff, 0xff, 0x80, 0x0, 0x0, 0x3, 0xff, 0xff,
    0x80, 0x0, 0x0, 0x3, 0xff, 0xff, 0x80, 0x0,
    0x0, 0x3, 0xff, 0xff, 0x80, 0x0, 0x0, 0x3,
    0xff, 0xff, 0x80, 0x0, 0x0, 0x3, 0xff, 0xff,
    0x80, 0x0, 0x0, 0x3, 0xff, 0xff, 0x80, 0x0,
    0x0, 0x3, 0xff, 0xff, 0x80, 0x0, 0x0, 0x3,
    0xff, 0xff, 0x80, 0x0, 0x0, 0x3, 0xff, 0xff,
    0x80, 0x0, 0x0, 0x3, 0xff, 0xff, 0x80, 0x0,
    0x0, 0x3, 0xff, 0xff, 0xc0, 0x0, 0x0, 0x3,
    0xff, 0xff, 0xc0, 0x0, 0x0, 0x3, 0xff, 0xff,
    0xf0, 0x0, 0x0, 0x3, 0xff, 0xff, 0xff, 0xf0,
    0x0, 0x3, 0xff, 0xff, 0xff, 0xfc, 0x0, 0x1,
    0xff, 0xff, 0xff, 0xfe, 0x0, 0x1, 0xff, 0xff,
    0xff, 0xfe, 0x0, 0x1, 0xff, 0xff, 0xff, 0xff,
    0x0, 0x0, 0xff, 0xff, 0xff, 0xff, 0x0, 0x0,
    0xff, 0xff, 0xff, 0xff, 0x0, 0x0, 0x7f, 0xff,
    0xff, 0xff, 0x0, 0x0, 0x7f, 0xff, 0xff, 0xff,
    0x0, 0x0, 0x3f, 0xff, 0xff, 0xff, 0x0, 0x0,
    0x1f, 0xff, 0xff, 0xfe, 0x0, 0x0, 0x7, 0xff,
    0xff, 0xfc, 0x0, 0x0, 0x1, 0xff, 0xff, 0xf8,
    0x0, 0x0, 0x0, 0x3f, 0xff, 0xe0,

    /* U+007C "|" */
    0x3, 0xf8, 0x1, 0xff, 0xc0, 0xff, 0xfe, 0x1f,
    0xff, 0xc7, 0xff, 0xfc, 0xff, 0xff, 0xbf, 0xff,
    0xff, 0xff, 0xff, 0xff, 0xff, 0xff, 0xff, 0xff,
    0xff, 0xff, 0xff, 0xff, 0xff, 0xff, 0xff, 0xff,
    0xff, 0xff, 0xff, 0xff, 0xff, 0xff, 0xff, 0xff,
    0xff, 0xff, 0xff, 0xff, 0xff, 0xff, 0xff, 0xff,
    0xff, 0xff, 0xff, 0xff, 0xff, 0xff, 0xff, 0xff,
    0xff, 0xff, 0xff, 0xff, 0xff, 0xff, 0xff, 0xff,
    0xff, 0xff, 0xff, 0xff, 0xff, 0xff, 0xff, 0xff,
    0xff, 0xff, 0xff, 0xff, 0xff, 0xff, 0xff, 0xff,
    0xff, 0xff, 0xff, 0xff, 0xff, 0xff, 0xff, 0xff,
    0xff, 0xff, 0xff, 0xff, 0xff, 0xff, 0xff, 0xff,
    0xff, 0xff, 0xff, 0xff, 0xff, 0xff, 0xff, 0xff,
    0xff, 0xff, 0xff, 0xff, 0xff, 0xff, 0xff, 0xff,
    0xff, 0xff, 0xff, 0xff, 0xff, 0xff, 0xff, 0xff,
    0xff, 0xff, 0xff, 0xff, 0xff, 0xff, 0xff, 0xff,
    0xff, 0xff, 0xff, 0xff, 0xff, 0xff, 0xff, 0xff,
    0xff, 0xff, 0xff, 0xff, 0xff, 0xff, 0xff, 0xff,
    0xff, 0xff, 0xff, 0xff, 0xff, 0xff, 0xff, 0xff,
    0xff, 0xff, 0xff, 0xff, 0xff, 0xff, 0xff, 0xff,
    0xff, 0xff, 0xff, 0xff, 0xff, 0xff, 0xff, 0xff,
    0xff, 0xff, 0xff, 0xff, 0xff, 0xff, 0xff, 0xff,
    0xff, 0xff, 0xff, 0xff, 0xff, 0xff, 0xff, 0xff,
    0xff, 0xff, 0xff, 0xff, 0xff, 0xff, 0xff, 0xff,
    0xff, 0xff, 0xff, 0xff, 0xff, 0xff, 0xff, 0xff,
    0xff, 0xff, 0xff, 0xff, 0xff, 0xff, 0xff, 0xff,
    0xff, 0xff, 0xff, 0xff, 0xff, 0xff, 0xff, 0xff,
    0xff, 0xff, 0xff, 0xff, 0xff, 0xff, 0xff, 0xff,
    0xff, 0xff, 0xff, 0xff, 0xff, 0xff, 0xff, 0xff,
    0xff, 0xff, 0xff, 0xff, 0xff, 0xff, 0xff, 0xff,
    0xff, 0xff, 0xff, 0xff, 0xff, 0xff, 0xff, 0xff,
    0xff, 0xff, 0xff, 0xff, 0xff, 0xff, 0xff, 0xff,
    0xff, 0xff, 0xfe, 0xff, 0xff, 0x9f, 0xff, 0xf1,
    0xff, 0xfe, 0x3f, 0xff, 0x81, 0xff, 0xc0, 0xf,
    0xe0, 0x0,

    /* U+007D "}" */
    0x7, 0xff, 0xfc, 0x0, 0x0, 0x0, 0xf, 0xff,
    0xff, 0xc0, 0x0, 0x0, 0xf, 0xff, 0xff, 0xf8,
    0x0, 0x0, 0xf, 0xff, 0xff, 0xff, 0x0, 0x0,
    0xf, 0xff, 0xff, 0xff, 0xc0, 0x0, 0x7, 0xff,
    0xff, 0xff, 0xf0, 0x0, 0x3, 0xff, 0xff, 0xff,
    0xf8, 0x0, 0x1, 0xff, 0xff, 0xff, 0xfe, 0x0,
    0x0, 0xff, 0xff, 0xff, 0xff, 0x0, 0x0, 0x7f,
    0xff, 0xff, 0xff, 0xc0, 0x0, 0x1f, 0xff, 0xff,
    0xff, 0xe0, 0x0, 0xf, 0xff, 0xff, 0xff, 0xf0,
    0x0, 0x3, 0xff, 0xff, 0xff, 0xfc, 0x0, 0x0,
    0x7f, 0xff, 0xff, 0xfe, 0x0, 0x0, 0x0, 0x1f,
    0xff, 0xff, 0x0, 0x0, 0x0, 0x7, 0xff, 0xff,
    0x80, 0x0, 0x0, 0x3, 0xff, 0xff, 0xc0, 0x0,
    0x0, 0x0, 0xff, 0xff, 0xe0, 0x0, 0x0, 0x0,
    0x7f, 0xff, 0xf0, 0x0, 0x0, 0x0, 0x3f, 0xff,
    0xf8, 0x0, 0x0, 0x0, 0x1f, 0xff, 0xfc, 0x0,
    0x0, 0x0, 0xf, 0xff, 0xfe, 0x0, 0x0, 0x0,
    0x7, 0xff, 0xff, 0x0, 0x0, 0x0, 0x3, 0xff,
    0xff, 0x80, 0x0, 0x0, 0x1, 0xff, 0xff, 0xc0,
    0x0, 0x0, 0x0, 0xff, 0xff, 0xe0, 0x0, 0x0,
    0x0, 0x7f, 0xff, 0xf0, 0x0, 0x0, 0x0, 0x3f,
    0xff, 0xf8, 0x0, 0x0, 0x0, 0x1f, 0xff, 0xfc,
    0x0, 0x0, 0x0, 0xf, 0xff, 0xfe, 0x0, 0x0,
    0x0, 0x7, 0xff, 0xff, 0x0, 0x0, 0x0, 0x3,
    0xff, 0xff, 0x80, 0x0, 0x0, 0x1, 0xff, 0xff,
    0xc0, 0x0, 0x0, 0x0, 0xff, 0xff, 0xe0, 0x0,
    0x0, 0x0, 0x7f, 0xff, 0xf0, 0x0, 0x0, 0x0,
    0x3f, 0xff, 0xf8, 0x0, 0x0, 0x0, 0x1f, 0xff,
    0xfc, 0x0, 0x0, 0x0, 0xf, 0xff, 0xfe, 0x0,
    0x0, 0x0, 0x7, 0xff, 0xff, 0x0, 0x0, 0x0,
    0x3, 0xff, 0xff, 0x80, 0x0, 0x0, 0x1, 0xff,
    0xff, 0xc0, 0x0, 0x0, 0x0, 0xff, 0xff, 0xe0,
    0x0, 0x0, 0x0, 0x7f, 0xff, 0xf0, 0x0, 0x0,
    0x0, 0x3f, 0xff, 0xf8, 0x0, 0x0, 0x0, 0x1f,
    0xff, 0xfe, 0x0, 0x0, 0x0, 0xf, 0xff, 0xff,
    0x0, 0x0, 0x0, 0x3, 0xff, 0xff, 0xc0, 0x0,
    0x0, 0x1, 0xff, 0xff, 0xf0, 0x0, 0x0, 0x0,
    0x7f, 0xff, 0xfe, 0x0, 0x0, 0x0, 0x3f, 0xff,
    0xff, 0xfc, 0x0, 0x0, 0xf, 0xff, 0xff, 0xff,
    0x0, 0x0, 0x7, 0xff, 0xff, 0xff, 0xc0, 0x0,
    0x1, 0xff, 0xff, 0xff, 0xf0, 0x0, 0x0, 0x7f,
    0xff, 0xff, 0xf8, 0x0, 0x0, 0x1f, 0xff, 0xff,
    0xfc, 0x0, 0x0, 0x3, 0xff, 0xff, 0xfe, 0x0,
    0x0, 0x0, 0x7f, 0xff, 0xff, 0x80, 0x0, 0x0,
    0xff, 0xff, 0xff, 0x80, 0x0, 0x1, 0xff, 0xff,
    0xff, 0xc0, 0x0, 0x1, 0xff, 0xff, 0xff, 0xe0,
    0x0, 0x1, 0xff, 0xff, 0xff, 0xf0, 0x0, 0x1,
    0xff, 0xff, 0xff, 0xf0, 0x0, 0x1, 0xff, 0xff,
    0xff, 0xf0, 0x0, 0x0, 0xff, 0xff, 0xff, 0xe0,
    0x0, 0x0, 0xff, 0xff, 0xfe, 0x0, 0x0, 0x0,
    0x7f, 0xff, 0xfc, 0x0, 0x0, 0x0, 0x3f, 0xff,
    0xfc, 0x0, 0x0, 0x0, 0x3f, 0xff, 0xfc, 0x0,
    0x0, 0x0, 0x1f, 0xff, 0xfe, 0x0, 0x0, 0x0,
    0xf, 0xff, 0xfe, 0x0, 0x0, 0x0, 0x7, 0xff,
    0xff, 0x0, 0x0, 0x0, 0x3, 0xff, 0xff, 0x80,
    0x0, 0x0, 0x1, 0xff, 0xff, 0xc0, 0x0, 0x0,
    0x0, 0xff, 0xff, 0xe0, 0x0, 0x0, 0x0, 0x7f,
    0xff, 0xf0, 0x0, 0x0, 0x0, 0x3f, 0xff, 0xf8,
    0x0, 0x0, 0x0, 0x1f, 0xff, 0xfc, 0x0, 0x0,
    0x0, 0xf, 0xff, 0xfe, 0x0, 0x0, 0x0, 0x7,
    0xff, 0xff, 0x0, 0x0, 0x0, 0x3, 0xff, 0xff,
    0x80, 0x0, 0x0, 0x1, 0xff, 0xff, 0xc0, 0x0,
    0x0, 0x0, 0xff, 0xff, 0xe0, 0x0, 0x0, 0x0,
    0x7f, 0xff, 0xf0, 0x0, 0x0, 0x0, 0x3f, 0xff,
    0xf8, 0x0, 0x0, 0x0, 0x1f, 0xff, 0xfc, 0x0,
    0x0, 0x0, 0xf, 0xff, 0xfe, 0x0, 0x0, 0x0,
    0x7, 0xff, 0xff, 0x0, 0x0, 0x0, 0x3, 0xff,
    0xff, 0x80, 0x0, 0x0, 0x1, 0xff, 0xff, 0xc0,
    0x0, 0x0, 0x0, 0xff, 0xff, 0xe0, 0x0, 0x0,
    0x0, 0x7f, 0xff, 0xf0, 0x0, 0x0, 0x0, 0x3f,
    0xff, 0xf8, 0x0, 0x0, 0x0, 0x1f, 0xff, 0xfc,
    0x0, 0x0, 0x0, 0xf, 0xff, 0xfe, 0x0, 0x0,
    0x0, 0x7, 0xff, 0xff, 0x0, 0x0, 0x0, 0x3,
    0xff, 0xff, 0x80, 0x0, 0x0, 0x3, 0xff, 0xff,
    0xc0, 0x0, 0x0, 0x1, 0xff, 0xff, 0xe0, 0x0,
    0x0, 0x3, 0xff, 0xff, 0xf0, 0x0, 0x1, 0xff,
    0xff, 0xff, 0xf8, 0x0, 0x3, 0xff, 0xff, 0xff,
    0xfc, 0x0, 0x3, 0xff, 0xff, 0xff, 0xfc, 0x0,
    0x1, 0xff, 0xff, 0xff, 0xfe, 0x0, 0x1, 0xff,
    0xff, 0xff, 0xff, 0x0, 0x0, 0xff, 0xff, 0xff,
    0xff, 0x0, 0x0, 0x7f, 0xff, 0xff, 0xff, 0x80,
    0x0, 0x3f, 0xff, 0xff, 0xff, 0x80, 0x0, 0x1f,
    0xff, 0xff, 0xff, 0x80, 0x0, 0xf, 0xff, 0xff,
    0xff, 0xc0, 0x0, 0x3, 0xff, 0xff, 0xff, 0x80,
    0x0, 0x0, 0xff, 0xff, 0xff, 0x80, 0x0, 0x0,
    0x3f, 0xff, 0xff, 0x0, 0x0, 0x0, 0x7, 0xff,
    0xfc, 0x0, 0x0, 0x0, 0x0,

    /* U+007E "~" */
    0x0, 0x7, 0xf8, 0x0, 0x0, 0x0, 0x0, 0x0,
    0x1, 0xff, 0xfc, 0x0, 0x0, 0x0, 0x0, 0x0,
    0x3f, 0xff, 0xf8, 0x0, 0x0, 0x0, 0x0, 0x7,
    0xff, 0xff, 0xf0, 0x0, 0x0, 0x1f, 0x0, 0x7f,
    0xff, 0xff, 0xe0, 0x0, 0x1, 0xfe, 0x7, 0xff,
    0xff, 0xff, 0xc0, 0x0, 0x1f, 0xf8, 0x7f, 0xff,
    0xff, 0xff, 0x80, 0x1, 0xff, 0xc7, 0xff, 0xff,
    0xff, 0xff, 0x0, 0x1f, 0xff, 0x3f, 0xff, 0xff,
    0xff, 0xff, 0x3, 0xff, 0xfb, 0xff, 0xff, 0xff,
    0xff, 0xff, 0xff, 0xff, 0xdf, 0xff, 0xff, 0xff,
    0xff, 0xff, 0xff, 0xfd, 0xff, 0xff, 0xff, 0xff,
    0xff, 0xff, 0xff, 0xef, 0xff, 0xe0, 0x7f, 0xff,
    0xff, 0xff, 0xfe, 0x7f, 0xfc, 0x0, 0x7f, 0xff,
    0xff, 0xff, 0xe1, 0xff, 0xc0, 0x0, 0xff, 0xff,
    0xff, 0xff, 0xf, 0xfc, 0x0, 0x1, 0xff, 0xff,
    0xff, 0xf0, 0x3f, 0xc0, 0x0, 0x3, 0xff, 0xff,
    0xff, 0x0, 0xfc, 0x0, 0x0, 0x7, 0xff, 0xff,
    0xe0, 0x0, 0x0, 0x0, 0x0, 0xf, 0xff, 0xfe,
    0x0, 0x0, 0x0, 0x0, 0x0, 0x1f, 0xff, 0xc0,
    0x0, 0x0, 0x0, 0x0, 0x0, 0xf, 0xf0, 0x0,
    0x0
};


/*---------------------
 *  GLYPH DESCRIPTION
 *--------------------*/

static const lv_font_fmt_txt_glyph_dsc_t glyph_dsc[] = {
    {.bitmap_index = 0, .adv_w = 0, .box_w = 0, .box_h = 0, .ofs_x = 0, .ofs_y = 0} /* id = 0 reserved */,
    {.bitmap_index = 0, .adv_w = 0, .box_w = 1, .box_h = 1, .ofs_x = 0, .ofs_y = 0},
    {.bitmap_index = 1, .adv_w = 571, .box_w = 1, .box_h = 1, .ofs_x = 0, .ofs_y = 0},
    {.bitmap_index = 2, .adv_w = 571, .box_w = 1, .box_h = 1, .ofs_x = 0, .ofs_y = 0},
    {.bitmap_index = 3, .adv_w = 532, .box_w = 23, .box_h = 91, .ofs_x = 5, .ofs_y = 0},
    {.bitmap_index = 265, .adv_w = 985, .box_w = 49, .box_h = 40, .ofs_x = 6, .ofs_y = 51},
    {.bitmap_index = 510, .adv_w = 1229, .box_w = 66, .box_h = 93, .ofs_x = 5, .ofs_y = -2},
    {.bitmap_index = 1278, .adv_w = 1229, .box_w = 69, .box_h = 122, .ofs_x = 4, .ofs_y = -16},
    {.bitmap_index = 2331, .adv_w = 1954, .box_w = 113, .box_h = 96, .ofs_x = 5, .ofs_y = -3},
    {.bitmap_index = 3687, .adv_w = 1526, .box_w = 83, .box_h = 93, .ofs_x = 7, .ofs_y = -2},
    {.bitmap_index = 4652, .adv_w = 524, .box_w = 21, .box_h = 40, .ofs_x = 6, .ofs_y = 51},
    {.bitmap_index = 4757, .adv_w = 782, .box_w = 31, .box_h = 116, .ofs_x = 13, .ofs_y = -24},
    {.bitmap_index = 5207, .adv_w = 782, .box_w = 31, .box_h = 116, .ofs_x = 5, .ofs_y = -24},
    {.bitmap_index = 5657, .adv_w = 930, .box_w = 51, .box_h = 48, .ofs_x = 3, .ofs_y = 43},
    {.bitmap_index = 5963, .adv_w = 1229, .box_w = 65, .box_h = 64, .ofs_x = 6, .ofs_y = 4},
    {.bitmap_index = 6483, .adv_w = 532, .box_w = 22, .box_h = 38, .ofs_x = 6, .ofs_y = -18},
    {.bitmap_index = 6588, .adv_w = 901, .box_w = 42, .box_h = 15, .ofs_x = 7, .ofs_y = 27},
    {.bitmap_index = 6667, .adv_w = 532, .box_w = 22, .box_h = 21, .ofs_x = 6, .ofs_y = -1},
    {.bitmap_index = 6725, .adv_w = 678, .box_w = 45, .box_h = 106, .ofs_x = -1, .ofs_y = -9},
    {.bitmap_index = 7322, .adv_w = 1229, .box_w = 67, .box_h = 93, .ofs_x = 5, .ofs_y = -2},
    {.bitmap_index = 8101, .adv_w = 1229, .box_w = 62, .box_h = 91, .ofs_x = 11, .ofs_y = 0},
    {.bitmap_index = 8807, .adv_w = 1229, .box_w = 66, .box_h = 91, .ofs_x = 6, .ofs_y = 0},
    {.bitmap_index = 9558, .adv_w = 1229, .box_w = 65, .box_h = 92, .ofs_x = 5, .ofs_y = -1},
    {.bitmap_index = 10306, .adv_w = 1229, .box_w = 72, .box_h = 92, .ofs_x = 3, .ofs_y = -1},
    {.bitmap_index = 11134, .adv_w = 1229, .box_w = 65, .box_h = 91, .ofs_x = 8, .ofs_y = -1},
    {.bitmap_index = 11874, .adv_w = 1229, .box_w = 67, .box_h = 92, .ofs_x = 6, .ofs_y = -1},
    {.bitmap_index = 12645, .adv_w = 1229, .box_w = 67, .box_h = 91, .ofs_x = 5, .ofs_y = -1},
    {.bitmap_index = 13408, .adv_w = 1229, .box_w = 69, .box_h = 93, .ofs_x = 4, .ofs_y = -2},
    {.bitmap_index = 14211, .adv_w = 1229, .box_w = 67, .box_h = 92, .ofs_x = 4, .ofs_y = -1},
    {.bitmap_index = 14982, .adv_w = 532, .box_w = 22, .box_h = 64, .ofs_x = 6, .ofs_y = -1},
    {.bitmap_index = 15158, .adv_w = 532, .box_w = 22, .box_h = 81, .ofs_x = 6, .ofs_y = -18},
    {.bitmap_index = 15381, .adv_w = 1229, .box_w = 66, .box_h = 62, .ofs_x = 6, .ofs_y = 6},
    {.bitmap_index = 15893, .adv_w = 1229, .box_w = 65, .box_h = 39, .ofs_x = 6, .ofs_y = 17},
    {.bitmap_index = 16210, .adv_w = 1229, .box_w = 66, .box_h = 62, .ofs_x = 5, .ofs_y = 6},
    {.bitmap_index = 16722, .adv_w = 958, .box_w = 57, .box_h = 91, .ofs_x = 1, .ofs_y = 0},
    {.bitmap_index = 17371, .adv_w = 1950, .box_w = 109, .box_h = 112, .ofs_x = 6, .ofs_y = -21},
    {.bitmap_index = 18897, .adv_w = 1542, .box_w = 92, .box_h = 93, .ofs_x = 2, .ofs_y = -2},
    {.bitmap_index = 19967, .adv_w = 1423, .box_w = 74, .box_h = 90, .ofs_x = 9, .ofs_y = 0},
    {.bitmap_index = 20800, .adv_w = 1401, .box_w = 77, .box_h = 92, .ofs_x = 6, .ofs_y = -1},
    {.bitmap_index = 21686, .adv_w = 1585, .box_w = 84, .box_h = 90, .ofs_x = 9, .ofs_y = 0},
    {.bitmap_index = 22631, .adv_w = 1239, .box_w = 63, .box_h = 90, .ofs_x = 9, .ofs_y = 0},
    {.bitmap_index = 23340, .adv_w = 1167, .box_w = 62, .box_h = 92, .ofs_x = 9, .ofs_y = -2},
    {.bitmap_index = 24053, .adv_w = 1520, .box_w = 80, .box_h = 93, .ofs_x = 6, .ofs_y = -2},
    {.bitmap_index = 24983, .adv_w = 1597, .box_w = 82, .box_h = 92, .ofs_x = 9, .ofs_y = -1},
    {.bitmap_index = 25926, .adv_w = 608, .box_w = 20, .box_h = 92, .ofs_x = 9, .ofs_y = -1},
    {.bitmap_index = 26156, .adv_w = 762, .box_w = 41, .box_h = 92, .ofs_x = -2, .ofs_y = -1},
    {.bitmap_index = 26628, .adv_w = 1409, .box_w = 74, .box_h = 92, .ofs_x = 9, .ofs_y = -1},
    {.bitmap_index = 27479, .adv_w = 1174, .box_w = 63, .box_h = 91, .ofs_x = 9, .ofs_y = 0},
    {.bitmap_index = 28196, .adv_w = 1794, .box_w = 94, .box_h = 92, .ofs_x = 9, .ofs_y = -1},
    {.bitmap_index = 29277, .adv_w = 1542, .box_w = 78, .box_h = 92, .ofs_x = 9, .ofs_y = -1},
    {.bitmap_index = 30174, .adv_w = 1630, .box_w = 89, .box_h = 93, .ofs_x = 6, .ofs_y = -2},
    {.bitmap_index = 31209, .adv_w = 1360, .box_w = 73, .box_h = 91, .ofs_x = 9, .ofs_y = -2},
    {.bitmap_index = 32040, .adv_w = 1630, .box_w = 89, .box_h = 118, .ofs_x = 6, .ofs_y = -27},
    {.bitmap_index = 33353, .adv_w = 1425, .box_w = 74, .box_h = 91, .ofs_x = 9, .ofs_y = -1},
    {.bitmap_index = 34195, .adv_w = 1313, .box_w = 72, .box_h = 92, .ofs_x = 6, .ofs_y = -1},
    {.bitmap_index = 35023, .adv_w = 1294, .box_w = 82, .box_h = 91, .ofs_x = 0, .ofs_y = -1},
    {.bitmap_index = 35956, .adv_w = 1522, .box_w = 78, .box_h = 93, .ofs_x = 8, .ofs_y = -2},
    {.bitmap_index = 36863, .adv_w = 1489, .box_w = 90, .box_h = 93, .ofs_x = 2, .ofs_y = -2},
    {.bitmap_index = 37910, .adv_w = 2294, .box_w = 135, .box_h = 93, .ofs_x = 4, .ofs_y = -2},
    {.bitmap_index = 39480, .adv_w = 1403, .box_w = 78, .box_h = 92, .ofs_x = 5, .ofs_y = -1},
    {.bitmap_index = 40377, .adv_w = 1292, .box_w = 76, .box_h = 93, .ofs_x = 2, .ofs_y = -2},
    {.bitmap_index = 41261, .adv_w = 1260, .box_w = 73, .box_h = 90, .ofs_x = 5, .ofs_y = 0},
    {.bitmap_index = 42083, .adv_w = 772, .box_w = 34, .box_h = 113, .ofs_x = 13, .ofs_y = -23},
    {.bitmap_index = 42564, .adv_w = 678, .box_w = 45, .box_h = 106, .ofs_x = -1, .ofs_y = -9},
    {.bitmap_index = 43161, .adv_w = 772, .box_w = 34, .box_h = 113, .ofs_x = 1, .ofs_y = -23},
    {.bitmap_index = 43642, .adv_w = 1229, .box_w = 63, .box_h = 65, .ofs_x = 7, .ofs_y = 17},
    {.bitmap_index = 44154, .adv_w = 1024, .box_w = 61, .box_h = 11, .ofs_x = 1, .ofs_y = -11},
    {.bitmap_index = 44238, .adv_w = 795, .box_w = 24, .box_h = 31, .ofs_x = 13, .ofs_y = 69},
    {.bitmap_index = 44331, .adv_w = 1141, .box_w = 60, .box_h = 65, .ofs_x = 5, .ofs_y = -1},
    {.bitmap_index = 44819, .adv_w = 1249, .box_w = 66, .box_h = 92, .ofs_x = 7, .ofs_y = -1},
    {.bitmap_index = 45578, .adv_w = 979, .box_w = 55, .box_h = 65, .ofs_x = 4, .ofs_y = -1},
    {.bitmap_index = 46025, .adv_w = 1249, .box_w = 66, .box_h = 92, .ofs_x = 4, .ofs_y = -1},
    {.bitmap_index = 46784, .adv_w = 1124, .box_w = 62, .box_h = 66, .ofs_x = 4, .ofs_y = -1},
    {.bitmap_index = 47296, .adv_w = 782, .box_w = 52, .box_h = 93, .ofs_x = 1, .ofs_y = -2},
    {.bitmap_index = 47901, .adv_w = 1260, .box_w = 67, .box_h = 88, .ofs_x = 4, .ofs_y = -24},
    {.bitmap_index = 48638, .adv_w = 1219, .box_w = 62, .box_h = 92, .ofs_x = 7, .ofs_y = -1},
    {.bitmap_index = 49351, .adv_w = 549, .box_w = 22, .box_h = 94, .ofs_x = 6, .ofs_y = -1},
    {.bitmap_index = 49610, .adv_w = 559, .box_w = 35, .box_h = 117, .ofs_x = -6, .ofs_y = -24},
    {.bitmap_index = 50122, .adv_w = 1143, .box_w = 60, .box_h = 92, .ofs_x = 7, .ofs_y = -1},
    {.bitmap_index = 50812, .adv_w = 682, .box_w = 35, .box_h = 92, .ofs_x = 7, .ofs_y = -1},
    {.bitmap_index = 51215, .adv_w = 1821, .box_w = 99, .box_h = 65, .ofs_x = 8, .ofs_y = -1},
    {.bitmap_index = 52020, .adv_w = 1219, .box_w = 62, .box_h = 65, .ofs_x = 7, .ofs_y = -1},
    {.bitmap_index = 52524, .adv_w = 1206, .box_w = 66, .box_h = 65, .ofs_x = 4, .ofs_y = -1},
    {.bitmap_index = 53061, .adv_w = 1249, .box_w = 66, .box_h = 88, .ofs_x = 7, .ofs_y = -24},
    {.bitmap_index = 53787, .adv_w = 1249, .box_w = 66, .box_h = 88, .ofs_x = 4, .ofs_y = -24},
    {.bitmap_index = 54513, .adv_w = 844, .box_w = 45, .box_h = 65, .ofs_x = 7, .ofs_y = -1},
    {.bitmap_index = 54879, .adv_w = 1008, .box_w = 55, .box_h = 65, .ofs_x = 4, .ofs_y = -1},
    {.bitmap_index = 55326, .adv_w = 827, .box_w = 54, .box_h = 84, .ofs_x = -1, .ofs_y = -1},
    {.bitmap_index = 55893, .adv_w = 1208, .box_w = 61, .box_h = 65, .ofs_x = 7, .ofs_y = -1},
    {.bitmap_index = 56389, .adv_w = 1094, .box_w = 64, .box_h = 65, .ofs_x = 2, .ofs_y = -1},
    {.bitmap_index = 56909, .adv_w = 1763, .box_w = 104, .box_h = 65, .ofs_x = 3, .ofs_y = -1},
    {.bitmap_index = 57754, .adv_w = 1145, .box_w = 60, .box_h = 64, .ofs_x = 6, .ofs_y = -1},
    {.bitmap_index = 58234, .adv_w = 1092, .box_w = 64, .box_h = 88, .ofs_x = 2, .ofs_y = -24},
    {.bitmap_index = 58938, .adv_w = 983, .box_w = 55, .box_h = 63, .ofs_x = 5, .ofs_y = 0},
    {.bitmap_index = 59372, .adv_w = 848, .box_w = 48, .box_h = 113, .ofs_x = 4, .ofs_y = -23},
    {.bitmap_index = 60050, .adv_w = 618, .box_w = 19, .box_h = 115, .ofs_x = 10, .ofs_y = -24},
    {.bitmap_index = 60324, .adv_w = 848, .box_w = 49, .box_h = 113, .ofs_x = 1, .ofs_y = -23},
    {.bitmap_index = 61017, .adv_w = 1229, .box_w = 61, .box_h = 21, .ofs_x = 8, .ofs_y = 26}
};

/*---------------------
 *  CHARACTER MAPPING
 *--------------------*/

static const uint16_t unicode_list_0[] = {
    0x0, 0xd
};

/*Collect the unicode lists and glyph_id offsets*/
static const lv_font_fmt_txt_cmap_t cmaps[] =
{
    {
        .range_start = 0, .range_length = 14, .glyph_id_start = 1,
        .unicode_list = unicode_list_0, .glyph_id_ofs_list = NULL, .list_length = 2, .type = LV_FONT_FMT_TXT_CMAP_SPARSE_TINY
    },
    {
        .range_start = 32, .range_length = 95, .glyph_id_start = 3,
        .unicode_list = NULL, .glyph_id_ofs_list = NULL, .list_length = 0, .type = LV_FONT_FMT_TXT_CMAP_FORMAT0_TINY
    }
};

/*-----------------
 *    KERNING
 *----------------*/


/*Map glyph_ids to kern left classes*/
static const uint8_t kern_left_class_mapping[] =
{
    0, 0, 0, 0, 1, 0, 0, 0,
    0, 2, 0, 3, 0, 4, 0, 5,
    6, 5, 7, 0, 0, 0, 0, 0,
    0, 0, 0, 0, 0, 8, 8, 0,
    0, 0, 9, 10, 11, 12, 13, 10,
    14, 15, 16, 0, 0, 17, 18, 19,
    0, 0, 10, 20, 10, 21, 22, 23,
    24, 25, 25, 26, 27, 28, 3, 0,
    0, 0, 5, 0, 29, 30, 31, 32,
    33, 34, 35, 29, 32, 32, 36, 37,
    29, 29, 30, 30, 38, 39, 40, 41,
    35, 42, 42, 43, 42, 44, 3, 0,
    6, 0
};

/*Map glyph_ids to kern right classes*/
static const uint8_t kern_right_class_mapping[] =
{
    0, 0, 0, 0, 1, 2, 0, 0,
    3, 4, 2, 5, 6, 7, 0, 8,
    9, 8, 10, 0, 0, 0, 0, 0,
    0, 0, 0, 0, 0, 11, 11, 0,
    0, 0, 12, 13, 14, 15, 13, 15,
    15, 15, 13, 15, 15, 16, 15, 15,
    15, 15, 13, 15, 13, 15, 17, 18,
    19, 20, 20, 21, 22, 23, 5, 24,
    6, 0, 8, 0, 25, 26, 27, 27,
    27, 28, 27, 26, 26, 29, 26, 26,
    30, 30, 27, 30, 27, 30, 31, 32,
    33, 34, 34, 35, 34, 36, 9, 15,
    6, 0
};

/*Kern values between classes*/
static const int8_t kern_class_values[] =
{
    0, 0, 0, 0, 0, 6, -9, 0,
    -9, 12, 0, -3, 0, 0, 0, 27,
    0, -9, 0, -9, 0, -9, 0, 0,
    0, 0, 0, 0, 0, 0, 0, 0,
    0, 0, 0, 0, 0, 0, 0, 0,
    0, 0, 0, 0, 0, 0, 0, 0,
    0, 0, 0, 29, 0, -20, 0, -35,
    -13, -29, 0, 0, 6, 0, -13, 0,
    0, 0, 15, 0, 0, -15, 0, 0,
    6, 0, 0, 0, 0, 35, 0, 0,
    0, 35, 0, 29, -6, 0, 0, 0,
    0, 35, 0, 27, 9, 33, 18, 0,
    0, 0, -9, 0, 66, 0, 0, 0,
    0, 0, 0, 0, -9, 0, 0, 0,
    0, 0, 0, -47, -59, -97, -9, 9,
    0, -66, 0, -49, 0, 15, 0, 9,
    -12, 20, -6, 0, 0, 24, -24, 20,
    0, 0, -6, 20, 0, 20, 13, 0,
    0, 0, 0, 0, 0, 0, -50, 0,
    -42, 56, 0, -66, -35, 18, 0, 33,
    9, -60, -18, -50, 9, -62, 9, 0,
    -2, 0, -13, -18, 23, 0, 2, -27,
    -4, -42, 15, 0, -9, 0, 0, 0,
    0, 0, -59, -42, 0, 0, -17, -37,
    0, -15, 0, -26, -18, -43, 0, -46,
    -20, -49, 0, 0, 0, 0, 13, 0,
    0, 0, 6, 0, 0, -15, -19, -9,
    5, 0, 0, 0, 0, 35, 0, -91,
    -59, -42, -18, 44, -9, -18, 0, -35,
    0, 35, 0, 35, 9, 29, 12, 0,
    -53, 0, -53, 0, 0, -53, -53, -9,
    -53, -27, -44, -53, 0, 0, 0, 0,
    0, 0, -9, 0, -17, 47, 0, -9,
    0, 0, 0, 18, 0, -25, 0, -29,
    0, -35, 0, 0, 0, 0, 0, 6,
    23, 0, 0, 0, 0, 0, 0, 0,
    0, 0, 0, 0, 0, 11, 6, -74,
    -11, -9, 0, 16, 0, 0, 0, 0,
    0, 0, 0, 0, 0, 0, 0, 0,
    0, 0, 0, 0, 0, 0, 0, 0,
    0, 0, 0, 0, 0, 0, 0, 0,
    0, -6, 0, -35, 0, -9, 0, -8,
    0, -15, 0, -30, 0, -37, 0, -17,
    -26, -37, -13, 0, 0, 0, 0, 0,
    22, 0, 0, 0, 0, 0, 0, 0,
    0, 0, 0, 0, 0, 0, -66, 18,
    -15, 27, 0, -54, -15, 0, 0, 18,
    -8, -70, -4, -56, -12, -58, -9, 0,
    0, 0, -4, -11, 0, 0, -8, -15,
    0, -26, -21, -3, 0, 0, 0, 0,
    0, 0, 0, -6, 3, 0, 0, 0,
    0, -3, 0, -3, 0, -9, 0, -9,
    -7, -11, 0, 0, 0, 0, 0, 0,
    0, 0, 0, 0, 0, 0, 0, 0,
    0, 0, 0, -21, 0, 0, 0, 9,
    -31, 15, 0, 18, -21, -12, 0, 0,
    -15, -9, 0, -17, -12, -12, -8, 0,
    -17, 0, -31, -24, 0, 0, -9, -24,
    -12, -24, -9, -17, 0, 0, 0, 0,
    0, 6, 0, 9, -3, 28, 0, 7,
    0, -11, 0, 13, -9, 0, 0, 0,
    -3, 0, 0, 0, -3, 0, -2, -4,
    0, 0, -3, -4, 0, -6, 0, 0,
    6, 0, 0, 0, 0, 15, 0, -28,
    -8, -20, 0, 9, -9, -47, 0, -48,
    -16, 11, 0, 9, -9, 3, -9, 0,
    -18, 35, -15, 0, 0, -9, -12, 0,
    -12, -4, -12, -31, 0, 0, 0, 0,
    0, 0, 0, 0, 0, 0, 0, 0,
    0, 0, 0, 0, 0, -12, 0, -9,
    -4, -13, 0, 0, 0, 0, 0, 0,
    0, 0, 0, 0, 0, 0, 0, 0,
    0, 0, 0, 0, 0, 0, 0, -13,
    0, 0, 0, 0, 0, 0, 0, -18,
    0, 0, 0, 0, 0, 0, 0, 0,
    0, 0, 0, 0, 0, 0, 0, 0,
    0, 0, 0, 0, 27, 0, 0, 0,
    0, 9, -15, 15, -30, 29, 0, 12,
    -24, -20, 0, 27, -18, -33, -9, -20,
    -9, -15, 4, 0, 0, 29, -12, -12,
    0, 0, -9, -17, -9, -28, -30, -12,
    0, 0, 0, 0, 0, 0, -56, 12,
    -29, 37, 0, -70, -35, -11, 0, 35,
    -12, -117, -26, -95, -18, -105, 0, 0,
    0, 0, -4, -15, 0, 0, 0, -29,
    -9, -42, -18, 0, 11, 0, 0, -12,
    0, -9, 6, -48, -24, -50, -3, 6,
    -3, -66, 0, -59, 0, -15, 0, 0,
    -27, -2, -18, 0, -19, 0, -24, 0,
    0, -9, -22, 15, -8, 7, -13, -18,
    0, 0, 0, 0, 0, 0, 0, 0,
    -17, 18, 0, 0, -4, -12, 0, 6,
    -3, -18, 0, -12, -9, -8, -3, 0,
    -6, 0, -12, 0, 0, 0, -9, 0,
    0, -3, -6, -9, 0, 0, 0, 0,
    0, 0, -19, -9, 6, 4, 0, 0,
    0, -6, 0, -6, 0, -13, 0, -12,
    -9, -17, -8, 0, 0, 0, 0, -6,
    0, 0, -3, -6, 0, -8, -3, -3,
    6, 0, 0, -20, 0, 35, 15, -60,
    -43, -44, -25, 20, -37, -70, 0, -52,
    -19, 12, 0, 15, 0, 13, -2, 0,
    -70, 47, -70, -31, 0, -70, -70, -33,
    -68, -68, -70, -70, 0, 0, 0, 0,
    0, 0, 0, -18, 0, -9, 0, 0,
    0, -4, 0, -20, 0, 0, 0, 0,
    -6, 0, 0, 0, 0, 0, 0, 0,
    0, 0, 0, 0, 0, 0, 0, 0,
    12, 0, 0, -35, 0, 27, 9, -50,
    -46, -18, -35, 15, -17, -56, 0, -52,
    -12, 15, 0, 0, -13, 3, 0, 0,
    -55, 42, -58, -17, 0, -52, -58, -15,
    -44, -28, -53, -49, 19, 0, 0, 0,
    0, 9, -12, 9, -20, 18, 0, 6,
    -26, -12, 0, 18, -9, 0, -6, -13,
    0, -2, 0, 0, 0, 23, -8, -19,
    0, 0, -8, -21, 0, -27, -22, -18,
    48, 0, 0, -9, 0, 33, 20, -62,
    -49, -20, -35, 35, -37, -58, 38, -40,
    -19, 17, 0, 3, 0, 6, 0, 0,
    -70, 0, -75, -33, 0, -70, -73, -35,
    -68, -66, -71, -73, 0, 0, 0, 0,
    0, 18, -6, 9, -18, 20, 0, 6,
    -13, -9, 0, 18, -8, 0, 0, -11,
    0, 0, 0, 0, -9, 0, -13, -9,
    0, 0, -9, -18, -9, -28, -13, -21,
    0, 0, 0, 0, 0, 0, -15, 0,
    0, 0, 0, -12, 0, 0, 0, 0,
    0, 0, 0, 0, 0, 0, 0, 0,
    0, 0, 0, 0, 0, 0, 0, 0,
    0, -4, 0, 0, 0, 0, 0, 0,
    0, -9, -24, -13, 13, 0, 0, -22,
    0, 0, 0, 0, 0, 0, 0, 0,
    0, 0, 0, 0, 0, 0, 0, -4,
    0, 0, 0, -4, 0, -11, -12, -8,
    0, 0, 0, 0, 0, 9, 0, 9,
    -9, 11, 6, 0, 0, 0, 0, 0,
    0, 0, 0, 0, 0, 0, 0, 0,
    -2, 0, -9, 3, 0, 0, 0, 3,
    0, 9, 18, 0, 0, 0, 0, 0,
    0, 0, 24, 0, 0, 0, 0, 0,
    0, 0, 0, 0, 0, 0, 0, 0,
    0, 0, 0, 0, 0, 0, 0, 0,
    0, 0, 0, 0, 0, 0, 0, 0,
    0, 0, 0, 0, 0, -9, -18, 0,
    12, 11, 0, -9, 0, 0, 0, 0,
    0, 0, 0, 0, 0, 0, 0, 0,
    0, 0, 0, -3, 0, 0, 0, -3,
    0, -8, -2, -9, 24, 0, 0, -6,
    0, 48, 28, -24, -6, 0, 6, 44,
    0, 0, 0, 0, 0, 0, 0, 0,
    0, 0, 0, 0, -4, 0, -11, -24,
    0, 0, -4, -27, 0, -11, -20, -9,
    0, 0, 0, 0, 0, 0, 0, 0,
    0, 0, 0, -9, 0, 0, 0, 0,
    0, 0, 0, 0, 0, 0, 0, 0,
    0, 0, 0, 0, 0, 0, 0, 0,
    0, 0, 0, 0, 0, 0, 0, 0,
    0, 0, 7, 12, -24, 18, 0, -15,
    0, 0, 0, 0, 0, 0, 0, 0,
    0, 0, 0, 0, -4, 0, -7, 0,
    0, 0, -6, -15, 0, -17, -18, -4,
    0, -44, -20, -2, -9, 53, -36, 9,
    -3, 28, 0, -20, -6, 0, 0, 0,
    0, 0, 0, 0, 0, 0, 0, -15,
    0, 0, -4, -11, 0, 0, -4, -13,
    0, -12, 0, 0, 0, 0, 0, 0,
    0, 0, 0, 0, 0, 0, 0, 0,
    0, 0, 0, 0, 0, 0, 0, 0,
    0, 0, 0, 0, 0, 0, 0, 0,
    12, 0, 0, 0, 0, 0, 0, 0,
    12, 0, 0, -15, 0, 12, 35, -21,
    -16, -15, 15, 0, 0, 0, 0, 0,
    0, 0, 0, 0, 0, 0, 0, 0,
    -4, 0, -8, 26, 0, 0, -4, 26,
    0, 27, 4, 6, 0, 0, 0, 0,
    0, 0, -6, -4, 0, 0, 0, -9,
    0, 0, 0, 0, 0, 0, 0, 0,
    0, 0, 0, 0, 0, 0, 0, 0,
    0, 0, 0, -4, 0, -9, -4, -4,
    3, 0, 0, 0, 0, 71, 19, 18,
    -2, 44, 3, 6, 0, 0, 0, 0,
    0, 0, 0, 0, 0, 0, 0, 0,
    0, 13, -4, -4, 0, 0, 0, -32,
    0, 8, 9, 3, 0, 0, 0, -6,
    0, 0, 20, -42, -15, -20, 0, -15,
    0, 0, 0, 0, 0, 0, 0, 0,
    0, 0, 0, 0, -9, 0, -11, 8,
    0, 0, -9, 15, 0, 38, -9, -8,
    0, 0, 0, 0, 0, 0, 13, 15,
    -19, 15, 0, -24, 0, 0, 0, 0,
    0, 0, 0, 0, 0, 0, 0, 0,
    -2, 0, -12, 0, 0, 0, -4, 0,
    0, -9, 0, -4, 0, 0, 0, 0,
    0, 0, 0, 0, -26, 0, 0, -24,
    0, 0, 0, 0, 0, 0, 0, 0,
    0, 0, 0, 0, -4, 0, -9, 0,
    0, 0, -4, 0, 0, -8, -4, 0
};


/*Collect the kern class' data in one place*/
static const lv_font_fmt_txt_kern_classes_t kern_classes =
{
    .class_pair_values   = kern_class_values,
    .left_class_mapping  = kern_left_class_mapping,
    .right_class_mapping = kern_right_class_mapping,
    .left_class_cnt      = 44,
    .right_class_cnt     = 36,
};

/*--------------------
 *  ALL CUSTOM DATA
 *--------------------*/

#if LVGL_VERSION_MAJOR == 8
/*Store all the custom data of the font*/
static  lv_font_fmt_txt_glyph_cache_t cache;
#endif

#if LVGL_VERSION_MAJOR >= 8
static const lv_font_fmt_txt_dsc_t font_dsc = {
#else
static lv_font_fmt_txt_dsc_t font_dsc = {
#endif
    .glyph_bitmap = glyph_bitmap,
    .glyph_dsc = glyph_dsc,
    .cmaps = cmaps,
    .kern_dsc = &kern_classes,
    .kern_scale = 37,
    .cmap_num = 2,
    .bpp = 1,
    .kern_classes = 1,
    .bitmap_format = 0,
#if LVGL_VERSION_MAJOR == 8
    .cache = &cache
#endif

};



/*-----------------
 *  PUBLIC FONT
 *----------------*/

/*Initialize a public general font descriptor*/
#if LVGL_VERSION_MAJOR >= 8
const lv_font_t nunito_128 = {
#else
lv_font_t nunito_128 = {
#endif
    .get_glyph_dsc = lv_font_get_glyph_dsc_fmt_txt,    /*Function pointer to get glyph's data*/
    .get_glyph_bitmap = lv_font_get_bitmap_fmt_txt,    /*Function pointer to get glyph's bitmap*/
    .line_height = 133,          /*The maximum line height required by the font*/
    .base_line = 27,             /*Baseline measured from the bottom of the line*/
#if !(LVGL_VERSION_MAJOR == 6 && LVGL_VERSION_MINOR == 0)
    .subpx = LV_FONT_SUBPX_NONE,
#endif
#if LV_VERSION_CHECK(7, 4, 0) || LVGL_VERSION_MAJOR >= 8
    .underline_position = -10,
    .underline_thickness = 4,
#endif
    .static_bitmap = 0,
    .dsc = &font_dsc,          /*The custom font data. Will be accessed by `get_glyph_bitmap/dsc` */
#if LV_VERSION_CHECK(8, 2, 0) || LVGL_VERSION_MAJOR >= 9
    .fallback = NULL,
#endif
    .user_data = NULL,
};



#endif /*#if NUNITO_128*/
